{
  "Version": 3,
  "Meta": {
    "Duration": 8.07,
    "Fps": 30.0,
    "Loop": true,
    "AreBeziersRestricted": true,
    "CurveCount": 134,
    "TotalSegmentCount": 422,
    "TotalPointCount": 478,
    "UserDataCount": 0,
    "TotalUserDataSize": 0
  },
  "Curves": [
    {
      "Target": "Parameter",
      "Id": "PARAM_ANGLE_X",
      "Segments": [
        0,
        -4,
        0,
        0.233,
        0,
        0,
        0.467,
        -8,
        0,
        0.7,
        2.52,
        0,
        0.933,
        -3.88,
        2,
        4.767,
        -3.88,
        2,
        6.167,
        -3.88,
        1,
        6.256,
        -3.88,
        6.344,
        -7.33,
        6.433,
        -8,
        1,
        6.6,
        -9.256,
        6.766,
        -9.363,
        6.933,
        -9.363,
        1,
        7.089,
        -9.363,
        7.244,
        -9.298,
        7.4,
        -8,
        1,
        7.622,
        -6.146,
        7.845,
        -4,
        8.067,
        -4
      ]
    },
    {
      "Target": "Parameter",
      "Id": "PARAM_ANGLE_Y",
      "Segments": [
        0,
        -8,
        0,
        0.333,
        -20.76,
        1,
        0.5,
        -20.76,
        0.666,
        -2.666,
        0.833,
        16,
        1,
        0.944,
        28.444,
        1.056,
        30,
        1.167,
        30,
        0,
        3.333,
        0,
        2,
        4.667,
        0,
        0,
        5.067,
        -30,
        0,
        6.433,
        -13,
        2,
        7.4,
        -13,
        0,
        8.067,
        -8
      ]
    },
    {
      "Target": "Parameter",
      "Id": "PARAM_ANGLE_Z",
      "Segments": [
        0,
        -8,
        0,
        4.767,
        -0.56,
        0,
        5.167,
        -14,
        0,
        6.067,
        4,
        0,
        6.433,
        -21,
        0,
        6.867,
        -16.078,
        0,
        7.4,
        -21,
        0,
        8.067,
        -8
      ]
    },
    {
      "Target": "Parameter",
      "Id": "PARAM_BODY_ANGLE_X",
      "Segments": [
        0,
        -0.047,
        0,
        0.167,
        2,
        0,
        0.4,
        -2,
        0,
        0.633,
        1,
        0,
        0.867,
        -1,
        0,
        3.333,
        0,
        2,
        4.667,
        0,
        0,
        5.167,
        -1.98,
        0,
        5.5,
        0,
        0,
        5.833,
        -1.98,
        0,
        6.167,
        0,
        0,
        7.4,
        -1,
        0,
        8.067,
        -0.047
      ]
    },
    {
      "Target": "Parameter",
      "Id": "PARAM_BODY_ANGLE_Y",
      "Segments": [
        0,
        0,
        0,
        0.167,
        -2,
        0,
        0.667,
        10,
        2,
        1.167,
        10,
        0,
        3.333,
        -5,
        2,
        4.667,
        -5,
        0,
        5.067,
        3,
        2,
        5.4,
        3,
        2,
        5.733,
        3,
        2,
        6.067,
        3,
        2,
        6.4,
        3,
        2,
        7.4,
        3,
        0,
        8.067,
        0
      ]
    },
    {
      "Target": "Parameter",
      "Id": "PARAM_BODY_ANGLE_Z",
      "Segments": [
        0,
        0,
        0,
        3.333,
        1,
        2,
        4.667,
        1,
        0,
        5.067,
        -0.96,
        0,
        5.4,
        -0.48,
        0,
        5.733,
        -0.96,
        0,
        6.067,
        -0.48,
        1,
        6.178,
        -0.48,
        6.289,
        -0.712,
        6.4,
        -0.96,
        1,
        6.733,
        -1.705,
        7.067,
        -2,
        7.4,
        -2,
        0,
        8.067,
        0
      ]
    },
    {
      "Target": "Parameter",
      "Id": "PARAM_UPPER_BODY",
      "Segments": [
        0,
        0,
        2,
        3.333,
        0,
        2,
        4.667,
        0,
        0,
        5.067,
        -0.994,
        0,
        5.4,
        -0.48,
        0,
        5.733,
        -0.994,
        0,
        6.067,
        -0.48,
        1,
        6.178,
        -0.48,
        6.289,
        -0.992,
        6.4,
        -0.994,
        1,
        6.733,
        -0.999,
        7.067,
        -1,
        7.4,
        -1,
        0,
        8.067,
        0
      ]
    },
    {
      "Target": "Parameter",
      "Id": "PARAM_LEFT_ARM",
      "Segments": [
        0,
        0.349,
        0,
        0.167,
        0.443,
        1,
        0.267,
        0.443,
        0.367,
        0.387,
        0.467,
        0.267,
        1,
        0.534,
        0.187,
        0.6,
        0.142,
        0.667,
        0.142,
        2,
        3.333,
        0.142,
        2,
        4.667,
        0.142,
        0,
        6.267,
        0.175,
        0,
        7.4,
        0.142,
        0,
        7.633,
        0.494,
        0,
        8.067,
        0.349
      ]
    },
    {
      "Target": "Parameter",
      "Id": "PARAM_ARM_L",
      "Segments": [
        0,
        -1,
        2,
        0.167,
        -1,
        0,
        0.767,
        2.966,
        2,
        3.333,
        2.966,
        2,
        4.667,
        2.966,
        2,
        7.4,
        2.966,
        0,
        7.9,
        -1,
        2,
        8.067,
        -1
      ]
    },
    {
      "Target": "Parameter",
      "Id": "PARAM_TOUSHI_L",
      "Segments": [
        0,
        0,
        0,
        0.467,
        1,
        2,
        0.667,
        1,
        2,
        3.333,
        1,
        2,
        4.667,
        1,
        2,
        7.4,
        1,
        2,
        7.533,
        1,
        2,
        7.667,
        1,
        0,
        8.067,
        0
      ]
    },
    {
      "Target": "Parameter",
      "Id": "PARAM_ARM_L_02",
      "Segments": [
        0,
        0.9,
        0,
        0.667,
        0.166,
        2,
        3.333,
        0.166,
        2,
        4.667,
        0.166,
        2,
        7.4,
        0.166,
        1,
        7.478,
        0.166,
        7.555,
        0.141,
        7.633,
        0.212,
        1,
        7.778,
        0.344,
        7.922,
        0.9,
        8.067,
        0.9
      ]
    },
    {
      "Target": "Parameter",
      "Id": "PARAM_HAND_L",
      "Segments": [
        0,
        0,
        2,
        0.333,
        0,
        0,
        0.367,
        0.5,
        2,
        7.667,
        0.5,
        0,
        7.733,
        0,
        2,
        8.067,
        0
      ]
    },
    {
      "Target": "Parameter",
      "Id": "PARAM_HAND_L2",
      "Segments": [
        0,
        0,
        2,
        0.333,
        0,
        2,
        0.367,
        1,
        2,
        7.667,
        1,
        0,
        7.733,
        0,
        2,
        8.067,
        0
      ]
    },
    {
      "Target": "Parameter",
      "Id": "PARAM_HAND_L_02",
      "Segments": [
        0,
        0,
        0,
        0.367,
        -1,
        2,
        7.667,
        -1,
        2,
        7.733,
        -1,
        0,
        8.067,
        0
      ]
    },
    {
      "Target": "Parameter",
      "Id": "PARAM_HAND_L_LEVEL",
      "Segments": [
        0,
        0,
        0,
        0.167,
        1,
        2,
        0.667,
        1,
        2,
        3.333,
        1,
        2,
        4.667,
        1,
        2,
        7.3,
        1,
        2,
        7.633,
        1,
        2,
        7.9,
        1,
        2,
        7.933,
        0,
        2,
        8.067,
        0
      ]
    },
    {
      "Target": "Parameter",
      "Id": "PARAM_RIGHT_ARM",
      "Segments": [
        0,
        0,
        1,
        0.156,
        0,
        0.311,
        0.194,
        0.467,
        0.585,
        1,
        0.534,
        0.753,
        0.6,
        0.838,
        0.667,
        0.838,
        0,
        3.333,
        0.833,
        2,
        4.667,
        0.833,
        0,
        6.2,
        0.797,
        0,
        7.4,
        0.833,
        0,
        8.067,
        0
      ]
    },
    {
      "Target": "Parameter",
      "Id": "PARAM_ARM_R",
      "Segments": [
        0,
        2.28,
        0,
        0.5,
        3.738,
        2,
        3.333,
        3.738,
        2,
        4.667,
        3.738,
        2,
        7.4,
        3.738,
        1,
        7.489,
        3.738,
        7.578,
        3.781,
        7.667,
        3.528,
        1,
        7.8,
        3.147,
        7.934,
        2.28,
        8.067,
        2.28
      ]
    },
    {
      "Target": "Parameter",
      "Id": "PARAM_TOUSHI_R",
      "Segments": [
        0,
        0.285,
        0,
        0.5,
        0,
        2,
        3.333,
        0,
        2,
        4.667,
        0,
        2,
        7.4,
        0,
        0,
        8.067,
        0.285
      ]
    },
    {
      "Target": "Parameter",
      "Id": "PARAM_ARM_R_02",
      "Segments": [
        0,
        -1,
        0,
        0.5,
        0.022,
        2,
        3.333,
        0.022,
        2,
        4.667,
        0.022,
        2,
        7.4,
        0.022,
        1,
        7.522,
        0.022,
        7.645,
        -0.002,
        7.767,
        -0.3,
        1,
        7.867,
        -0.544,
        7.967,
        -1,
        8.067,
        -1
      ]
    },
    {
      "Target": "Parameter",
      "Id": "PARAM_HAND_R",
      "Segments": [
        0,
        0,
        2,
        0.167,
        0,
        0,
        0.333,
        0.5,
        2,
        7.8,
        0.5,
        0,
        7.833,
        0,
        2,
        8.067,
        0
      ]
    },
    {
      "Target": "Parameter",
      "Id": "PARAM_HAND_R2",
      "Segments": [
        0,
        0,
        2,
        0.167,
        0,
        0,
        0.333,
        1,
        2,
        7.8,
        1,
        2,
        7.833,
        0,
        2,
        8.067,
        0
      ]
    },
    {
      "Target": "Parameter",
      "Id": "PARAM_HAND_R_02",
      "Segments": [
        0,
        0,
        2,
        0.167,
        0,
        0,
        0.333,
        -1,
        2,
        7.8,
        -1,
        0,
        7.833,
        0,
        2,
        8.067,
        0
      ]
    },
    {
      "Target": "Parameter",
      "Id": "PARAM_HAND_R_LEVEL",
      "Segments": [
        0,
        1,
        0,
        0.333,
        0.9,
        2,
        0.533,
        0.9,
        0,
        0.833,
        1,
        2,
        3.333,
        1,
        2,
        4.667,
        1,
        2,
        7.333,
        1,
        0,
        7.467,
        0.9,
        2,
        7.567,
        0.9,
        0,
        8.067,
        1
      ]
    },
    {
      "Target": "Parameter",
      "Id": "PARAM_EYE_L_OPEN",
      "Segments": [
        0,
        1,
        0,
        0.667,
        0,
        2,
        1.167,
        0,
        2,
        3.333,
        0,
        2,
        4.667,
        0,
        0,
        5.067,
        0.9,
        0,
        5.233,
        0,
        0,
        5.4,
        0.9,
        2,
        5.567,
        0.9,
        0,
        5.733,
        0,
        1,
        5.789,
        0,
        5.844,
        0.857,
        5.9,
        0.9,
        1,
        6.022,
        0.995,
        6.145,
        1,
        6.267,
        1,
        0,
        6.433,
        0,
        2,
        7.4,
        0,
        0,
        7.567,
        1,
        2,
        8.067,
        1
      ]
    },
    {
      "Target": "Parameter",
      "Id": "PARAM_EYE_L_FORM",
      "Segments": [
        0,
        0.5,
        2,
        1.167,
        0.5,
        0,
        1.833,
        1,
        2,
        3.333,
        1,
        2,
        4.667,
        1,
        0,
        5.067,
        0.5,
        2,
        6.267,
        0.5,
        0,
        6.433,
        0,
        2,
        7.4,
        0,
        0,
        8.067,
        0.5
      ]
    },
    {
      "Target": "Parameter",
      "Id": "PARAM_EYE_R_OPEN",
      "Segments": [
        0,
        1,
        0,
        0.667,
        0,
        2,
        1.167,
        0,
        2,
        3.333,
        0,
        2,
        4.667,
        0,
        0,
        5.067,
        0.9,
        0,
        5.233,
        0,
        0,
        5.4,
        0.9,
        2,
        5.567,
        0.9,
        0,
        5.733,
        0,
        1,
        5.789,
        0,
        5.844,
        0.857,
        5.9,
        0.9,
        1,
        6.022,
        0.995,
        6.145,
        1,
        6.267,
        1,
        0,
        6.433,
        0,
        2,
        7.4,
        0,
        0,
        7.567,
        1,
        2,
        8.067,
        1
      ]
    },
    {
      "Target": "Parameter",
      "Id": "PARAM_EYE_R_FORM",
      "Segments": [
        0,
        0.5,
        2,
        1.167,
        0.5,
        0,
        1.833,
        1,
        2,
        3.333,
        1,
        2,
        4.667,
        1,
        0,
        5.067,
        0.5,
        2,
        6.267,
        0.5,
        0,
        6.433,
        0,
        2,
        7.4,
        0,
        0,
        8.067,
        0.5
      ]
    },
    {
      "Target": "Parameter",
      "Id": "PARAM_EYE_BALL_X",
      "Segments": [
        0,
        0,
        2,
        3.333,
        0,
        2,
        4.667,
        0,
        2,
        6.067,
        0,
        0,
        7.4,
        0.9,
        0,
        7.567,
        0,
        2,
        8.067,
        0
      ]
    },
    {
      "Target": "Parameter",
      "Id": "PARAM_BROW_L_X",
      "Segments": [
        0,
        0,
        2,
        1.167,
        0,
        2,
        3.333,
        0,
        2,
        4.667,
        0,
        2,
        5.067,
        0,
        0,
        7.4,
        0.4,
        0,
        8.067,
        0
      ]
    },
    {
      "Target": "Parameter",
      "Id": "PARAM_BROW_L_Y",
      "Segments": [
        0,
        0,
        0,
        1.167,
        1,
        1,
        1.389,
        1,
        1.611,
        0.357,
        1.833,
        0,
        1,
        2.333,
        -0.804,
        2.833,
        -1,
        3.333,
        -1,
        2,
        4.667,
        -1,
        0,
        5.067,
        0,
        0,
        5.233,
        -1,
        0,
        5.4,
        0,
        2,
        5.567,
        0,
        0,
        5.733,
        -1,
        0,
        5.9,
        0,
        2,
        6.233,
        0,
        0,
        6.4,
        -1,
        2,
        7.4,
        -1,
        0,
        7.567,
        0,
        2,
        8.067,
        0
      ]
    },
    {
      "Target": "Parameter",
      "Id": "PARAM_BROW_R_Y",
      "Segments": [
        0,
        0,
        0,
        1.167,
        1,
        1,
        1.389,
        1,
        1.611,
        0.357,
        1.833,
        0,
        1,
        2.333,
        -0.804,
        2.833,
        -1,
        3.333,
        -1,
        2,
        4.667,
        -1,
        0,
        5.067,
        0,
        0,
        5.233,
        -1,
        0,
        5.4,
        0,
        2,
        5.567,
        0,
        0,
        5.733,
        -1,
        0,
        5.9,
        0,
        2,
        6.233,
        0,
        0,
        6.4,
        -1,
        2,
        7.4,
        -1,
        0,
        7.567,
        0,
        2,
        8.067,
        0
      ]
    },
    {
      "Target": "Parameter",
      "Id": "PARAM_BROW_L_ANGLE",
      "Segments": [
        0,
        0,
        2,
        1.167,
        0,
        0,
        1.833,
        0.5,
        2,
        3.333,
        0.5,
        2,
        4.667,
        0.5,
        0,
        5.067,
        0,
        2,
        7.4,
        0,
        2,
        8.067,
        0
      ]
    },
    {
      "Target": "Parameter",
      "Id": "PARAM_BROW_R_ANGLE",
      "Segments": [
        0,
        0,
        2,
        1.167,
        0,
        0,
        1.833,
        0.5,
        2,
        3.333,
        0.5,
        2,
        4.667,
        0.5,
        2,
        5.067,
        0.5,
        2,
        7.4,
        0.5,
        0,
        8.067,
        0
      ]
    },
    {
      "Target": "Parameter",
      "Id": "PARAM_BROW_L_FORM",
      "Segments": [
        0,
        0.5,
        2,
        1.167,
        0.5,
        0,
        1.833,
        -0.3,
        2,
        3.333,
        -0.3,
        2,
        4.667,
        -0.3,
        0,
        5.067,
        0.5,
        2,
        7.4,
        0.5,
        2,
        8.067,
        0.5
      ]
    },
    {
      "Target": "Parameter",
      "Id": "PARAM_BROW_R_FORM",
      "Segments": [
        0,
        0.5,
        2,
        1.167,
        0.5,
        0,
        1.833,
        -0.3,
        2,
        3.333,
        -0.3,
        2,
        4.667,
        -0.3,
        0,
        5.067,
        0.5,
        2,
        7.4,
        0.5,
        2,
        8.067,
        0.5
      ]
    },
    {
      "Target": "Parameter",
      "Id": "PARAM_MOUTH_OPEN",
      "Segments": [
        0,
        1.5,
        0,
        0.667,
        0,
        2,
        1.167,
        0,
        0,
        1.833,
        1.4,
        2,
        3.333,
        1.4,
        2,
        4.667,
        1.4,
        0,
        5.067,
        1,
        2,
        7.4,
        1,
        0,
        8.067,
        1.5
      ]
    },
    {
      "Target": "Parameter",
      "Id": "PARAM_MOUTH_FORM",
      "Segments": [
        0,
        -1,
        2,
        0.667,
        -1,
        2,
        1.167,
        -1,
        0,
        1.833,
        1,
        2,
        3.333,
        1,
        2,
        4.667,
        1,
        0,
        5.067,
        -1,
        2,
        7.4,
        -1,
        2,
        8.067,
        -1
      ]
    },
    {
      "Target": "Parameter",
      "Id": "PARAM_MOUTH_SIZE",
      "Segments": [
        0,
        -0.5,
        0,
        1.833,
        -1,
        2,
        3.333,
        -1,
        2,
        4.667,
        -1,
        2,
        5.067,
        -1,
        2,
        7.4,
        -1,
        0,
        8.067,
        -0.5
      ]
    },
    {
      "Target": "Parameter",
      "Id": "PARAM_SHY",
      "Segments": [
        0,
        0,
        2,
        1.167,
        0,
        0,
        1.833,
        1,
        2,
        3.333,
        1,
        2,
        4.667,
        1,
        2,
        7.4,
        1,
        0,
        8.067,
        0
      ]
    },
    {
      "Target": "Parameter",
      "Id": "PARAM_TERE",
      "Segments": [
        0,
        0.6,
        2,
        1.167,
        0.6,
        0,
        1.833,
        1,
        2,
        3.333,
        1,
        2,
        4.667,
        1,
        2,
        7.4,
        1,
        0,
        8.067,
        0.6
      ]
    },
    {
      "Target": "Parameter",
      "Id": "PARAM_BREATH",
      "Segments": [
        0,
        0,
        2,
        0.5,
        0,
        0,
        1.167,
        1,
        0,
        3.333,
        0,
        0,
        4,
        1,
        0,
        4.667,
        0,
        0,
        7.4,
        1,
        0,
        8.067,
        0
      ]
    },
    {
      "Target": "PartOpacity",
      "Id": "PARTS_GUDIAN",
      "Segments": [
        0,
        1,
        2,
        8.07,
        1
      ]
    },
    {
      "Target": "PartOpacity",
      "Id": "PARTS_01_ARM_L_01",
      "Segments": [
        0,
        1,
        2,
        8.07,
        1
      ]
    },
    {
      "Target": "PartOpacity",
      "Id": "PARTS_01_ARM_R_01",
      "Segments": [
        0,
        1,
        2,
        8.07,
        1
      ]
    },
    {
      "Target": "PartOpacity",
      "Id": "PARTS_01_BODY",
      "Segments": [
        0,
        1,
        2,
        8.07,
        1
      ]
    },
    {
      "Target": "PartOpacity",
      "Id": "PARTS_01_NECK",
      "Segments": [
        0,
        1,
        2,
        8.07,
        1
      ]
    },
    {
      "Target": "PartOpacity",
      "Id": "PARTS_01_HAIR_BACK_001",
      "Segments": [
        0,
        1,
        2,
        8.07,
        1
      ]
    },
    {
      "Target": "PartOpacity",
      "Id": "PARTS_01_HAIR_SIDE_001",
      "Segments": [
        0,
        1,
        2,
        8.07,
        1
      ]
    },
    {
      "Target": "PartOpacity",
      "Id": "PARTS_01_HAIR_FRONT_001",
      "Segments": [
        0,
        1,
        2,
        8.07,
        1
      ]
    },
    {
      "Target": "PartOpacity",
      "Id": "PARTS_01_EAR_001",
      "Segments": [
        0,
        1,
        2,
        8.07,
        1
      ]
    },
    {
      "Target": "PartOpacity",
      "Id": "PARTS_01_NOSE_001",
      "Segments": [
        0,
        1,
        2,
        8.07,
        1
      ]
    },
    {
      "Target": "PartOpacity",
      "Id": "PARTS_01_MOUTH_001",
      "Segments": [
        0,
        1,
        2,
        8.07,
        1
      ]
    },
    {
      "Target": "PartOpacity",
      "Id": "PARTS_01_BROW_001",
      "Segments": [
        0,
        1,
        2,
        8.07,
        1
      ]
    },
    {
      "Target": "PartOpacity",
      "Id": "PARTS_01_EYE_BALL_001",
      "Segments": [
        0,
        1,
        2,
        8.07,
        1
      ]
    },
    {
      "Target": "PartOpacity",
      "Id": "PARTS_01_EYE_001",
      "Segments": [
        0,
        1,
        2,
        8.07,
        1
      ]
    },
    {
      "Target": "PartOpacity",
      "Id": "PARTS_01_FACE_001",
      "Segments": [
        0,
        1,
        2,
        8.07,
        1
      ]
    },
    {
      "Target": "PartOpacity",
      "Id": "ROUGH",
      "Segments": [
        0,
        1,
        2,
        8.07,
        1
      ]
    },
    {
      "Target": "Model",
      "Id": "Opacity",
      "Segments": [
        0,
        1,
        0,
        8.07,
        1
      ]
    },
    {
      "Target": "Parameter",
      "Id": "PARAM_LEFT_ARM_TAI",
      "Segments": [
        0,
        0,
        0,
        8.07,
        0
      ]
    },
    {
      "Target": "Parameter",
      "Id": "PARAM_ARM_L_TOUSHI2",
      "Segments": [
        0,
        0,
        0,
        8.07,
        0
      ]
    },
    {
      "Target": "Parameter",
      "Id": "PARAM_TANGDIE",
      "Segments": [
        0,
        0,
        0,
        8.07,
        0
      ]
    },
    {
      "Target": "Parameter",
      "Id": "PARAM_RIGHT_ARM_TAI",
      "Segments": [
        0,
        0.5,
        0,
        8.07,
        0.5
      ]
    },
    {
      "Target": "Parameter",
      "Id": "PARAM_ARM_R_TOUSHI2",
      "Segments": [
        0,
        0,
        0,
        8.07,
        0
      ]
    },
    {
      "Target": "Parameter",
      "Id": "PARAM_YIFU",
      "Segments": [
        0,
        0,
        0,
        8.07,
        0
      ]
    },
    {
      "Target": "Parameter",
      "Id": "PARAM_CHICKEN",
      "Segments": [
        0,
        0,
        0,
        8.07,
        0
      ]
    },
    {
      "Target": "Parameter",
      "Id": "PARAM_CHICKEN_MOVE",
      "Segments": [
        0,
        0,
        0,
        8.07,
        0
      ]
    },
    {
      "Target": "Parameter",
      "Id": "PARAM_BANSHOU",
      "Segments": [
        0,
        0,
        0,
        8.07,
        0
      ]
    },
    {
      "Target": "Parameter",
      "Id": "PARAM_BANSHOU_MOVE",
      "Segments": [
        0,
        0,
        0,
        8.07,
        0
      ]
    },
    {
      "Target": "Parameter",
      "Id": "PARAM_BANSHOU_MOVE_01",
      "Segments": [
        0,
        0,
        0,
        8.07,
        0
      ]
    },
    {
      "Target": "Parameter",
      "Id": "PARAM_SHAOZI",
      "Segments": [
        0,
        0,
        0,
        8.07,
        0
      ]
    },
    {
      "Target": "Parameter",
      "Id": "PARAM_SHAOZI_MOVE",
      "Segments": [
        0,
        0,
        0,
        8.07,
        0
      ]
    },
    {
      "Target": "Parameter",
      "Id": "PARAM_SHAOZI_MOVE_01",
      "Segments": [
        0,
        0,
        0,
        8.07,
        0
      ]
    },
    {
      "Target": "Parameter",
      "Id": "PARAM_SOUP",
      "Segments": [
        0,
        0,
        0,
        8.07,
        0
      ]
    },
    {
      "Target": "Parameter",
      "Id": "PARAM_JITA_CHUXIAN",
      "Segments": [
        0,
        0,
        0,
        8.07,
        0
      ]
    },
    {
      "Target": "Parameter",
      "Id": "PARAM_JITA_LEVEL",
      "Segments": [
        0,
        0,
        0,
        8.07,
        0
      ]
    },
    {
      "Target": "Parameter",
      "Id": "PARAM_JITA_MOVE_X",
      "Segments": [
        0,
        0,
        0,
        8.07,
        0
      ]
    },
    {
      "Target": "Parameter",
      "Id": "PARAM_JITA_MOVE_Y",
      "Segments": [
        0,
        0,
        0,
        8.07,
        0
      ]
    },
    {
      "Target": "Parameter",
      "Id": "PARAM_JITA_Z",
      "Segments": [
        0,
        0,
        0,
        8.07,
        0
      ]
    },
    {
      "Target": "Parameter",
      "Id": "PARAM_JITA_X",
      "Segments": [
        0,
        0,
        0,
        8.07,
        0
      ]
    },
    {
      "Target": "Parameter",
      "Id": "PARAM_JITA_Y",
      "Segments": [
        0,
        0,
        0,
        8.07,
        0
      ]
    },
    {
      "Target": "Parameter",
      "Id": "PARAM_JINADAI_X",
      "Segments": [
        0,
        0,
        0,
        8.07,
        0
      ]
    },
    {
      "Target": "Parameter",
      "Id": "PARAM_JIANDAI_Y",
      "Segments": [
        0,
        0,
        0,
        8.07,
        0
      ]
    },
    {
      "Target": "Parameter",
      "Id": "PARAM_JIANDAI_BACK_X",
      "Segments": [
        0,
        0,
        0,
        8.07,
        0
      ]
    },
    {
      "Target": "Parameter",
      "Id": "PARAM_JIANDAI_BACK_Y",
      "Segments": [
        0,
        0,
        0,
        8.07,
        0
      ]
    },
    {
      "Target": "Parameter",
      "Id": "PARAM_EYE_BALL_Y",
      "Segments": [
        0,
        0,
        0,
        8.07,
        0
      ]
    },
    {
      "Target": "Parameter",
      "Id": "PARAM_EYE_BALL_FORM",
      "Segments": [
        0,
        0,
        0,
        8.07,
        0
      ]
    },
    {
      "Target": "Parameter",
      "Id": "PARAM_EYE_BALL_SAD",
      "Segments": [
        0,
        0,
        0,
        8.07,
        0
      ]
    },
    {
      "Target": "Parameter",
      "Id": "PARAM_EYE_BALL_BAIYAN",
      "Segments": [
        0,
        0,
        0,
        8.07,
        0
      ]
    },
    {
      "Target": "Parameter",
      "Id": "PARAM_EYE_BALL_KIRAKIRA",
      "Segments": [
        0,
        0,
        0,
        8.07,
        0
      ]
    },
    {
      "Target": "Parameter",
      "Id": "PARAM_EYE_kira_R1",
      "Segments": [
        0,
        1,
        0,
        8.07,
        1
      ]
    },
    {
      "Target": "Parameter",
      "Id": "PARAM_EYE_kira_R2",
      "Segments": [
        0,
        0.5,
        0,
        8.07,
        0.5
      ]
    },
    {
      "Target": "Parameter",
      "Id": "PARAM_EYE_kira_L1",
      "Segments": [
        0,
        1,
        0,
        8.07,
        1
      ]
    },
    {
      "Target": "Parameter",
      "Id": "PARAM_EYE_kira_L2",
      "Segments": [
        0,
        0.5,
        0,
        8.07,
        0.5
      ]
    },
    {
      "Target": "Parameter",
      "Id": "PARAM_EYE_TI1",
      "Segments": [
        0,
        0,
        0,
        8.07,
        0
      ]
    },
    {
      "Target": "Parameter",
      "Id": "PARAM_EYE_TI2",
      "Segments": [
        0,
        0,
        0,
        8.07,
        0
      ]
    },
    {
      "Target": "Parameter",
      "Id": "PARAM_EYE_SPECIAL",
      "Segments": [
        0,
        0,
        0,
        8.07,
        0
      ]
    },
    {
      "Target": "Parameter",
      "Id": "PARAM_EYE_DEFROM",
      "Segments": [
        0,
        0,
        0,
        8.07,
        0
      ]
    },
    {
      "Target": "Parameter",
      "Id": "PARAM_BROW_R_X",
      "Segments": [
        0,
        0,
        0,
        8.07,
        0
      ]
    },
    {
      "Target": "Parameter",
      "Id": "PARAM_MOUTH_SPECIAL",
      "Segments": [
        0,
        0,
        0,
        8.07,
        0
      ]
    },
    {
      "Target": "Parameter",
      "Id": "PARAM_MOUTH_WIDTH",
      "Segments": [
        0,
        1,
        0,
        8.07,
        1
      ]
    },
    {
      "Target": "Parameter",
      "Id": "PARAM_MOUTH_DEFORM_SPECIAL",
      "Segments": [
        0,
        0,
        0,
        8.07,
        0
      ]
    },
    {
      "Target": "Parameter",
      "Id": "PARAM_MOUTH_X",
      "Segments": [
        0,
        0,
        0,
        8.07,
        0
      ]
    },
    {
      "Target": "Parameter",
      "Id": "PARAM_MOUTH_Y",
      "Segments": [
        0,
        0,
        0,
        8.07,
        0
      ]
    },
    {
      "Target": "Parameter",
      "Id": "PARAM_TERE2",
      "Segments": [
        0,
        0,
        0,
        8.07,
        0
      ]
    },
    {
      "Target": "Parameter",
      "Id": "PARAM_WATER",
      "Segments": [
        0,
        0,
        0,
        8.07,
        0
      ]
    },
    {
      "Target": "Parameter",
      "Id": "PARAM_HAN",
      "Segments": [
        0,
        0,
        0,
        8.07,
        0
      ]
    },
    {
      "Target": "Parameter",
      "Id": "PARAM_ANGRY",
      "Segments": [
        0,
        0,
        0,
        8.07,
        0
      ]
    },
    {
      "Target": "Parameter",
      "Id": "PARAM_HEI",
      "Segments": [
        0,
        -1,
        0,
        8.07,
        -1
      ]
    },
    {
      "Target": "Parameter",
      "Id": "PARAM_LIANHEIXIAN",
      "Segments": [
        0,
        0,
        0,
        8.07,
        0
      ]
    },
    {
      "Target": "Parameter",
      "Id": "PARAM_FAT",
      "Segments": [
        0,
        0,
        0,
        8.07,
        0
      ]
    },
    {
      "Target": "Parameter",
      "Id": "PARAM_HEIXIAN",
      "Segments": [
        0,
        0,
        0,
        8.07,
        0
      ]
    },
    {
      "Target": "Parameter",
      "Id": "PARAM_YINYING",
      "Segments": [
        0,
        0,
        0,
        8.07,
        0
      ]
    },
    {
      "Target": "Parameter",
      "Id": "PARAM_TANQI",
      "Segments": [
        0,
        0,
        0,
        8.07,
        0
      ]
    },
    {
      "Target": "Parameter",
      "Id": "PARAM_ZHAMAO",
      "Segments": [
        0,
        0,
        0,
        8.07,
        0
      ]
    },
    {
      "Target": "Parameter",
      "Id": "PARAM_RU_X",
      "Segments": [
        0,
        0,
        0,
        8.07,
        0
      ]
    },
    {
      "Target": "Parameter",
      "Id": "PARAM_RU_Y",
      "Segments": [
        0,
        0,
        0,
        8.07,
        0
      ]
    },
    {
      "Target": "Parameter",
      "Id": "PARAM_HAIR_FRONT",
      "Segments": [
        0,
        0,
        0,
        8.07,
        0
      ]
    },
    {
      "Target": "Parameter",
      "Id": "PARAM_HAIR_FROUT_2",
      "Segments": [
        0,
        0,
        0,
        8.07,
        0
      ]
    },
    {
      "Target": "Parameter",
      "Id": "PARAM_HAIR_FROUT_WAVE",
      "Segments": [
        0,
        0,
        0,
        8.07,
        0
      ]
    },
    {
      "Target": "Parameter",
      "Id": "PARAM_HAIR_SIDE_R",
      "Segments": [
        0,
        0,
        0,
        8.07,
        0
      ]
    },
    {
      "Target": "Parameter",
      "Id": "PARAM_HAIR_SIDE_R2",
      "Segments": [
        0,
        0,
        0,
        8.07,
        0
      ]
    },
    {
      "Target": "Parameter",
      "Id": "PARAM_HAIR_SIDE_WAVE",
      "Segments": [
        0,
        0,
        0,
        8.07,
        0
      ]
    },
    {
      "Target": "Parameter",
      "Id": "PARAM_HAIR_SIDE_R3",
      "Segments": [
        0,
        0,
        0,
        8.07,
        0
      ]
    },
    {
      "Target": "Parameter",
      "Id": "PARAM_HAIR_SIDE_L",
      "Segments": [
        0,
        0,
        0,
        8.07,
        0
      ]
    },
    {
      "Target": "Parameter",
      "Id": "PARAM_HAIR_SIDE_L3",
      "Segments": [
        0,
        0,
        0,
        8.07,
        0
      ]
    },
    {
      "Target": "Parameter",
      "Id": "PARAM_HAIR_BACK_WAVE",
      "Segments": [
        0,
        0,
        0,
        8.07,
        0
      ]
    },
    {
      "Target": "Parameter",
      "Id": "PARAM_XIANQUNZI_1",
      "Segments": [
        0,
        0,
        0,
        8.07,
        0
      ]
    },
    {
      "Target": "Parameter",
      "Id": "PARAM_XIANQUNZI_2",
      "Segments": [
        0,
        0,
        0,
        8.07,
        0
      ]
    },
    {
      "Target": "Parameter",
      "Id": "PARAM_YICENGQUN_YIDUAN_SHAKE",
      "Segments": [
        0,
        0,
        0,
        8.07,
        0
      ]
    },
    {
      "Target": "Parameter",
      "Id": "PARAM_PARAM_YICENGQUN_ERDUAN_SHAKE",
      "Segments": [
        0,
        0,
        0,
        8.07,
        0
      ]
    },
    {
      "Target": "Parameter",
      "Id": "PARAM_YICENGSHA_1DUAN_SHAKE",
      "Segments": [
        0,
        0,
        0,
        8.07,
        0
      ]
    },
    {
      "Target": "Parameter",
      "Id": "PARAM_YICESHA_2DUAN_SHAKE",
      "Segments": [
        0,
        0,
        0,
        8.07,
        0
      ]
    },
    {
      "Target": "Parameter",
      "Id": "PARAM_ERCENGSHA_1DUAN_SHAKE",
      "Segments": [
        0,
        0,
        0,
        8.07,
        0
      ]
    },
    {
      "Target": "Parameter",
      "Id": "PARAM_ERCENGSAHA_2DUAN_SHAKE",
      "Segments": [
        0,
        0,
        0,
        8.07,
        0
      ]
    }
  ],
  "UserData": []
}