{
  "Version": 3,
  "Meta": {
    "Duration": 5.47,
    "Fps": 30.0,
    "Loop": true,
    "AreBeziersRestricted": true,
    "CurveCount": 134,
    "TotalSegmentCount": 772,
    "TotalPointCount": 1138,
    "UserDataCount": 0,
    "TotalUserDataSize": 0
  },
  "Curves": [
    {
      "Target": "Parameter",
      "Id": "PARAM_ANGLE_X",
      "Segments": [
        0,
        -4,
        0,
        0.2,
        -15,
        0,
        0.333,
        -4,
        2,
        0.433,
        -4,
        0,
        0.567,
        -23.89,
        2,
        1.067,
        -23.89,
        1,
        1.278,
        -23.89,
        1.489,
        -3.316,
        1.7,
        -2.4,
        1,
        2.089,
        -0.712,
        2.478,
        -0.69,
        2.867,
        -0.69,
        0,
        3.033,
        -59.91,
        0,
        3.233,
        -59.82,
        0,
        3.4,
        -60,
        2,
        4.333,
        -60,
        1,
        4.489,
        -60,
        4.644,
        -7.414,
        4.8,
        -5.71,
        1,
        4.978,
        -3.762,
        5.155,
        -4,
        5.333,
        -4,
        2,
        5.467,
        -4
      ]
    },
    {
      "Target": "Parameter",
      "Id": "PARAM_ANGLE_Y",
      "Segments": [
        0,
        -8,
        0,
        0.133,
        -30,
        0,
        0.267,
        0,
        1,
        0.289,
        0,
        0.311,
        -1.244,
        0.333,
        -9.094,
        1,
        0.355,
        -16.943,
        0.378,
        -26,
        0.4,
        -26,
        1,
        0.411,
        -26,
        0.422,
        -25.637,
        0.433,
        -23.751,
        1,
        0.478,
        -16.21,
        0.522,
        -1.65,
        0.567,
        0.48,
        1,
        0.734,
        8.468,
        0.9,
        13.573,
        1.067,
        21.06,
        1,
        1.089,
        22.058,
        1.111,
        30,
        1.133,
        30,
        1,
        1.222,
        30,
        1.311,
        4.589,
        1.4,
        0,
        1,
        1.456,
        -2.868,
        1.511,
        -2.188,
        1.567,
        -4.44,
        1,
        1.611,
        -6.242,
        1.656,
        -21.36,
        1.7,
        -21.36,
        0,
        2.867,
        -12,
        0,
        2.933,
        -29.94,
        0,
        3.233,
        30,
        0,
        3.4,
        23.76,
        0,
        4.333,
        30,
        0,
        4.8,
        -8,
        2,
        5.333,
        -8,
        2,
        5.467,
        -8
      ]
    },
    {
      "Target": "Parameter",
      "Id": "PARAM_ANGLE_Z",
      "Segments": [
        0,
        -8,
        0,
        0.2,
        -7,
        1,
        0.244,
        -7,
        0.289,
        -11.434,
        0.333,
        -19.32,
        1,
        0.366,
        -25.234,
        0.4,
        -27.748,
        0.433,
        -27.748,
        0,
        0.567,
        -18,
        2,
        1.067,
        -18,
        1,
        1.278,
        -18,
        1.489,
        -11.672,
        1.7,
        -4.6,
        1,
        2.089,
        8.427,
        2.478,
        13.04,
        2.867,
        13.04,
        1,
        2.889,
        13.04,
        2.911,
        -28,
        2.933,
        -28,
        0,
        3.233,
        30,
        0,
        3.4,
        9.66,
        1,
        3.711,
        9.66,
        4.022,
        11.603,
        4.333,
        15.3,
        1,
        4.422,
        16.356,
        4.511,
        16.797,
        4.6,
        16.797,
        1,
        4.689,
        16.797,
        4.778,
        1.615,
        4.867,
        -1.64,
        1,
        5.022,
        -7.335,
        5.178,
        -8,
        5.333,
        -8,
        2,
        5.467,
        -8
      ]
    },
    {
      "Target": "Parameter",
      "Id": "PARAM_BODY_ANGLE_X",
      "Segments": [
        0,
        -0.047,
        1,
        0.033,
        -0.047,
        0.067,
        1.401,
        0.1,
        3,
        1,
        0.133,
        4.599,
        0.167,
        5,
        0.2,
        5,
        1,
        0.244,
        5,
        0.289,
        4.893,
        0.333,
        4,
        1,
        0.366,
        3.33,
        0.4,
        1.284,
        0.433,
        0,
        1,
        0.478,
        -1.712,
        0.522,
        -4.384,
        0.567,
        -5,
        1,
        0.734,
        -7.311,
        0.9,
        -8,
        1.067,
        -8,
        1,
        1.178,
        -8,
        1.289,
        -6.521,
        1.4,
        -4,
        1,
        1.5,
        -1.731,
        1.6,
        2.051,
        1.7,
        2.42,
        1,
        2.089,
        3.854,
        2.478,
        4.2,
        2.867,
        4.2,
        1,
        2.911,
        4.2,
        2.956,
        3.004,
        3,
        1.314,
        1,
        3.078,
        -1.644,
        3.155,
        -5.869,
        3.233,
        -7,
        1,
        3.355,
        -8.778,
        3.478,
        -8.98,
        3.6,
        -8.98,
        1,
        3.844,
        -8.98,
        4.089,
        -9,
        4.333,
        -7.86,
        1,
        4.489,
        -7.135,
        4.644,
        0,
        4.8,
        0,
        2,
        5.333,
        0,
        0,
        5.467,
        -0.047
      ]
    },
    {
      "Target": "Parameter",
      "Id": "PARAM_BODY_ANGLE_Y",
      "Segments": [
        0,
        0,
        0,
        0.1,
        -4,
        0,
        0.333,
        7,
        0,
        0.433,
        0,
        1,
        0.478,
        0,
        0.522,
        0.629,
        0.567,
        3,
        1,
        0.645,
        7.149,
        0.722,
        10,
        0.8,
        10,
        1,
        0.889,
        10,
        0.978,
        8.29,
        1.067,
        6,
        1,
        1.234,
        1.707,
        1.4,
        0,
        1.567,
        0,
        0,
        1.9,
        10,
        1,
        2.222,
        10,
        2.545,
        4.631,
        2.867,
        -7,
        1,
        2.911,
        -8.604,
        2.956,
        -10,
        3,
        -10,
        0,
        3.233,
        6,
        0,
        3.4,
        0,
        2,
        3.6,
        0,
        2,
        4.333,
        0,
        0,
        4.6,
        -4.836,
        0,
        4.8,
        0,
        0,
        4.933,
        -2.78,
        0,
        5.333,
        0,
        2,
        5.467,
        0
      ]
    },
    {
      "Target": "Parameter",
      "Id": "PARAM_BODY_ANGLE_Z",
      "Segments": [
        0,
        0,
        1,
        0.033,
        0,
        0.067,
        0.28,
        0.1,
        0.88,
        1,
        0.178,
        2.28,
        0.255,
        3,
        0.333,
        3,
        2,
        0.433,
        3,
        1,
        0.478,
        3,
        0.522,
        1.664,
        0.567,
        0,
        1,
        0.645,
        -2.912,
        0.722,
        -4,
        0.8,
        -4,
        1,
        0.889,
        -4,
        0.978,
        -3.911,
        1.067,
        -3,
        1,
        1.178,
        -1.861,
        1.289,
        -0.192,
        1.4,
        1.88,
        1,
        1.5,
        3.745,
        1.6,
        6,
        1.7,
        6,
        1,
        2.089,
        6,
        2.478,
        5.14,
        2.867,
        1.78,
        1,
        2.989,
        0.724,
        3.111,
        -2.68,
        3.233,
        -2.68,
        1,
        3.355,
        -2.68,
        3.478,
        -0.652,
        3.6,
        -0.34,
        1,
        3.844,
        0.284,
        4.089,
        0.425,
        4.333,
        1,
        1,
        4.489,
        1.366,
        4.644,
        2,
        4.8,
        2,
        0,
        5.333,
        0,
        2,
        5.467,
        0
      ]
    },
    {
      "Target": "Parameter",
      "Id": "PARAM_UPPER_BODY",
      "Segments": [
        0,
        0,
        1,
        0.033,
        0,
        0.067,
        1.623,
        0.1,
        1.78,
        1,
        0.178,
        2.147,
        0.255,
        2.246,
        0.333,
        2.593,
        1,
        0.366,
        2.741,
        0.4,
        3.243,
        0.433,
        3.243,
        1,
        0.478,
        3.243,
        0.522,
        1.115,
        0.567,
        1,
        1,
        0.734,
        0.57,
        0.9,
        0.48,
        1.067,
        0.48,
        0,
        1.4,
        3.196,
        0,
        1.7,
        -0.64,
        1,
        2.089,
        -0.64,
        2.478,
        -0.251,
        2.867,
        0.54,
        1,
        3.045,
        0.902,
        3.222,
        1.462,
        3.4,
        1.64,
        1,
        3.711,
        1.951,
        4.022,
        2,
        4.333,
        2,
        0,
        4.8,
        -2.32,
        0,
        5.333,
        0,
        2,
        5.467,
        0
      ]
    },
    {
      "Target": "Parameter",
      "Id": "PARAM_LEFT_ARM",
      "Segments": [
        0,
        0.349,
        1,
        0.056,
        0.349,
        0.111,
        0.593,
        0.167,
        0.703,
        1,
        0.256,
        0.878,
        0.344,
        0.9,
        0.433,
        0.9,
        1,
        0.478,
        0.9,
        0.522,
        0.319,
        0.567,
        0.3,
        1,
        0.734,
        0.229,
        0.9,
        0.215,
        1.067,
        0.215,
        0,
        1.4,
        1,
        1,
        1.5,
        1,
        1.6,
        0.547,
        1.7,
        0.428,
        1,
        1.744,
        0.375,
        1.789,
        0.397,
        1.833,
        0.397,
        0,
        2,
        0.439,
        0,
        2.133,
        0.383,
        0,
        2.267,
        0.441,
        0,
        2.4,
        0.42,
        0,
        2.533,
        0.468,
        0,
        2.667,
        0.438,
        1,
        2.734,
        0.438,
        2.8,
        0.417,
        2.867,
        0.497,
        1,
        2.989,
        0.643,
        3.111,
        1,
        3.233,
        1,
        0,
        3.4,
        0.507,
        1,
        3.444,
        0.507,
        3.489,
        0.697,
        3.533,
        0.7,
        1,
        3.789,
        0.716,
        4.044,
        0.742,
        4.3,
        0.742,
        2,
        4.733,
        0.742,
        1,
        4.778,
        0.742,
        4.822,
        0.672,
        4.867,
        0.54,
        1,
        4.9,
        0.44,
        4.934,
        0.394,
        4.967,
        0.394,
        1,
        5.034,
        0.394,
        5.1,
        0.465,
        5.167,
        0.546,
        1,
        5.222,
        0.614,
        5.278,
        0.628,
        5.333,
        0.628,
        0,
        5.467,
        0.349
      ]
    },
    {
      "Target": "Parameter",
      "Id": "PARAM_ARM_L",
      "Segments": [
        0,
        -1,
        2,
        0.167,
        -1,
        0,
        0.433,
        3.931,
        0,
        0.567,
        3,
        2,
        1.067,
        3,
        1,
        1.178,
        3,
        1.289,
        2.989,
        1.4,
        3.361,
        1,
        1.5,
        3.696,
        1.6,
        4.658,
        1.7,
        4.658,
        0,
        1.8,
        4.504,
        0,
        1.867,
        4.575,
        0,
        1.933,
        4.52,
        0,
        2,
        4.605,
        0,
        2.067,
        4.551,
        0,
        2.133,
        4.597,
        0,
        2.2,
        4.519,
        0,
        2.267,
        4.601,
        0,
        2.333,
        4.523,
        0,
        2.4,
        4.556,
        0,
        2.467,
        4.514,
        0,
        2.533,
        4.551,
        0,
        2.667,
        4.5,
        0,
        2.867,
        4.58,
        1,
        2.989,
        4.58,
        3.111,
        4.551,
        3.233,
        4.373,
        1,
        3.289,
        4.292,
        3.344,
        4.044,
        3.4,
        4.044,
        2,
        4.3,
        4.044,
        2,
        4.733,
        4.044,
        1,
        4.755,
        4.044,
        4.778,
        3.356,
        4.8,
        3.3,
        1,
        4.822,
        3.244,
        4.845,
        3.341,
        4.867,
        3.211,
        1,
        4.967,
        2.625,
        5.067,
        -1,
        5.167,
        -1,
        2,
        5.467,
        -1
      ]
    },
    {
      "Target": "Parameter",
      "Id": "PARAM_TOUSHI_L",
      "Segments": [
        0,
        0,
        0,
        0.333,
        1,
        2,
        0.433,
        1,
        2,
        0.567,
        1,
        2,
        1.067,
        1,
        0,
        1.4,
        0,
        2,
        1.567,
        0,
        0,
        1.7,
        0.2,
        0,
        2.867,
        0,
        2,
        3.233,
        0,
        2,
        3.4,
        0,
        2,
        4.3,
        0,
        2,
        4.733,
        0,
        2,
        4.867,
        0,
        2,
        5.167,
        0,
        2,
        5.467,
        0
      ]
    },
    {
      "Target": "Parameter",
      "Id": "PARAM_ARM_L_02",
      "Segments": [
        0,
        0.9,
        0,
        0.167,
        1,
        2,
        0.333,
        1,
        0,
        0.433,
        0.372,
        0,
        0.567,
        0.7,
        2,
        1.067,
        0.7,
        0,
        1.4,
        0.964,
        1,
        1.5,
        0.964,
        1.6,
        0.762,
        1.7,
        0.718,
        1,
        1.8,
        0.674,
        1.9,
        0.68,
        2,
        0.68,
        0,
        2.867,
        0.69,
        0,
        3.233,
        0,
        1,
        3.289,
        0,
        3.344,
        0.525,
        3.4,
        0.826,
        1,
        3.411,
        0.886,
        3.422,
        0.882,
        3.433,
        0.882,
        1,
        3.722,
        0.889,
        4.011,
        0.902,
        4.3,
        0.902,
        2,
        4.733,
        0.902,
        1,
        4.744,
        0.902,
        4.756,
        0.55,
        4.767,
        0.3,
        1,
        4.778,
        0.05,
        4.789,
        0.021,
        4.8,
        0.021,
        1,
        4.822,
        0.021,
        4.845,
        0.02,
        4.867,
        0.026,
        1,
        4.9,
        0.036,
        4.934,
        0.053,
        4.967,
        0.102,
        1,
        5.034,
        0.2,
        5.1,
        0.437,
        5.167,
        0.664,
        1,
        5.211,
        0.815,
        5.256,
        0.998,
        5.3,
        0.998,
        0,
        5.467,
        0.9
      ]
    },
    {
      "Target": "Parameter",
      "Id": "PARAM_HAND_L",
      "Segments": [
        0,
        0,
        2,
        0.333,
        0,
        2,
        0.367,
        1,
        2,
        0.567,
        1,
        2,
        1.067,
        1,
        0,
        1.1,
        0.5,
        0,
        1.267,
        1,
        2,
        1.7,
        1,
        2,
        2.867,
        1,
        2,
        3.133,
        1,
        0,
        3.167,
        0.5,
        2,
        3.233,
        0.5,
        2,
        3.4,
        0.5,
        2,
        4.3,
        0.5,
        2,
        4.833,
        0.5,
        0,
        5,
        0,
        2,
        5.467,
        0
      ]
    },
    {
      "Target": "Parameter",
      "Id": "PARAM_HAND_L2",
      "Segments": [
        0,
        0,
        2,
        0.333,
        0,
        2,
        0.367,
        1,
        2,
        0.567,
        1,
        2,
        1.067,
        1,
        2,
        1.1,
        0,
        2,
        1.267,
        0,
        2,
        1.7,
        0,
        2,
        2.867,
        0,
        2,
        3.133,
        0,
        2,
        3.167,
        0,
        2,
        3.233,
        0,
        2,
        3.4,
        0,
        2,
        3.6,
        0,
        2,
        4.3,
        0,
        2,
        4.833,
        0,
        2,
        5,
        0,
        2,
        5.467,
        0
      ]
    },
    {
      "Target": "Parameter",
      "Id": "PARAM_HAND_L_02",
      "Segments": [
        0,
        0,
        2,
        0.333,
        0,
        0,
        0.367,
        -0.9,
        2,
        0.567,
        -0.9,
        2,
        1.067,
        -0.9,
        0,
        1.133,
        1,
        0,
        1.4,
        0.9,
        2,
        1.7,
        0.9,
        2,
        2.867,
        0.9,
        0,
        3.133,
        -0.9,
        2,
        3.167,
        1,
        2,
        3.233,
        1,
        2,
        3.4,
        1,
        0,
        3.433,
        0,
        0,
        3.6,
        0.1,
        1,
        3.833,
        0.1,
        4.067,
        0.002,
        4.3,
        0.001,
        1,
        4.478,
        0,
        4.655,
        0,
        4.833,
        0,
        2,
        5,
        0,
        2,
        5.167,
        0,
        2,
        5.467,
        0
      ]
    },
    {
      "Target": "Parameter",
      "Id": "PARAM_HAND_L_LEVEL",
      "Segments": [
        0,
        0,
        0,
        0.433,
        1,
        2,
        0.567,
        1,
        2,
        1.067,
        1,
        2,
        1.4,
        1,
        2,
        1.7,
        1,
        2,
        2.867,
        1,
        2,
        3.233,
        1,
        2,
        3.4,
        1,
        2,
        4.3,
        1,
        2,
        4.633,
        1,
        2,
        4.867,
        1,
        2,
        4.967,
        1,
        2,
        5.067,
        1,
        0,
        5.167,
        0,
        2,
        5.467,
        0
      ]
    },
    {
      "Target": "Parameter",
      "Id": "PARAM_RIGHT_ARM",
      "Segments": [
        0,
        0,
        0,
        0.1,
        0.32,
        0,
        0.2,
        0,
        1,
        0.244,
        0,
        0.289,
        0.042,
        0.333,
        0.167,
        1,
        0.366,
        0.26,
        0.4,
        0.472,
        0.433,
        0.5,
        1,
        0.478,
        0.537,
        0.522,
        0.564,
        0.567,
        0.572,
        1,
        0.734,
        0.601,
        0.9,
        0.609,
        1.067,
        0.609,
        1,
        1.122,
        0.609,
        1.178,
        0.452,
        1.233,
        0.4,
        1,
        1.289,
        0.348,
        1.344,
        0.36,
        1.4,
        0.305,
        1,
        1.456,
        0.249,
        1.511,
        -0.027,
        1.567,
        -0.027,
        1,
        1.611,
        -0.027,
        1.656,
        0.033,
        1.7,
        0.04,
        1,
        2.089,
        0.098,
        2.478,
        0.119,
        2.867,
        0.119,
        0,
        3.233,
        -0.028,
        1,
        3.289,
        -0.028,
        3.344,
        -0.013,
        3.4,
        0.004,
        1,
        3.467,
        0.025,
        3.533,
        0.031,
        3.6,
        0.031,
        0,
        4.8,
        0,
        2,
        5.467,
        0
      ]
    },
    {
      "Target": "Parameter",
      "Id": "PARAM_ARM_R",
      "Segments": [
        0,
        2.28,
        0,
        0.1,
        1.496,
        1,
        0.122,
        1.496,
        0.145,
        2.287,
        0.167,
        2.79,
        1,
        0.222,
        4.048,
        0.278,
        4.425,
        0.333,
        4.425,
        1,
        0.366,
        4.425,
        0.4,
        4.426,
        0.433,
        4.255,
        1,
        0.478,
        4.027,
        0.522,
        3.7,
        0.567,
        3.7,
        2,
        1.067,
        3.7,
        1,
        1.178,
        3.7,
        1.289,
        3.43,
        1.4,
        3.001,
        1,
        1.456,
        2.786,
        1.511,
        2.534,
        1.567,
        2.445,
        1,
        1.611,
        2.373,
        1.656,
        2.325,
        1.7,
        2.315,
        1,
        2.089,
        2.224,
        2.478,
        2.19,
        2.867,
        2.19,
        0,
        3.233,
        2.346,
        1,
        3.289,
        2.346,
        3.344,
        2.152,
        3.4,
        2.141,
        1,
        3.467,
        2.129,
        3.533,
        2.13,
        3.6,
        2.13,
        0,
        4.333,
        2.146,
        1,
        4.366,
        2.146,
        4.4,
        2.085,
        4.433,
        2.07,
        1,
        4.555,
        2.014,
        4.678,
        2,
        4.8,
        2,
        0,
        5.467,
        2.28
      ]
    },
    {
      "Target": "Parameter",
      "Id": "PARAM_TOUSHI_R",
      "Segments": [
        0,
        0.285,
        0,
        0.333,
        0,
        2,
        0.433,
        0,
        2,
        0.567,
        0,
        2,
        1.067,
        0,
        2,
        1.4,
        0,
        2,
        1.467,
        0,
        2,
        1.7,
        0,
        2,
        2.867,
        0,
        2,
        3.4,
        0,
        2,
        4.333,
        0,
        0,
        4.8,
        0.285,
        2,
        5.467,
        0.285
      ]
    },
    {
      "Target": "Parameter",
      "Id": "PARAM_ARM_R_02",
      "Segments": [
        0,
        -1,
        0,
        0.167,
        1,
        1,
        0.222,
        1,
        0.278,
        0.853,
        0.333,
        0.5,
        1,
        0.355,
        0.359,
        0.378,
        0.118,
        0.4,
        0,
        1,
        0.411,
        -0.059,
        0.422,
        -0.056,
        0.433,
        -0.056,
        0,
        0.567,
        0.1,
        2,
        1.067,
        0.1,
        1,
        1.178,
        0.1,
        1.289,
        0.021,
        1.4,
        -0.218,
        1,
        1.422,
        -0.266,
        1.445,
        -0.528,
        1.467,
        -0.61,
        1,
        1.545,
        -0.897,
        1.622,
        -1,
        1.7,
        -1,
        2,
        2.867,
        -1,
        0,
        3.233,
        -0.7,
        0,
        3.4,
        -1,
        2,
        4.333,
        -1,
        2,
        4.8,
        -1,
        2,
        5.467,
        -1
      ]
    },
    {
      "Target": "Parameter",
      "Id": "PARAM_HAND_R",
      "Segments": [
        0,
        0,
        2,
        0.167,
        0,
        2,
        0.2,
        1,
        2,
        0.333,
        1,
        2,
        0.567,
        1,
        2,
        1.4,
        1,
        0,
        1.5,
        0,
        2,
        2.867,
        0,
        2,
        3.4,
        0,
        2,
        4.333,
        0,
        2,
        4.8,
        0,
        2,
        5.467,
        0
      ]
    },
    {
      "Target": "Parameter",
      "Id": "PARAM_HAND_R2",
      "Segments": [
        0,
        0,
        2,
        0.167,
        0,
        2,
        0.2,
        1,
        2,
        0.333,
        1,
        2,
        0.567,
        1,
        2,
        1.4,
        1,
        0,
        1.5,
        0,
        2,
        2.867,
        0,
        2,
        3.4,
        0,
        2,
        4.333,
        0,
        2,
        4.8,
        0,
        2,
        5.467,
        0
      ]
    },
    {
      "Target": "Parameter",
      "Id": "PARAM_HAND_R_02",
      "Segments": [
        0,
        0,
        0,
        0.167,
        -1,
        0,
        0.2,
        -0.3,
        2,
        0.333,
        -0.3,
        1,
        0.355,
        -0.3,
        0.378,
        -0.272,
        0.4,
        0,
        1,
        0.444,
        0.544,
        0.489,
        1,
        0.533,
        1,
        1,
        0.544,
        1,
        0.556,
        -0.286,
        0.567,
        -0.3,
        1,
        0.734,
        -0.513,
        0.9,
        -0.6,
        1.067,
        -0.6,
        1,
        1.078,
        -0.6,
        1.089,
        0.351,
        1.1,
        0.4,
        1,
        1.2,
        0.839,
        1.3,
        1,
        1.4,
        1,
        0,
        1.5,
        0,
        2,
        2.867,
        0,
        2,
        3.4,
        0,
        2,
        4.333,
        0,
        2,
        4.8,
        0,
        2,
        5.467,
        0
      ]
    },
    {
      "Target": "Parameter",
      "Id": "PARAM_EYE_L_OPEN",
      "Segments": [
        0,
        1,
        2,
        0.333,
        1,
        2,
        0.433,
        1,
        2,
        0.567,
        1,
        2,
        1.067,
        1,
        0,
        1.4,
        0,
        0,
        1.7,
        1,
        1,
        2.089,
        1,
        2.478,
        0.972,
        2.867,
        0.9,
        1,
        2.9,
        0.894,
        2.934,
        0,
        2.967,
        0,
        2,
        3.4,
        0,
        2,
        4.333,
        0,
        0,
        4.8,
        1,
        2,
        5.333,
        1,
        2,
        5.467,
        1
      ]
    },
    {
      "Target": "Parameter",
      "Id": "PARAM_EYE_L_FORM",
      "Segments": [
        0,
        0.5,
        0,
        0.333,
        1,
        1,
        0.366,
        1,
        0.4,
        0.89,
        0.433,
        0.75,
        1,
        0.478,
        0.563,
        0.522,
        0.5,
        0.567,
        0.5,
        2,
        1.067,
        0.5,
        0,
        1.7,
        1,
        0,
        2.867,
        0,
        0,
        2.967,
        1,
        2,
        3.4,
        1,
        2,
        4.333,
        1,
        0,
        4.8,
        0.5,
        2,
        5.333,
        0.5,
        2,
        5.467,
        0.5
      ]
    },
    {
      "Target": "Parameter",
      "Id": "PARAM_EYE_R_OPEN",
      "Segments": [
        0,
        1,
        2,
        0.333,
        1,
        2,
        0.433,
        1,
        2,
        0.567,
        1,
        2,
        1.067,
        1,
        0,
        1.4,
        0,
        0,
        1.7,
        1,
        1,
        2.089,
        1,
        2.478,
        0.972,
        2.867,
        0.9,
        1,
        2.9,
        0.894,
        2.934,
        0,
        2.967,
        0,
        2,
        3.4,
        0,
        2,
        4.333,
        0,
        0,
        4.8,
        1,
        2,
        5.333,
        1,
        2,
        5.467,
        1
      ]
    },
    {
      "Target": "Parameter",
      "Id": "PARAM_EYE_R_FORM",
      "Segments": [
        0,
        0.5,
        0,
        0.333,
        1,
        1,
        0.366,
        1,
        0.4,
        0.89,
        0.433,
        0.75,
        1,
        0.478,
        0.563,
        0.522,
        0.5,
        0.567,
        0.5,
        2,
        1.067,
        0.5,
        0,
        1.7,
        1,
        0,
        2.867,
        0.5,
        0,
        2.967,
        1,
        2,
        3.4,
        1,
        2,
        4.333,
        1,
        0,
        4.8,
        0.5,
        2,
        5.333,
        0.5,
        2,
        5.467,
        0.5
      ]
    },
    {
      "Target": "Parameter",
      "Id": "PARAM_EYE_BALL_X",
      "Segments": [
        0,
        0,
        0,
        0.333,
        -1,
        0,
        0.4,
        1,
        0,
        0.433,
        0,
        0,
        0.567,
        0.8,
        2,
        1.067,
        0.8,
        0,
        1.7,
        -0.128,
        2,
        2.867,
        -0.128,
        1,
        2.922,
        -0.128,
        2.978,
        -0.168,
        3.033,
        -0.414,
        1,
        3.1,
        -0.709,
        3.166,
        -1,
        3.233,
        -1,
        2,
        3.4,
        -1,
        2,
        4.333,
        -1,
        0,
        4.8,
        0,
        2,
        5.333,
        0,
        2,
        5.467,
        0
      ]
    },
    {
      "Target": "Parameter",
      "Id": "PARAM_EYE_BALL_Y",
      "Segments": [
        0,
        0,
        0,
        0.333,
        -1,
        2,
        0.433,
        -1,
        2,
        0.567,
        -1,
        2,
        1.067,
        -1,
        0,
        1.7,
        0.124,
        2,
        2.867,
        0.124,
        0,
        3.033,
        -1,
        0,
        3.233,
        1,
        2,
        3.4,
        1,
        2,
        4.333,
        1,
        0,
        4.8,
        0,
        2,
        5.333,
        0,
        2,
        5.467,
        0
      ]
    },
    {
      "Target": "Parameter",
      "Id": "PARAM_EYE_BALL_BAIYAN",
      "Segments": [
        0,
        0,
        2,
        0.333,
        0,
        2,
        0.433,
        0,
        2,
        0.567,
        0,
        2,
        1.067,
        0,
        2,
        1.7,
        0,
        2,
        2.867,
        0,
        0,
        3.033,
        1,
        0,
        3.233,
        0,
        2,
        3.4,
        0,
        2,
        4.333,
        0,
        2,
        5.333,
        0,
        2,
        5.467,
        0
      ]
    },
    {
      "Target": "Parameter",
      "Id": "PARAM_BROW_L_X",
      "Segments": [
        0,
        0,
        2,
        0.333,
        0,
        2,
        0.433,
        0,
        0,
        0.567,
        0.6,
        0,
        1.067,
        0,
        2,
        1.4,
        0,
        2,
        1.7,
        0,
        0,
        2.867,
        -0.4,
        0,
        3.4,
        0,
        2,
        4.333,
        0,
        2,
        4.767,
        0,
        2,
        5.333,
        0,
        2,
        5.467,
        0
      ]
    },
    {
      "Target": "Parameter",
      "Id": "PARAM_BROW_L_Y",
      "Segments": [
        0,
        0,
        0,
        0.333,
        -1,
        0,
        0.433,
        0,
        2,
        0.567,
        0,
        2,
        1.067,
        0,
        0,
        1.4,
        -1,
        1,
        1.5,
        -1,
        1.6,
        -0.342,
        1.7,
        -0.3,
        1,
        2.089,
        -0.136,
        2.478,
        -0.1,
        2.867,
        -0.1,
        0,
        2.967,
        -1,
        0,
        3.4,
        0,
        2,
        4.333,
        0,
        2,
        4.767,
        0,
        2,
        5.333,
        0,
        2,
        5.467,
        0
      ]
    },
    {
      "Target": "Parameter",
      "Id": "PARAM_BROW_R_X",
      "Segments": [
        0,
        0,
        2,
        0.333,
        0,
        0,
        0.433,
        -1,
        0,
        0.567,
        0,
        2,
        1.067,
        0,
        2,
        1.7,
        0,
        1,
        2.089,
        0,
        2.478,
        -0.112,
        2.867,
        -0.4,
        1,
        2.9,
        -0.425,
        2.934,
        -1,
        2.967,
        -1,
        0,
        3.4,
        0,
        2,
        4.333,
        0,
        2,
        4.767,
        0,
        0,
        5.333,
        1,
        0,
        5.467,
        0
      ]
    },
    {
      "Target": "Parameter",
      "Id": "PARAM_BROW_R_Y",
      "Segments": [
        0,
        0,
        0,
        0.333,
        -1,
        0,
        0.433,
        0,
        2,
        0.567,
        0,
        2,
        1.067,
        0,
        0,
        1.4,
        -1,
        1,
        1.5,
        -1,
        1.6,
        -0.242,
        1.7,
        -0.2,
        1,
        2.089,
        -0.035,
        2.478,
        0,
        2.867,
        0,
        0,
        2.967,
        -1,
        0,
        3.4,
        0,
        2,
        4.333,
        0,
        2,
        4.767,
        0,
        2,
        5.333,
        0,
        2,
        5.467,
        0
      ]
    },
    {
      "Target": "Parameter",
      "Id": "PARAM_BROW_L_ANGLE",
      "Segments": [
        0,
        0,
        2,
        0.333,
        0,
        2,
        0.433,
        0,
        1,
        0.478,
        0,
        0.522,
        0.395,
        0.567,
        0.5,
        1,
        0.734,
        0.894,
        0.9,
        1,
        1.067,
        1,
        1,
        1.178,
        1,
        1.289,
        0.298,
        1.4,
        0,
        1,
        1.5,
        -0.269,
        1.6,
        -0.44,
        1.7,
        -0.5,
        1,
        2.089,
        -0.733,
        2.478,
        -0.8,
        2.867,
        -0.8,
        0,
        3.4,
        -0.7,
        2,
        4.333,
        -0.7,
        2,
        4.767,
        -0.7,
        0,
        5.333,
        0,
        2,
        5.467,
        0
      ]
    },
    {
      "Target": "Parameter",
      "Id": "PARAM_BROW_R_ANGLE",
      "Segments": [
        0,
        0,
        2,
        0.333,
        0,
        2,
        0.433,
        0,
        1,
        0.478,
        0,
        0.522,
        0.395,
        0.567,
        0.5,
        1,
        0.734,
        0.894,
        0.9,
        1,
        1.067,
        1,
        1,
        1.178,
        1,
        1.289,
        0.298,
        1.4,
        0,
        1,
        1.5,
        -0.269,
        1.6,
        -0.44,
        1.7,
        -0.5,
        1,
        2.089,
        -0.733,
        2.478,
        -0.8,
        2.867,
        -0.8,
        0,
        3.4,
        -0.7,
        2,
        4.333,
        -0.7,
        2,
        4.767,
        -0.7,
        0,
        5.333,
        0,
        2,
        5.467,
        0
      ]
    },
    {
      "Target": "Parameter",
      "Id": "PARAM_BROW_L_FORM",
      "Segments": [
        0,
        0.5,
        1,
        0.067,
        0.5,
        0.133,
        0.172,
        0.2,
        0,
        1,
        0.244,
        -0.115,
        0.289,
        -0.145,
        0.333,
        -0.2,
        1,
        0.366,
        -0.241,
        0.4,
        -0.24,
        0.433,
        -0.3,
        1,
        0.478,
        -0.38,
        0.522,
        -0.6,
        0.567,
        -0.6,
        2,
        1.067,
        -0.6,
        0,
        1.7,
        -0.5,
        1,
        2.089,
        -0.5,
        2.478,
        -0.529,
        2.867,
        -0.7,
        1,
        3.045,
        -0.778,
        3.222,
        -1,
        3.4,
        -1,
        2,
        4.333,
        -1,
        2,
        4.767,
        -1,
        0,
        5.333,
        0.5,
        2,
        5.467,
        0.5
      ]
    },
    {
      "Target": "Parameter",
      "Id": "PARAM_BROW_R_FORM",
      "Segments": [
        0,
        0.5,
        1,
        0.067,
        0.5,
        0.133,
        0.4,
        0.2,
        0.2,
        1,
        0.244,
        0.067,
        0.289,
        -0.128,
        0.333,
        -0.2,
        1,
        0.366,
        -0.254,
        0.4,
        -0.24,
        0.433,
        -0.3,
        1,
        0.478,
        -0.38,
        0.522,
        -0.6,
        0.567,
        -0.6,
        2,
        1.067,
        -0.6,
        0,
        1.7,
        -0.5,
        1,
        2.089,
        -0.5,
        2.478,
        -0.529,
        2.867,
        -0.7,
        1,
        3.045,
        -0.778,
        3.222,
        -1,
        3.4,
        -1,
        2,
        4.333,
        -1,
        2,
        4.767,
        -1,
        0,
        5.333,
        0.5,
        2,
        5.467,
        0.5
      ]
    },
    {
      "Target": "Parameter",
      "Id": "PARAM_MOUTH_OPEN",
      "Segments": [
        0,
        0,
        0,
        0.2,
        2,
        2,
        0.333,
        2,
        0,
        0.433,
        0.7,
        0,
        0.567,
        1,
        2,
        1.067,
        1,
        0,
        1.4,
        0,
        2,
        1.7,
        0,
        0,
        2.867,
        0.1,
        0,
        2.9,
        0,
        2,
        3.4,
        0,
        2,
        4.5,
        0,
        2,
        5.333,
        0,
        2,
        5.467,
        0
      ]
    },
    {
      "Target": "Parameter",
      "Id": "PARAM_MOUTH_FORM",
      "Segments": [
        0,
        -0.6,
        1,
        0.067,
        -0.6,
        0.133,
        -0.238,
        0.2,
        0.4,
        1,
        0.244,
        0.825,
        0.289,
        1,
        0.333,
        1,
        2,
        0.433,
        1,
        2,
        0.567,
        1,
        2,
        1.067,
        1,
        0,
        1.4,
        0,
        0,
        1.7,
        0.8,
        0,
        2.867,
        0.4,
        0,
        2.9,
        1,
        2,
        3.4,
        1,
        2,
        4.5,
        1,
        2,
        4.533,
        1,
        0,
        5.333,
        -0.6,
        2,
        5.467,
        -0.6
      ]
    },
    {
      "Target": "Parameter",
      "Id": "PARAM_MOUTH_SPECIAL",
      "Segments": [
        0,
        0,
        2,
        0.2,
        0,
        2,
        0.333,
        0,
        2,
        0.433,
        0,
        2,
        0.567,
        0,
        2,
        1.067,
        0,
        2,
        1.4,
        0,
        2,
        1.7,
        0,
        2,
        2.867,
        0,
        2,
        2.9,
        1,
        2,
        3.4,
        1,
        2,
        4.5,
        1,
        2,
        4.533,
        0,
        2,
        4.767,
        0,
        2,
        5.333,
        0,
        2,
        5.467,
        0
      ]
    },
    {
      "Target": "Parameter",
      "Id": "PARAM_MOUTH_SIZE",
      "Segments": [
        0,
        -0.5,
        1,
        0.067,
        -0.5,
        0.133,
        -0.452,
        0.2,
        0,
        1,
        0.244,
        0.302,
        0.289,
        1,
        0.333,
        1,
        0,
        0.433,
        -1,
        0,
        0.567,
        0,
        2,
        1.067,
        0,
        2,
        1.4,
        0,
        0,
        1.7,
        -0.5,
        1,
        2.089,
        -0.5,
        2.478,
        -0.343,
        2.867,
        0,
        1,
        2.878,
        0.01,
        2.889,
        1,
        2.9,
        1,
        2,
        3.4,
        1,
        2,
        4.5,
        1,
        2,
        4.533,
        -1,
        2,
        4.767,
        -1,
        0,
        5.333,
        -0.5,
        2,
        5.467,
        -0.5
      ]
    },
    {
      "Target": "Parameter",
      "Id": "PARAM_MOUTH_DEFORM_SPECIAL",
      "Segments": [
        0,
        0,
        2,
        0.2,
        0,
        0,
        0.333,
        1,
        2,
        0.433,
        1,
        0,
        0.567,
        0,
        2,
        1.067,
        0,
        2,
        1.4,
        0,
        2,
        2.867,
        0,
        2,
        2.9,
        0,
        2,
        3.4,
        0,
        2,
        4.5,
        0,
        2,
        5.333,
        0,
        2,
        5.467,
        0
      ]
    },
    {
      "Target": "Parameter",
      "Id": "PARAM_SHY",
      "Segments": [
        0,
        0,
        2,
        0.333,
        0,
        2,
        0.433,
        0,
        2,
        0.567,
        0,
        0,
        1.067,
        1,
        0,
        1.7,
        0,
        2,
        2.867,
        0,
        2,
        3.233,
        0,
        0,
        3.4,
        1,
        2,
        4.333,
        1,
        2,
        4.8,
        1,
        0,
        5.333,
        0,
        2,
        5.467,
        0
      ]
    },
    {
      "Target": "Parameter",
      "Id": "PARAM_TERE",
      "Segments": [
        0,
        0.6,
        0,
        0.333,
        0,
        2,
        0.433,
        0,
        0,
        0.567,
        1,
        0,
        1.067,
        0,
        0,
        1.7,
        0.5,
        2,
        2.867,
        0.5,
        0,
        3.233,
        0.6,
        0,
        3.4,
        0,
        2,
        4.333,
        0,
        2,
        4.8,
        0,
        0,
        5.333,
        0.6,
        2,
        5.467,
        0.6
      ]
    },
    {
      "Target": "Parameter",
      "Id": "PARAM_ANGRY",
      "Segments": [
        0,
        0,
        2,
        0.333,
        0,
        2,
        0.433,
        0,
        2,
        0.567,
        0,
        2,
        1.067,
        0,
        2,
        1.7,
        0,
        2,
        2.867,
        0,
        2,
        3.2,
        0,
        1,
        3.267,
        0,
        3.333,
        0.466,
        3.4,
        1,
        1,
        3.478,
        1.623,
        3.555,
        1.8,
        3.633,
        1.8,
        0,
        3.867,
        1,
        0,
        4.1,
        1.8,
        1,
        4.178,
        1.8,
        4.255,
        1.381,
        4.333,
        1,
        1,
        4.489,
        0.238,
        4.644,
        0,
        4.8,
        0,
        2,
        5.333,
        0,
        2,
        5.467,
        0
      ]
    },
    {
      "Target": "Parameter",
      "Id": "PARAM_FAT",
      "Segments": [
        0,
        0,
        0,
        0.333,
        1,
        1,
        0.366,
        1,
        0.4,
        0.78,
        0.433,
        0.5,
        1,
        0.478,
        0.127,
        0.522,
        0,
        0.567,
        0,
        2,
        1.067,
        0,
        2,
        1.7,
        0,
        2,
        2.867,
        0,
        2,
        3.2,
        0,
        2,
        3.4,
        0,
        2,
        4.333,
        0,
        2,
        4.8,
        0,
        2,
        5.333,
        0,
        2,
        5.467,
        0
      ]
    },
    {
      "Target": "Parameter",
      "Id": "PARAM_BREATH",
      "Segments": [
        0,
        0,
        0,
        0.333,
        1,
        1,
        0.366,
        1,
        0.4,
        0.78,
        0.433,
        0.5,
        1,
        0.478,
        0.127,
        0.522,
        0,
        0.567,
        0,
        2,
        1.067,
        0,
        2,
        1.7,
        0,
        0,
        2.067,
        1,
        2,
        2.867,
        1,
        0,
        3.133,
        0,
        2,
        3.4,
        0,
        0,
        3.9,
        1,
        0,
        4.333,
        0,
        2,
        4.8,
        0,
        2,
        5.333,
        0,
        2,
        5.467,
        0
      ]
    },
    {
      "Target": "PartOpacity",
      "Id": "PARTS_GUDIAN",
      "Segments": [
        0,
        1,
        2,
        5.47,
        1
      ]
    },
    {
      "Target": "PartOpacity",
      "Id": "PARTS_01_ARM_L_01",
      "Segments": [
        0,
        1,
        2,
        5.47,
        1
      ]
    },
    {
      "Target": "PartOpacity",
      "Id": "PARTS_01_ARM_R_01",
      "Segments": [
        0,
        1,
        2,
        5.47,
        1
      ]
    },
    {
      "Target": "PartOpacity",
      "Id": "PARTS_01_BODY",
      "Segments": [
        0,
        1,
        2,
        5.47,
        1
      ]
    },
    {
      "Target": "PartOpacity",
      "Id": "PARTS_01_NECK",
      "Segments": [
        0,
        1,
        2,
        5.47,
        1
      ]
    },
    {
      "Target": "PartOpacity",
      "Id": "PARTS_01_HAIR_BACK_001",
      "Segments": [
        0,
        1,
        2,
        5.47,
        1
      ]
    },
    {
      "Target": "PartOpacity",
      "Id": "PARTS_01_HAIR_SIDE_001",
      "Segments": [
        0,
        1,
        2,
        5.47,
        1
      ]
    },
    {
      "Target": "PartOpacity",
      "Id": "PARTS_01_HAIR_FRONT_001",
      "Segments": [
        0,
        1,
        2,
        5.47,
        1
      ]
    },
    {
      "Target": "PartOpacity",
      "Id": "PARTS_01_EAR_001",
      "Segments": [
        0,
        1,
        2,
        5.47,
        1
      ]
    },
    {
      "Target": "PartOpacity",
      "Id": "PARTS_01_NOSE_001",
      "Segments": [
        0,
        1,
        2,
        5.47,
        1
      ]
    },
    {
      "Target": "PartOpacity",
      "Id": "PARTS_01_MOUTH_001",
      "Segments": [
        0,
        1,
        2,
        5.47,
        1
      ]
    },
    {
      "Target": "PartOpacity",
      "Id": "PARTS_01_BROW_001",
      "Segments": [
        0,
        1,
        2,
        5.47,
        1
      ]
    },
    {
      "Target": "PartOpacity",
      "Id": "PARTS_01_EYE_BALL_001",
      "Segments": [
        0,
        1,
        2,
        5.47,
        1
      ]
    },
    {
      "Target": "PartOpacity",
      "Id": "PARTS_01_EYE_001",
      "Segments": [
        0,
        1,
        2,
        5.47,
        1
      ]
    },
    {
      "Target": "PartOpacity",
      "Id": "PARTS_01_FACE_001",
      "Segments": [
        0,
        1,
        2,
        5.47,
        1
      ]
    },
    {
      "Target": "PartOpacity",
      "Id": "ROUGH",
      "Segments": [
        0,
        1,
        2,
        5.47,
        1
      ]
    },
    {
      "Target": "Model",
      "Id": "Opacity",
      "Segments": [
        0,
        1,
        0,
        5.47,
        1
      ]
    },
    {
      "Target": "Parameter",
      "Id": "PARAM_LEFT_ARM_TAI",
      "Segments": [
        0,
        0,
        0,
        5.47,
        0
      ]
    },
    {
      "Target": "Parameter",
      "Id": "PARAM_ARM_L_TOUSHI2",
      "Segments": [
        0,
        0,
        0,
        5.47,
        0
      ]
    },
    {
      "Target": "Parameter",
      "Id": "PARAM_TANGDIE",
      "Segments": [
        0,
        0,
        0,
        5.47,
        0
      ]
    },
    {
      "Target": "Parameter",
      "Id": "PARAM_RIGHT_ARM_TAI",
      "Segments": [
        0,
        0.5,
        0,
        5.47,
        0.5
      ]
    },
    {
      "Target": "Parameter",
      "Id": "PARAM_ARM_R_TOUSHI2",
      "Segments": [
        0,
        0,
        0,
        5.47,
        0
      ]
    },
    {
      "Target": "Parameter",
      "Id": "PARAM_HAND_R_LEVEL",
      "Segments": [
        0,
        1,
        0,
        5.47,
        1
      ]
    },
    {
      "Target": "Parameter",
      "Id": "PARAM_YIFU",
      "Segments": [
        0,
        0,
        0,
        5.47,
        0
      ]
    },
    {
      "Target": "Parameter",
      "Id": "PARAM_CHICKEN",
      "Segments": [
        0,
        0,
        0,
        5.47,
        0
      ]
    },
    {
      "Target": "Parameter",
      "Id": "PARAM_CHICKEN_MOVE",
      "Segments": [
        0,
        0,
        0,
        5.47,
        0
      ]
    },
    {
      "Target": "Parameter",
      "Id": "PARAM_BANSHOU",
      "Segments": [
        0,
        0,
        0,
        5.47,
        0
      ]
    },
    {
      "Target": "Parameter",
      "Id": "PARAM_BANSHOU_MOVE",
      "Segments": [
        0,
        0,
        0,
        5.47,
        0
      ]
    },
    {
      "Target": "Parameter",
      "Id": "PARAM_BANSHOU_MOVE_01",
      "Segments": [
        0,
        0,
        0,
        5.47,
        0
      ]
    },
    {
      "Target": "Parameter",
      "Id": "PARAM_SHAOZI",
      "Segments": [
        0,
        0,
        0,
        5.47,
        0
      ]
    },
    {
      "Target": "Parameter",
      "Id": "PARAM_SHAOZI_MOVE",
      "Segments": [
        0,
        0,
        0,
        5.47,
        0
      ]
    },
    {
      "Target": "Parameter",
      "Id": "PARAM_SHAOZI_MOVE_01",
      "Segments": [
        0,
        0,
        0,
        5.47,
        0
      ]
    },
    {
      "Target": "Parameter",
      "Id": "PARAM_SOUP",
      "Segments": [
        0,
        0,
        0,
        5.47,
        0
      ]
    },
    {
      "Target": "Parameter",
      "Id": "PARAM_JITA_CHUXIAN",
      "Segments": [
        0,
        0,
        0,
        5.47,
        0
      ]
    },
    {
      "Target": "Parameter",
      "Id": "PARAM_JITA_LEVEL",
      "Segments": [
        0,
        0,
        0,
        5.47,
        0
      ]
    },
    {
      "Target": "Parameter",
      "Id": "PARAM_JITA_MOVE_X",
      "Segments": [
        0,
        0,
        0,
        5.47,
        0
      ]
    },
    {
      "Target": "Parameter",
      "Id": "PARAM_JITA_MOVE_Y",
      "Segments": [
        0,
        0,
        0,
        5.47,
        0
      ]
    },
    {
      "Target": "Parameter",
      "Id": "PARAM_JITA_Z",
      "Segments": [
        0,
        0,
        0,
        5.47,
        0
      ]
    },
    {
      "Target": "Parameter",
      "Id": "PARAM_JITA_X",
      "Segments": [
        0,
        0,
        0,
        5.47,
        0
      ]
    },
    {
      "Target": "Parameter",
      "Id": "PARAM_JITA_Y",
      "Segments": [
        0,
        0,
        0,
        5.47,
        0
      ]
    },
    {
      "Target": "Parameter",
      "Id": "PARAM_JINADAI_X",
      "Segments": [
        0,
        0,
        0,
        5.47,
        0
      ]
    },
    {
      "Target": "Parameter",
      "Id": "PARAM_JIANDAI_Y",
      "Segments": [
        0,
        0,
        0,
        5.47,
        0
      ]
    },
    {
      "Target": "Parameter",
      "Id": "PARAM_JIANDAI_BACK_X",
      "Segments": [
        0,
        0,
        0,
        5.47,
        0
      ]
    },
    {
      "Target": "Parameter",
      "Id": "PARAM_JIANDAI_BACK_Y",
      "Segments": [
        0,
        0,
        0,
        5.47,
        0
      ]
    },
    {
      "Target": "Parameter",
      "Id": "PARAM_EYE_BALL_FORM",
      "Segments": [
        0,
        0,
        0,
        5.47,
        0
      ]
    },
    {
      "Target": "Parameter",
      "Id": "PARAM_EYE_BALL_SAD",
      "Segments": [
        0,
        0,
        0,
        5.47,
        0
      ]
    },
    {
      "Target": "Parameter",
      "Id": "PARAM_EYE_BALL_KIRAKIRA",
      "Segments": [
        0,
        0,
        0,
        5.47,
        0
      ]
    },
    {
      "Target": "Parameter",
      "Id": "PARAM_EYE_kira_R1",
      "Segments": [
        0,
        1,
        0,
        5.47,
        1
      ]
    },
    {
      "Target": "Parameter",
      "Id": "PARAM_EYE_kira_R2",
      "Segments": [
        0,
        0.5,
        0,
        5.47,
        0.5
      ]
    },
    {
      "Target": "Parameter",
      "Id": "PARAM_EYE_kira_L1",
      "Segments": [
        0,
        1,
        0,
        5.47,
        1
      ]
    },
    {
      "Target": "Parameter",
      "Id": "PARAM_EYE_kira_L2",
      "Segments": [
        0,
        0.5,
        0,
        5.47,
        0.5
      ]
    },
    {
      "Target": "Parameter",
      "Id": "PARAM_EYE_TI1",
      "Segments": [
        0,
        0,
        0,
        5.47,
        0
      ]
    },
    {
      "Target": "Parameter",
      "Id": "PARAM_EYE_TI2",
      "Segments": [
        0,
        0,
        0,
        5.47,
        0
      ]
    },
    {
      "Target": "Parameter",
      "Id": "PARAM_EYE_SPECIAL",
      "Segments": [
        0,
        0,
        0,
        5.47,
        0
      ]
    },
    {
      "Target": "Parameter",
      "Id": "PARAM_EYE_DEFROM",
      "Segments": [
        0,
        0,
        0,
        5.47,
        0
      ]
    },
    {
      "Target": "Parameter",
      "Id": "PARAM_MOUTH_WIDTH",
      "Segments": [
        0,
        1,
        0,
        5.47,
        1
      ]
    },
    {
      "Target": "Parameter",
      "Id": "PARAM_MOUTH_X",
      "Segments": [
        0,
        0,
        0,
        5.47,
        0
      ]
    },
    {
      "Target": "Parameter",
      "Id": "PARAM_MOUTH_Y",
      "Segments": [
        0,
        0,
        0,
        5.47,
        0
      ]
    },
    {
      "Target": "Parameter",
      "Id": "PARAM_TERE2",
      "Segments": [
        0,
        0,
        0,
        5.47,
        0
      ]
    },
    {
      "Target": "Parameter",
      "Id": "PARAM_WATER",
      "Segments": [
        0,
        0,
        0,
        5.47,
        0
      ]
    },
    {
      "Target": "Parameter",
      "Id": "PARAM_HAN",
      "Segments": [
        0,
        0,
        0,
        5.47,
        0
      ]
    },
    {
      "Target": "Parameter",
      "Id": "PARAM_HEI",
      "Segments": [
        0,
        -1,
        0,
        5.47,
        -1
      ]
    },
    {
      "Target": "Parameter",
      "Id": "PARAM_LIANHEIXIAN",
      "Segments": [
        0,
        0,
        0,
        5.47,
        0
      ]
    },
    {
      "Target": "Parameter",
      "Id": "PARAM_HEIXIAN",
      "Segments": [
        0,
        0,
        0,
        5.47,
        0
      ]
    },
    {
      "Target": "Parameter",
      "Id": "PARAM_YINYING",
      "Segments": [
        0,
        0,
        0,
        5.47,
        0
      ]
    },
    {
      "Target": "Parameter",
      "Id": "PARAM_TANQI",
      "Segments": [
        0,
        0,
        0,
        5.47,
        0
      ]
    },
    {
      "Target": "Parameter",
      "Id": "PARAM_ZHAMAO",
      "Segments": [
        0,
        0,
        0,
        5.47,
        0
      ]
    },
    {
      "Target": "Parameter",
      "Id": "PARAM_RU_X",
      "Segments": [
        0,
        0,
        0,
        5.47,
        0
      ]
    },
    {
      "Target": "Parameter",
      "Id": "PARAM_RU_Y",
      "Segments": [
        0,
        0,
        0,
        5.47,
        0
      ]
    },
    {
      "Target": "Parameter",
      "Id": "PARAM_HAIR_FRONT",
      "Segments": [
        0,
        0,
        0,
        5.47,
        0
      ]
    },
    {
      "Target": "Parameter",
      "Id": "PARAM_HAIR_FROUT_2",
      "Segments": [
        0,
        0,
        0,
        5.47,
        0
      ]
    },
    {
      "Target": "Parameter",
      "Id": "PARAM_HAIR_FROUT_WAVE",
      "Segments": [
        0,
        0,
        0,
        5.47,
        0
      ]
    },
    {
      "Target": "Parameter",
      "Id": "PARAM_HAIR_SIDE_R",
      "Segments": [
        0,
        0,
        0,
        5.47,
        0
      ]
    },
    {
      "Target": "Parameter",
      "Id": "PARAM_HAIR_SIDE_R2",
      "Segments": [
        0,
        0,
        0,
        5.47,
        0
      ]
    },
    {
      "Target": "Parameter",
      "Id": "PARAM_HAIR_SIDE_WAVE",
      "Segments": [
        0,
        0,
        0,
        5.47,
        0
      ]
    },
    {
      "Target": "Parameter",
      "Id": "PARAM_HAIR_SIDE_R3",
      "Segments": [
        0,
        0,
        0,
        5.47,
        0
      ]
    },
    {
      "Target": "Parameter",
      "Id": "PARAM_HAIR_SIDE_L",
      "Segments": [
        0,
        0,
        0,
        5.47,
        0
      ]
    },
    {
      "Target": "Parameter",
      "Id": "PARAM_HAIR_SIDE_L3",
      "Segments": [
        0,
        0,
        0,
        5.47,
        0
      ]
    },
    {
      "Target": "Parameter",
      "Id": "PARAM_HAIR_BACK_WAVE",
      "Segments": [
        0,
        0,
        0,
        5.47,
        0
      ]
    },
    {
      "Target": "Parameter",
      "Id": "PARAM_XIANQUNZI_1",
      "Segments": [
        0,
        0,
        0,
        5.47,
        0
      ]
    },
    {
      "Target": "Parameter",
      "Id": "PARAM_XIANQUNZI_2",
      "Segments": [
        0,
        0,
        0,
        5.47,
        0
      ]
    },
    {
      "Target": "Parameter",
      "Id": "PARAM_YICENGQUN_YIDUAN_SHAKE",
      "Segments": [
        0,
        0,
        0,
        5.47,
        0
      ]
    },
    {
      "Target": "Parameter",
      "Id": "PARAM_PARAM_YICENGQUN_ERDUAN_SHAKE",
      "Segments": [
        0,
        0,
        0,
        5.47,
        0
      ]
    },
    {
      "Target": "Parameter",
      "Id": "PARAM_YICENGSHA_1DUAN_SHAKE",
      "Segments": [
        0,
        0,
        0,
        5.47,
        0
      ]
    },
    {
      "Target": "Parameter",
      "Id": "PARAM_YICESHA_2DUAN_SHAKE",
      "Segments": [
        0,
        0,
        0,
        5.47,
        0
      ]
    },
    {
      "Target": "Parameter",
      "Id": "PARAM_ERCENGSHA_1DUAN_SHAKE",
      "Segments": [
        0,
        0,
        0,
        5.47,
        0
      ]
    },
    {
      "Target": "Parameter",
      "Id": "PARAM_ERCENGSAHA_2DUAN_SHAKE",
      "Segments": [
        0,
        0,
        0,
        5.47,
        0
      ]
    }
  ],
  "UserData": []
}