{
  "Version": 3,
  "Meta": {
    "Duration": 5.1,
    "Fps": 30.0,
    "Loop": true,
    "AreBeziersRestricted": true,
    "CurveCount": 134,
    "TotalSegmentCount": 571,
    "TotalPointCount": 687,
    "UserDataCount": 0,
    "TotalUserDataSize": 0
  },
  "Curves": [
    {
      "Target": "Parameter",
      "Id": "PARAM_ANGLE_X",
      "Segments": [
        0,
        -9,
        0,
        0.367,
        -8,
        1,
        0.422,
        -14.333,
        0.478,
        -20.667,
        0.533,
        -27,
        1,
        0.611,
        -17.333,
        0.689,
        -7.667,
        0.767,
        2,
        1,
        0.834,
        -4,
        0.9,
        -10,
        0.967,
        -16,
        1,
        1.056,
        -8.662,
        1.144,
        -1.323,
        1.233,
        6.015,
        1,
        1.311,
        6.015,
        1.389,
        7.089,
        1.467,
        1,
        1,
        1.656,
        -13.787,
        1.844,
        -36,
        2.033,
        -36,
        2,
        2.9,
        -36,
        1,
        3.022,
        -36,
        3.145,
        -41.368,
        3.267,
        -42.493,
        1,
        3.511,
        -44.743,
        3.756,
        -45,
        4,
        -45,
        0,
        4.7,
        -4,
        0,
        5.1,
        -9
      ]
    },
    {
      "Target": "Parameter",
      "Id": "PARAM_ANGLE_Y",
      "Segments": [
        0,
        -15,
        0,
        0.367,
        -8,
        2,
        1.467,
        -8,
        0,
        1.7,
        17,
        0,
        2.033,
        -13,
        0,
        2.467,
        14,
        0,
        2.9,
        -13,
        2,
        3.267,
        -13,
        2,
        4,
        -13,
        0,
        4.367,
        -30,
        1,
        4.478,
        -30,
        4.589,
        -19.805,
        4.7,
        -5.584,
        1,
        4.756,
        1.526,
        4.811,
        3,
        4.867,
        3,
        0,
        5.1,
        -15
      ]
    },
    {
      "Target": "Parameter",
      "Id": "PARAM_ANGLE_Z",
      "Segments": [
        0,
        3,
        0,
        0.367,
        -8,
        2,
        1.467,
        -8,
        0,
        2.033,
        -11,
        2,
        2.9,
        -11,
        1,
        3.022,
        -11,
        3.145,
        -15.171,
        3.267,
        -16.05,
        1,
        3.511,
        -17.809,
        3.756,
        -18,
        4,
        -18,
        1,
        4.233,
        -18,
        4.467,
        -15.979,
        4.7,
        -8,
        1,
        4.833,
        -3.441,
        4.967,
        3,
        5.1,
        3
      ]
    },
    {
      "Target": "Parameter",
      "Id": "PARAM_BODY_ANGLE_X",
      "Segments": [
        0,
        -4,
        1,
        0.122,
        -4,
        0.245,
        -1.947,
        0.367,
        1,
        1,
        0.434,
        2.607,
        0.5,
        3,
        0.567,
        3,
        0,
        0.867,
        0.926,
        0,
        1.1,
        3,
        1,
        1.222,
        3,
        1.345,
        2.309,
        1.467,
        1,
        1,
        1.656,
        -1.023,
        1.844,
        -4.664,
        2.033,
        -5,
        1,
        2.322,
        -5.514,
        2.611,
        -5.553,
        2.9,
        -6,
        1,
        3.022,
        -6.189,
        3.145,
        -8.579,
        3.267,
        -9.005,
        1,
        3.511,
        -9.858,
        3.756,
        -10,
        4,
        -10,
        0,
        4.7,
        -0.047,
        0,
        5.1,
        -4
      ]
    },
    {
      "Target": "Parameter",
      "Id": "PARAM_BODY_ANGLE_Y",
      "Segments": [
        0,
        0,
        0,
        0.2,
        -5,
        0,
        0.367,
        0,
        2,
        1.467,
        0,
        0,
        1.733,
        -3,
        1,
        1.833,
        -3,
        1.933,
        -2.17,
        2.033,
        0,
        1,
        2.178,
        3.134,
        2.322,
        5,
        2.467,
        5,
        1,
        2.611,
        5,
        2.756,
        1.016,
        2.9,
        0,
        1,
        3.022,
        -0.86,
        3.145,
        -1.209,
        3.267,
        -1.443,
        1,
        3.511,
        -1.91,
        3.756,
        -2,
        4,
        -2,
        0,
        4.5,
        10,
        0,
        5.1,
        0
      ]
    },
    {
      "Target": "Parameter",
      "Id": "PARAM_BODY_ANGLE_Z",
      "Segments": [
        0,
        -0.879,
        0,
        0.367,
        4,
        0,
        0.6,
        2,
        0,
        0.833,
        4,
        0,
        1.1,
        3,
        0,
        1.467,
        4,
        0,
        1.8,
        -1,
        1,
        1.878,
        -1,
        1.955,
        -0.943,
        2.033,
        -0.5,
        1,
        2.178,
        0.322,
        2.322,
        1,
        2.467,
        1,
        1,
        2.611,
        1,
        2.756,
        0.216,
        2.9,
        -0.5,
        1,
        3.022,
        -1.106,
        3.145,
        -1.797,
        3.267,
        -1.863,
        1,
        3.511,
        -1.993,
        3.756,
        -2,
        4,
        -2,
        0,
        4.7,
        0,
        0,
        5.1,
        -0.879
      ]
    },
    {
      "Target": "Parameter",
      "Id": "PARAM_UPPER_BODY",
      "Segments": [
        0,
        -1.53,
        0,
        0.367,
        2,
        2,
        1.467,
        2,
        0,
        1.8,
        -1,
        1,
        1.878,
        -1,
        1.955,
        0.167,
        2.033,
        0.74,
        1,
        2.178,
        1.804,
        2.322,
        2,
        2.467,
        2,
        1,
        2.611,
        2,
        2.756,
        1.053,
        2.9,
        0.74,
        1,
        3.022,
        0.475,
        3.145,
        0.39,
        3.267,
        0.282,
        1,
        3.511,
        0.067,
        3.756,
        0,
        4,
        0,
        2,
        4.7,
        0,
        0,
        5.1,
        -1.53
      ]
    },
    {
      "Target": "Parameter",
      "Id": "PARAM_LEFT_ARM",
      "Segments": [
        0,
        0.2,
        0,
        0.367,
        0.4,
        2,
        1.467,
        0.4,
        0,
        2.033,
        0.273,
        2,
        2.9,
        0.273,
        2,
        3.267,
        0.273,
        2,
        4,
        0.273,
        0,
        4.7,
        0.451,
        0,
        5.1,
        0.2
      ]
    },
    {
      "Target": "Parameter",
      "Id": "PARAM_ARM_L",
      "Segments": [
        0,
        -1,
        0,
        0.367,
        3,
        0,
        0.9,
        2.892,
        0,
        1.467,
        3,
        1,
        1.656,
        3,
        1.844,
        2.722,
        2.033,
        2.6,
        1,
        2.2,
        2.492,
        2.366,
        2.5,
        2.533,
        2.5,
        0,
        2.9,
        2.6,
        0,
        3.267,
        2.5,
        0,
        4,
        2.6,
        0,
        4.7,
        -1,
        2,
        5.1,
        -1
      ]
    },
    {
      "Target": "Parameter",
      "Id": "PARAM_ARM_L_TOUSHI2",
      "Segments": [
        0,
        0,
        0,
        0.367,
        0.19,
        2,
        1.467,
        0.19,
        2,
        2.033,
        0.19,
        2,
        2.9,
        0.19,
        2,
        3.267,
        0.19,
        2,
        4,
        0.19,
        0,
        4.7,
        0,
        2,
        5.1,
        0
      ]
    },
    {
      "Target": "Parameter",
      "Id": "PARAM_TOUSHI_L",
      "Segments": [
        0,
        0,
        0,
        0.367,
        0.4,
        2,
        1.467,
        0.4,
        0,
        2.033,
        0.8,
        2,
        2.9,
        0.8,
        2,
        3.267,
        0.8,
        2,
        4,
        0.8,
        0,
        4.7,
        0,
        2,
        5.1,
        0
      ]
    },
    {
      "Target": "Parameter",
      "Id": "PARAM_ARM_L_02",
      "Segments": [
        0,
        0.951,
        1,
        0.056,
        0.951,
        0.111,
        0.473,
        0.167,
        0.3,
        1,
        0.278,
        -0.046,
        0.389,
        -0.1,
        0.5,
        -0.1,
        2,
        1.467,
        -0.1,
        1,
        1.656,
        -0.1,
        1.844,
        -0.064,
        2.033,
        0.1,
        1,
        2.289,
        0.322,
        2.544,
        0.5,
        2.8,
        0.5,
        0,
        3.1,
        0.3,
        2,
        3.267,
        0.3,
        2,
        4,
        0.3,
        0,
        4.3,
        0.1,
        1,
        4.433,
        0.1,
        4.567,
        0.584,
        4.7,
        0.9,
        1,
        4.756,
        1.032,
        4.811,
        1,
        4.867,
        1,
        0,
        5.1,
        0.951
      ]
    },
    {
      "Target": "Parameter",
      "Id": "PARAM_HAND_L",
      "Segments": [
        0,
        0,
        2,
        0.167,
        0,
        2,
        0.2,
        0.5,
        2,
        1.467,
        0.5,
        2,
        2.033,
        0.5,
        2,
        2.9,
        0.5,
        2,
        3.267,
        0.5,
        2,
        4,
        0.5,
        2,
        4.267,
        0.5,
        2,
        4.3,
        0,
        2,
        4.7,
        0,
        2,
        5.1,
        0
      ]
    },
    {
      "Target": "Parameter",
      "Id": "PARAM_HAND_L2",
      "Segments": [
        0,
        0,
        2,
        0.167,
        0,
        2,
        0.2,
        1,
        2,
        1.467,
        1,
        2,
        2.033,
        1,
        2,
        2.9,
        1,
        2,
        3.267,
        1,
        2,
        4,
        1,
        2,
        4.267,
        1,
        2,
        4.3,
        0,
        2,
        4.7,
        0,
        2,
        5.1,
        0
      ]
    },
    {
      "Target": "Parameter",
      "Id": "PARAM_HAND_L_02",
      "Segments": [
        0,
        0,
        0,
        0.367,
        -1,
        2,
        1.467,
        -1,
        2,
        2.033,
        -1,
        2,
        2.9,
        -1,
        2,
        3.267,
        -1,
        2,
        4,
        -1,
        0,
        4.7,
        0,
        2,
        5.1,
        0
      ]
    },
    {
      "Target": "Parameter",
      "Id": "PARAM_HAND_L_LEVEL",
      "Segments": [
        0,
        0,
        2,
        0.033,
        1,
        2,
        0.367,
        1,
        2,
        1.467,
        1,
        2,
        2.033,
        1,
        2,
        2.9,
        1,
        2,
        3.267,
        1,
        2,
        4,
        1,
        2,
        4.267,
        1,
        2,
        4.3,
        1,
        0,
        4.7,
        0,
        2,
        5.1,
        0
      ]
    },
    {
      "Target": "Parameter",
      "Id": "PARAM_RIGHT_ARM_TAI",
      "Segments": [
        0,
        0.5,
        0,
        0.367,
        0.1,
        2,
        4.7,
        0.1,
        0,
        5.1,
        0.5
      ]
    },
    {
      "Target": "Parameter",
      "Id": "PARAM_RIGHT_ARM",
      "Segments": [
        0,
        0.643,
        1,
        0.122,
        0.643,
        0.245,
        0.642,
        0.367,
        0.647,
        1,
        0.478,
        0.651,
        0.589,
        0.747,
        0.7,
        0.747,
        0,
        1.1,
        0.691,
        0,
        1.467,
        0.747,
        0,
        1.9,
        0.073,
        0,
        2.1,
        0.117,
        2,
        2.9,
        0.117,
        2,
        3.267,
        0.117,
        2,
        4,
        0.117,
        0,
        4.3,
        -0.083,
        0,
        4.833,
        0.753,
        0,
        5.1,
        0.643
      ]
    },
    {
      "Target": "Parameter",
      "Id": "PARAM_ARM_R",
      "Segments": [
        0,
        4.557,
        0,
        0.367,
        3.299,
        0,
        0.7,
        3.499,
        0,
        1.1,
        3.439,
        0,
        1.467,
        3.499,
        0,
        1.967,
        1.949,
        0,
        2.167,
        2.344,
        2,
        2.967,
        2.344,
        2,
        3.333,
        2.344,
        2,
        4.067,
        2.344,
        0,
        4.367,
        1.534,
        1,
        4.522,
        1.534,
        4.678,
        2.349,
        4.833,
        3.615,
        1,
        4.922,
        4.339,
        5.011,
        4.557,
        5.1,
        4.557
      ]
    },
    {
      "Target": "Parameter",
      "Id": "PARAM_ARM_R_TOUSHI2",
      "Segments": [
        0,
        0.3,
        0,
        0.367,
        0.245,
        2,
        1.467,
        0.245,
        0,
        1.933,
        0.546,
        2,
        2.133,
        0.546,
        2,
        2.933,
        0.546,
        2,
        3.3,
        0.546,
        2,
        4.033,
        0.546,
        0,
        4.833,
        0.3,
        2,
        5.1,
        0.3
      ]
    },
    {
      "Target": "Parameter",
      "Id": "PARAM_TOUSHI_R",
      "Segments": [
        0,
        0.7,
        0,
        0.367,
        0.23,
        2,
        1.467,
        0.23,
        0,
        1.9,
        0.211,
        2,
        2.1,
        0.211,
        2,
        2.9,
        0.211,
        2,
        3.267,
        0.211,
        2,
        4,
        0.211,
        2,
        4.3,
        0.211,
        0,
        4.833,
        0.111,
        0,
        5.1,
        0.7
      ]
    },
    {
      "Target": "Parameter",
      "Id": "PARAM_ARM_R_02",
      "Segments": [
        0,
        0.847,
        0,
        0.367,
        -0.443,
        2,
        1.467,
        -0.443,
        0,
        1.9,
        0.8,
        2,
        2.1,
        0.8,
        2,
        2.9,
        0.8,
        2,
        3.267,
        0.8,
        2,
        4,
        0.8,
        0,
        4.267,
        -0.2,
        0,
        4.467,
        1,
        0,
        5.1,
        0.847
      ]
    },
    {
      "Target": "Parameter",
      "Id": "PARAM_HAND_R",
      "Segments": [
        0,
        0,
        2,
        0.167,
        0,
        0,
        0.2,
        0.5,
        2,
        0.367,
        0.5,
        2,
        1.467,
        0.5,
        2,
        1.9,
        0.5,
        2,
        2.1,
        0.5,
        2,
        2.9,
        0.5,
        2,
        3.267,
        0.5,
        2,
        4,
        0.5,
        2,
        4.267,
        0.5,
        2,
        4.833,
        0.5,
        0,
        4.867,
        0,
        2,
        5.1,
        0
      ]
    },
    {
      "Target": "Parameter",
      "Id": "PARAM_HAND_R2",
      "Segments": [
        0,
        0,
        2,
        0.167,
        0,
        2,
        0.2,
        1,
        2,
        0.367,
        1,
        2,
        1.467,
        1,
        2,
        1.9,
        1,
        2,
        2.9,
        1,
        2,
        3.267,
        1,
        2,
        4,
        1,
        2,
        4.267,
        1,
        2,
        4.833,
        1,
        2,
        4.867,
        0,
        2,
        5.1,
        0
      ]
    },
    {
      "Target": "Parameter",
      "Id": "PARAM_HAND_R_02",
      "Segments": [
        0,
        1,
        2,
        0.167,
        1,
        2,
        0.2,
        -1,
        2,
        0.367,
        -1,
        2,
        1.467,
        -1,
        2,
        1.9,
        -1,
        2,
        2.9,
        -1,
        2,
        3.267,
        -1,
        2,
        4,
        -1,
        2,
        4.267,
        -1,
        0,
        4.567,
        -0.222,
        0,
        4.833,
        -1,
        2,
        4.867,
        1,
        2,
        5.1,
        1
      ]
    },
    {
      "Target": "Parameter",
      "Id": "PARAM_HAND_R_LEVEL",
      "Segments": [
        0,
        1,
        2,
        0.367,
        1,
        2,
        1.467,
        1,
        2,
        1.867,
        1,
        2,
        1.9,
        0,
        2,
        2.9,
        0,
        2,
        3.267,
        0,
        2,
        4,
        0,
        2,
        4.267,
        0,
        2,
        4.3,
        1,
        2,
        4.7,
        1,
        2,
        5.1,
        1
      ]
    },
    {
      "Target": "Parameter",
      "Id": "PARAM_EYE_L_OPEN",
      "Segments": [
        0,
        0,
        0,
        0.367,
        1,
        2,
        1.467,
        1,
        2,
        2.033,
        1,
        0,
        2.2,
        0,
        0,
        2.367,
        1,
        2,
        2.667,
        1,
        0,
        2.9,
        0,
        2,
        3.267,
        0,
        2,
        4,
        0,
        0,
        4.7,
        1,
        2,
        5.1,
        1
      ]
    },
    {
      "Target": "Parameter",
      "Id": "PARAM_EYE_L_FORM",
      "Segments": [
        0,
        0,
        0,
        0.367,
        0.5,
        2,
        1.467,
        0.5,
        2,
        2.033,
        0.5,
        2,
        2.9,
        0.5,
        2,
        3.267,
        0.5,
        2,
        4,
        0.5,
        2,
        4.7,
        0.5,
        2,
        5.1,
        0.5
      ]
    },
    {
      "Target": "Parameter",
      "Id": "PARAM_EYE_R_OPEN",
      "Segments": [
        0,
        0,
        0,
        0.367,
        1,
        2,
        1.467,
        1,
        2,
        2.033,
        1,
        0,
        2.2,
        0,
        0,
        2.367,
        1,
        2,
        2.667,
        1,
        0,
        2.9,
        0,
        2,
        3.267,
        0,
        2,
        4,
        0,
        0,
        4.7,
        1,
        2,
        5.1,
        1
      ]
    },
    {
      "Target": "Parameter",
      "Id": "PARAM_EYE_R_FORM",
      "Segments": [
        0,
        0,
        0,
        0.367,
        0.5,
        2,
        1.467,
        0.5,
        2,
        2.033,
        0.5,
        2,
        2.9,
        0.5,
        2,
        3.267,
        0.5,
        2,
        4,
        0.5,
        2,
        4.7,
        0.5,
        2,
        5.1,
        0.5
      ]
    },
    {
      "Target": "Parameter",
      "Id": "PARAM_EYE_BALL_X",
      "Segments": [
        0,
        0,
        2,
        0.367,
        0,
        0,
        0.533,
        0.3,
        0,
        0.767,
        -0.3,
        0,
        0.967,
        0.3,
        0,
        1.2,
        -0.1,
        1,
        1.289,
        -0.1,
        1.378,
        -0.109,
        1.467,
        0,
        1,
        1.656,
        0.233,
        1.844,
        0.5,
        2.033,
        0.5,
        2,
        2.9,
        0.5,
        2,
        3.267,
        0.5,
        2,
        4,
        0.5,
        0,
        4.7,
        0,
        2,
        5.1,
        0
      ]
    },
    {
      "Target": "Parameter",
      "Id": "PARAM_BROW_L_Y",
      "Segments": [
        0,
        -1,
        0,
        0.367,
        0,
        2,
        1.467,
        0,
        2,
        2.033,
        0,
        0,
        2.2,
        -1,
        0,
        2.367,
        0,
        2,
        2.667,
        0,
        0,
        2.9,
        -1,
        2,
        3.267,
        -1,
        2,
        4,
        -1,
        0,
        4.7,
        0,
        2,
        5.1,
        0
      ]
    },
    {
      "Target": "Parameter",
      "Id": "PARAM_BROW_R_Y",
      "Segments": [
        0,
        -1,
        0,
        0.367,
        0,
        2,
        1.467,
        0,
        2,
        2.033,
        0,
        0,
        2.2,
        -1,
        0,
        2.367,
        0,
        2,
        2.667,
        0,
        0,
        2.9,
        -1,
        2,
        3.267,
        -1,
        2,
        4,
        -1,
        0,
        4.7,
        0,
        2,
        5.1,
        0
      ]
    },
    {
      "Target": "Parameter",
      "Id": "PARAM_BROW_L_ANGLE",
      "Segments": [
        0,
        0.4,
        2,
        0.367,
        0.4,
        2,
        1.467,
        0.4,
        0,
        2.033,
        0,
        2,
        2.9,
        0,
        2,
        3.267,
        0,
        2,
        4,
        0,
        2,
        4.7,
        0,
        2,
        5.1,
        0
      ]
    },
    {
      "Target": "Parameter",
      "Id": "PARAM_BROW_R_ANGLE",
      "Segments": [
        0,
        0.4,
        2,
        0.367,
        0.4,
        2,
        1.467,
        0.4,
        0,
        2.033,
        0,
        2,
        2.9,
        0,
        2,
        3.267,
        0,
        2,
        4,
        0,
        2,
        4.7,
        0,
        2,
        5.1,
        0
      ]
    },
    {
      "Target": "Parameter",
      "Id": "PARAM_BROW_L_FORM",
      "Segments": [
        0,
        1,
        2,
        0.367,
        1,
        2,
        1.467,
        1,
        0,
        2.033,
        0,
        2,
        2.9,
        0,
        2,
        3.267,
        0,
        2,
        4,
        0,
        0,
        4.7,
        0.5,
        2,
        5.1,
        0.5
      ]
    },
    {
      "Target": "Parameter",
      "Id": "PARAM_BROW_R_FORM",
      "Segments": [
        0,
        1,
        2,
        0.367,
        1,
        2,
        1.467,
        1,
        0,
        2.033,
        0,
        2,
        2.9,
        0,
        2,
        3.267,
        0,
        2,
        4,
        0,
        0,
        4.7,
        0.5,
        2,
        5.1,
        0.5
      ]
    },
    {
      "Target": "Parameter",
      "Id": "PARAM_MOUTH_OPEN",
      "Segments": [
        0,
        2,
        1,
        0.056,
        2,
        0.111,
        1.913,
        0.167,
        1.6,
        2,
        0.2,
        0,
        2,
        0.367,
        0,
        2,
        1.467,
        0,
        2,
        1.733,
        0,
        0,
        1.767,
        0.7,
        0,
        2.033,
        0,
        2,
        2.9,
        0,
        2,
        3.267,
        0,
        2,
        4,
        0,
        0,
        4.7,
        1.5,
        0,
        5.1,
        0
      ]
    },
    {
      "Target": "Parameter",
      "Id": "PARAM_MOUTH_FORM",
      "Segments": [
        0,
        -1,
        0,
        0.167,
        1,
        2,
        0.2,
        1,
        2,
        0.367,
        1,
        2,
        1.467,
        1,
        2,
        1.733,
        1,
        1,
        1.744,
        1,
        1.756,
        0.846,
        1.767,
        0.7,
        1,
        1.856,
        -0.471,
        1.944,
        -1,
        2.033,
        -1,
        2,
        2.9,
        -1,
        2,
        3.267,
        -1,
        2,
        4,
        -1,
        2,
        4.7,
        -1,
        0,
        5.1,
        -0.6
      ]
    },
    {
      "Target": "Parameter",
      "Id": "PARAM_MOUTH_SPECIAL",
      "Segments": [
        0,
        0,
        2,
        0.167,
        0,
        2,
        0.2,
        1,
        2,
        0.367,
        1,
        2,
        1.467,
        1,
        2,
        1.733,
        1,
        2,
        1.767,
        0,
        2,
        2.033,
        0,
        2,
        2.9,
        0,
        2,
        3.267,
        0,
        2,
        4,
        0,
        2,
        4.7,
        0,
        2,
        5.1,
        0
      ]
    },
    {
      "Target": "Parameter",
      "Id": "PARAM_MOUTH_SIZE",
      "Segments": [
        0,
        -0.5,
        0,
        0.367,
        0,
        2,
        1.467,
        0,
        2,
        1.733,
        0,
        0,
        1.767,
        -1,
        0,
        2.033,
        0,
        2,
        2.9,
        0,
        2,
        3.267,
        0,
        2,
        4,
        0,
        0,
        4.7,
        -0.5,
        2,
        5.1,
        -0.5
      ]
    },
    {
      "Target": "Parameter",
      "Id": "PARAM_MOUTH_X",
      "Segments": [
        0,
        0,
        2,
        0.367,
        0,
        0,
        0.533,
        -0.2,
        1,
        0.611,
        -0.1,
        0.689,
        0,
        0.767,
        0.1,
        1,
        0.834,
        0.041,
        0.9,
        -0.017,
        0.967,
        -0.076,
        1,
        1.056,
        -0.017,
        1.144,
        0.041,
        1.233,
        0.1,
        2,
        1.467,
        0.1,
        1,
        1.556,
        0.1,
        1.644,
        0.054,
        1.733,
        -0.076,
        1,
        1.744,
        -0.092,
        1.756,
        -0.3,
        1.767,
        -0.3,
        0,
        2.033,
        -0.2,
        2,
        4,
        -0.2,
        0,
        4.7,
        0,
        2,
        5.1,
        0
      ]
    },
    {
      "Target": "Parameter",
      "Id": "PARAM_SHY",
      "Segments": [
        0,
        1,
        2,
        0.367,
        1,
        2,
        1.467,
        1,
        0,
        2.033,
        0,
        2,
        2.667,
        0,
        0,
        2.9,
        1,
        2,
        3.267,
        1,
        2,
        4,
        1,
        0,
        4.7,
        0,
        2,
        5.1,
        0
      ]
    },
    {
      "Target": "Parameter",
      "Id": "PARAM_TERE",
      "Segments": [
        0,
        0.6,
        2,
        0.367,
        0.6,
        2,
        1.467,
        0.6,
        2,
        2.033,
        0.6,
        2,
        2.9,
        0.6,
        2,
        3.267,
        0.6,
        2,
        4,
        0.6,
        2,
        4.7,
        0.6,
        0,
        5.1,
        0.8
      ]
    },
    {
      "Target": "PartOpacity",
      "Id": "PARTS_GUDIAN",
      "Segments": [
        0,
        1,
        2,
        0.5,
        1,
        2,
        2,
        1,
        2,
        5.1,
        1
      ]
    },
    {
      "Target": "PartOpacity",
      "Id": "PARTS_01_ARM_L_01",
      "Segments": [
        0,
        1,
        2,
        0.5,
        1,
        2,
        2,
        1,
        2,
        5.1,
        1
      ]
    },
    {
      "Target": "PartOpacity",
      "Id": "PARTS_01_ARM_R_01",
      "Segments": [
        0,
        1,
        2,
        0.5,
        1,
        2,
        2,
        1,
        2,
        5.1,
        1
      ]
    },
    {
      "Target": "PartOpacity",
      "Id": "PARTS_01_BODY",
      "Segments": [
        0,
        1,
        2,
        0.9,
        1,
        2,
        3.97,
        1,
        2,
        5.1,
        1
      ]
    },
    {
      "Target": "PartOpacity",
      "Id": "PARTS_01_NECK",
      "Segments": [
        0,
        1,
        2,
        0.9,
        1,
        2,
        3.97,
        1,
        2,
        5.1,
        1
      ]
    },
    {
      "Target": "PartOpacity",
      "Id": "PARTS_01_HAIR_BACK_001",
      "Segments": [
        0,
        1,
        2,
        0.9,
        1,
        2,
        3.97,
        1,
        2,
        5.1,
        1
      ]
    },
    {
      "Target": "PartOpacity",
      "Id": "PARTS_01_HAIR_SIDE_001",
      "Segments": [
        0,
        1,
        2,
        0.9,
        1,
        2,
        3.97,
        1,
        2,
        5.1,
        1
      ]
    },
    {
      "Target": "PartOpacity",
      "Id": "PARTS_01_HAIR_FRONT_001",
      "Segments": [
        0,
        1,
        2,
        0.9,
        1,
        2,
        3.97,
        1,
        2,
        5.1,
        1
      ]
    },
    {
      "Target": "PartOpacity",
      "Id": "PARTS_01_EAR_001",
      "Segments": [
        0,
        1,
        2,
        0.9,
        1,
        2,
        3.97,
        1,
        2,
        5.1,
        1
      ]
    },
    {
      "Target": "PartOpacity",
      "Id": "PARTS_01_NOSE_001",
      "Segments": [
        0,
        1,
        2,
        0.9,
        1,
        2,
        3.97,
        1,
        2,
        5.1,
        1
      ]
    },
    {
      "Target": "PartOpacity",
      "Id": "PARTS_01_MOUTH_001",
      "Segments": [
        0,
        1,
        2,
        0.9,
        1,
        2,
        3.97,
        1,
        2,
        5.1,
        1
      ]
    },
    {
      "Target": "PartOpacity",
      "Id": "PARTS_01_BROW_001",
      "Segments": [
        0,
        1,
        2,
        0.9,
        1,
        2,
        3.97,
        1,
        2,
        5.1,
        1
      ]
    },
    {
      "Target": "PartOpacity",
      "Id": "PARTS_01_EYE_BALL_001",
      "Segments": [
        0,
        1,
        2,
        0.9,
        1,
        2,
        3.97,
        1,
        2,
        5.1,
        1
      ]
    },
    {
      "Target": "PartOpacity",
      "Id": "PARTS_01_EYE_001",
      "Segments": [
        0,
        1,
        2,
        0.9,
        1,
        2,
        3.97,
        1,
        2,
        5.1,
        1
      ]
    },
    {
      "Target": "PartOpacity",
      "Id": "PARTS_01_FACE_001",
      "Segments": [
        0,
        1,
        2,
        0.9,
        1,
        2,
        3.97,
        1,
        2,
        5.1,
        1
      ]
    },
    {
      "Target": "PartOpacity",
      "Id": "ROUGH",
      "Segments": [
        0,
        1,
        2,
        0.9,
        1,
        2,
        3.97,
        1,
        2,
        5.1,
        1
      ]
    },
    {
      "Target": "Model",
      "Id": "Opacity",
      "Segments": [
        0,
        1,
        0,
        5.1,
        1
      ]
    },
    {
      "Target": "Parameter",
      "Id": "PARAM_LEFT_ARM_TAI",
      "Segments": [
        0,
        0,
        0,
        5.1,
        0
      ]
    },
    {
      "Target": "Parameter",
      "Id": "PARAM_TANGDIE",
      "Segments": [
        0,
        0,
        0,
        5.1,
        0
      ]
    },
    {
      "Target": "Parameter",
      "Id": "PARAM_YIFU",
      "Segments": [
        0,
        0,
        0,
        5.1,
        0
      ]
    },
    {
      "Target": "Parameter",
      "Id": "PARAM_CHICKEN",
      "Segments": [
        0,
        0,
        0,
        5.1,
        0
      ]
    },
    {
      "Target": "Parameter",
      "Id": "PARAM_CHICKEN_MOVE",
      "Segments": [
        0,
        0,
        0,
        5.1,
        0
      ]
    },
    {
      "Target": "Parameter",
      "Id": "PARAM_BANSHOU",
      "Segments": [
        0,
        0,
        0,
        5.1,
        0
      ]
    },
    {
      "Target": "Parameter",
      "Id": "PARAM_BANSHOU_MOVE",
      "Segments": [
        0,
        0,
        0,
        5.1,
        0
      ]
    },
    {
      "Target": "Parameter",
      "Id": "PARAM_BANSHOU_MOVE_01",
      "Segments": [
        0,
        0,
        0,
        5.1,
        0
      ]
    },
    {
      "Target": "Parameter",
      "Id": "PARAM_SHAOZI",
      "Segments": [
        0,
        0,
        0,
        5.1,
        0
      ]
    },
    {
      "Target": "Parameter",
      "Id": "PARAM_SHAOZI_MOVE",
      "Segments": [
        0,
        0,
        0,
        5.1,
        0
      ]
    },
    {
      "Target": "Parameter",
      "Id": "PARAM_SHAOZI_MOVE_01",
      "Segments": [
        0,
        0,
        0,
        5.1,
        0
      ]
    },
    {
      "Target": "Parameter",
      "Id": "PARAM_SOUP",
      "Segments": [
        0,
        0,
        0,
        5.1,
        0
      ]
    },
    {
      "Target": "Parameter",
      "Id": "PARAM_JITA_CHUXIAN",
      "Segments": [
        0,
        0,
        0,
        5.1,
        0
      ]
    },
    {
      "Target": "Parameter",
      "Id": "PARAM_JITA_LEVEL",
      "Segments": [
        0,
        0,
        0,
        5.1,
        0
      ]
    },
    {
      "Target": "Parameter",
      "Id": "PARAM_JITA_MOVE_X",
      "Segments": [
        0,
        0,
        0,
        5.1,
        0
      ]
    },
    {
      "Target": "Parameter",
      "Id": "PARAM_JITA_MOVE_Y",
      "Segments": [
        0,
        0,
        0,
        5.1,
        0
      ]
    },
    {
      "Target": "Parameter",
      "Id": "PARAM_JITA_Z",
      "Segments": [
        0,
        0,
        0,
        5.1,
        0
      ]
    },
    {
      "Target": "Parameter",
      "Id": "PARAM_JITA_X",
      "Segments": [
        0,
        0,
        0,
        5.1,
        0
      ]
    },
    {
      "Target": "Parameter",
      "Id": "PARAM_JITA_Y",
      "Segments": [
        0,
        0,
        0,
        5.1,
        0
      ]
    },
    {
      "Target": "Parameter",
      "Id": "PARAM_JINADAI_X",
      "Segments": [
        0,
        0,
        0,
        5.1,
        0
      ]
    },
    {
      "Target": "Parameter",
      "Id": "PARAM_JIANDAI_Y",
      "Segments": [
        0,
        0,
        0,
        5.1,
        0
      ]
    },
    {
      "Target": "Parameter",
      "Id": "PARAM_JIANDAI_BACK_X",
      "Segments": [
        0,
        0,
        0,
        5.1,
        0
      ]
    },
    {
      "Target": "Parameter",
      "Id": "PARAM_JIANDAI_BACK_Y",
      "Segments": [
        0,
        0,
        0,
        5.1,
        0
      ]
    },
    {
      "Target": "Parameter",
      "Id": "PARAM_EYE_BALL_Y",
      "Segments": [
        0,
        0,
        0,
        5.1,
        0
      ]
    },
    {
      "Target": "Parameter",
      "Id": "PARAM_EYE_BALL_FORM",
      "Segments": [
        0,
        0,
        0,
        5.1,
        0
      ]
    },
    {
      "Target": "Parameter",
      "Id": "PARAM_EYE_BALL_SAD",
      "Segments": [
        0,
        0,
        0,
        5.1,
        0
      ]
    },
    {
      "Target": "Parameter",
      "Id": "PARAM_EYE_BALL_BAIYAN",
      "Segments": [
        0,
        0,
        0,
        5.1,
        0
      ]
    },
    {
      "Target": "Parameter",
      "Id": "PARAM_EYE_BALL_KIRAKIRA",
      "Segments": [
        0,
        0,
        0,
        5.1,
        0
      ]
    },
    {
      "Target": "Parameter",
      "Id": "PARAM_EYE_kira_R1",
      "Segments": [
        0,
        1,
        0,
        5.1,
        1
      ]
    },
    {
      "Target": "Parameter",
      "Id": "PARAM_EYE_kira_R2",
      "Segments": [
        0,
        0.5,
        0,
        5.1,
        0.5
      ]
    },
    {
      "Target": "Parameter",
      "Id": "PARAM_EYE_kira_L1",
      "Segments": [
        0,
        1,
        0,
        5.1,
        1
      ]
    },
    {
      "Target": "Parameter",
      "Id": "PARAM_EYE_kira_L2",
      "Segments": [
        0,
        0.5,
        0,
        5.1,
        0.5
      ]
    },
    {
      "Target": "Parameter",
      "Id": "PARAM_EYE_TI1",
      "Segments": [
        0,
        0,
        0,
        5.1,
        0
      ]
    },
    {
      "Target": "Parameter",
      "Id": "PARAM_EYE_TI2",
      "Segments": [
        0,
        0,
        0,
        5.1,
        0
      ]
    },
    {
      "Target": "Parameter",
      "Id": "PARAM_EYE_SPECIAL",
      "Segments": [
        0,
        0,
        0,
        5.1,
        0
      ]
    },
    {
      "Target": "Parameter",
      "Id": "PARAM_EYE_DEFROM",
      "Segments": [
        0,
        0,
        0,
        5.1,
        0
      ]
    },
    {
      "Target": "Parameter",
      "Id": "PARAM_BROW_L_X",
      "Segments": [
        0,
        0,
        0,
        5.1,
        0
      ]
    },
    {
      "Target": "Parameter",
      "Id": "PARAM_BROW_R_X",
      "Segments": [
        0,
        0,
        0,
        5.1,
        0
      ]
    },
    {
      "Target": "Parameter",
      "Id": "PARAM_MOUTH_WIDTH",
      "Segments": [
        0,
        1,
        0,
        5.1,
        1
      ]
    },
    {
      "Target": "Parameter",
      "Id": "PARAM_MOUTH_DEFORM_SPECIAL",
      "Segments": [
        0,
        0,
        0,
        5.1,
        0
      ]
    },
    {
      "Target": "Parameter",
      "Id": "PARAM_MOUTH_Y",
      "Segments": [
        0,
        0,
        0,
        5.1,
        0
      ]
    },
    {
      "Target": "Parameter",
      "Id": "PARAM_TERE2",
      "Segments": [
        0,
        0,
        0,
        5.1,
        0
      ]
    },
    {
      "Target": "Parameter",
      "Id": "PARAM_WATER",
      "Segments": [
        0,
        0,
        0,
        5.1,
        0
      ]
    },
    {
      "Target": "Parameter",
      "Id": "PARAM_HAN",
      "Segments": [
        0,
        0,
        0,
        5.1,
        0
      ]
    },
    {
      "Target": "Parameter",
      "Id": "PARAM_ANGRY",
      "Segments": [
        0,
        0,
        0,
        5.1,
        0
      ]
    },
    {
      "Target": "Parameter",
      "Id": "PARAM_HEI",
      "Segments": [
        0,
        -1,
        0,
        5.1,
        -1
      ]
    },
    {
      "Target": "Parameter",
      "Id": "PARAM_LIANHEIXIAN",
      "Segments": [
        0,
        0,
        0,
        5.1,
        0
      ]
    },
    {
      "Target": "Parameter",
      "Id": "PARAM_FAT",
      "Segments": [
        0,
        0,
        0,
        5.1,
        0
      ]
    },
    {
      "Target": "Parameter",
      "Id": "PARAM_HEIXIAN",
      "Segments": [
        0,
        0,
        0,
        5.1,
        0
      ]
    },
    {
      "Target": "Parameter",
      "Id": "PARAM_YINYING",
      "Segments": [
        0,
        0,
        0,
        5.1,
        0
      ]
    },
    {
      "Target": "Parameter",
      "Id": "PARAM_TANQI",
      "Segments": [
        0,
        0,
        0,
        5.1,
        0
      ]
    },
    {
      "Target": "Parameter",
      "Id": "PARAM_ZHAMAO",
      "Segments": [
        0,
        0,
        0,
        5.1,
        0
      ]
    },
    {
      "Target": "Parameter",
      "Id": "PARAM_RU_X",
      "Segments": [
        0,
        0,
        0,
        5.1,
        0
      ]
    },
    {
      "Target": "Parameter",
      "Id": "PARAM_RU_Y",
      "Segments": [
        0,
        0,
        0,
        5.1,
        0
      ]
    },
    {
      "Target": "Parameter",
      "Id": "PARAM_BREATH",
      "Segments": [
        0,
        0,
        0,
        5.1,
        0
      ]
    },
    {
      "Target": "Parameter",
      "Id": "PARAM_HAIR_FRONT",
      "Segments": [
        0,
        0,
        0,
        5.1,
        0
      ]
    },
    {
      "Target": "Parameter",
      "Id": "PARAM_HAIR_FROUT_2",
      "Segments": [
        0,
        0,
        0,
        5.1,
        0
      ]
    },
    {
      "Target": "Parameter",
      "Id": "PARAM_HAIR_FROUT_WAVE",
      "Segments": [
        0,
        0,
        0,
        5.1,
        0
      ]
    },
    {
      "Target": "Parameter",
      "Id": "PARAM_HAIR_SIDE_R",
      "Segments": [
        0,
        0,
        0,
        5.1,
        0
      ]
    },
    {
      "Target": "Parameter",
      "Id": "PARAM_HAIR_SIDE_R2",
      "Segments": [
        0,
        0,
        0,
        5.1,
        0
      ]
    },
    {
      "Target": "Parameter",
      "Id": "PARAM_HAIR_SIDE_WAVE",
      "Segments": [
        0,
        0,
        0,
        5.1,
        0
      ]
    },
    {
      "Target": "Parameter",
      "Id": "PARAM_HAIR_SIDE_R3",
      "Segments": [
        0,
        0,
        0,
        5.1,
        0
      ]
    },
    {
      "Target": "Parameter",
      "Id": "PARAM_HAIR_SIDE_L",
      "Segments": [
        0,
        0,
        0,
        5.1,
        0
      ]
    },
    {
      "Target": "Parameter",
      "Id": "PARAM_HAIR_SIDE_L3",
      "Segments": [
        0,
        0,
        0,
        5.1,
        0
      ]
    },
    {
      "Target": "Parameter",
      "Id": "PARAM_HAIR_BACK_WAVE",
      "Segments": [
        0,
        0,
        0,
        5.1,
        0
      ]
    },
    {
      "Target": "Parameter",
      "Id": "PARAM_XIANQUNZI_1",
      "Segments": [
        0,
        0,
        0,
        5.1,
        0
      ]
    },
    {
      "Target": "Parameter",
      "Id": "PARAM_XIANQUNZI_2",
      "Segments": [
        0,
        0,
        0,
        5.1,
        0
      ]
    },
    {
      "Target": "Parameter",
      "Id": "PARAM_YICENGQUN_YIDUAN_SHAKE",
      "Segments": [
        0,
        0,
        0,
        5.1,
        0
      ]
    },
    {
      "Target": "Parameter",
      "Id": "PARAM_PARAM_YICENGQUN_ERDUAN_SHAKE",
      "Segments": [
        0,
        0,
        0,
        5.1,
        0
      ]
    },
    {
      "Target": "Parameter",
      "Id": "PARAM_YICENGSHA_1DUAN_SHAKE",
      "Segments": [
        0,
        0,
        0,
        5.1,
        0
      ]
    },
    {
      "Target": "Parameter",
      "Id": "PARAM_YICESHA_2DUAN_SHAKE",
      "Segments": [
        0,
        0,
        0,
        5.1,
        0
      ]
    },
    {
      "Target": "Parameter",
      "Id": "PARAM_ERCENGSHA_1DUAN_SHAKE",
      "Segments": [
        0,
        0,
        0,
        5.1,
        0
      ]
    },
    {
      "Target": "Parameter",
      "Id": "PARAM_ERCENGSAHA_2DUAN_SHAKE",
      "Segments": [
        0,
        0,
        0,
        5.1,
        0
      ]
    }
  ],
  "UserData": []
}