{
  "Version": 3,
  "Meta": {
    "Duration": 4.5,
    "Fps": 30.0,
    "Loop": true,
    "AreBeziersRestricted": true,
    "CurveCount": 134,
    "TotalSegmentCount": 357,
    "TotalPointCount": 433,
    "UserDataCount": 0,
    "TotalUserDataSize": 0
  },
  "Curves": [
    {
      "Target": "Parameter",
      "Id": "PARAM_ANGLE_X",
      "Segments": [
        0,
        -4,
        0,
        0.467,
        -30,
        2,
        1,
        -30,
        2,
        2.933,
        -30,
        0,
        3.333,
        0,
        2,
        3.9,
        0,
        0,
        4.5,
        -4
      ]
    },
    {
      "Target": "Parameter",
      "Id": "PARAM_ANGLE_Y",
      "Segments": [
        0,
        -8,
        1,
        0.333,
        -15.582,
        0.667,
        -18,
        1,
        -18,
        0,
        1.333,
        5,
        0,
        1.833,
        -18,
        0,
        2.167,
        5,
        0,
        2.5,
        -18,
        0,
        2.933,
        -13,
        0,
        3.333,
        -30,
        2,
        3.9,
        -30,
        0,
        4.5,
        -8
      ]
    },
    {
      "Target": "Parameter",
      "Id": "PARAM_ANGLE_Z",
      "Segments": [
        0,
        -8,
        1,
        0.156,
        -12.001,
        0.311,
        -13.455,
        0.467,
        -18,
        1,
        0.645,
        -23.194,
        0.822,
        -30,
        1,
        -30,
        0,
        1.333,
        3.84,
        0,
        1.833,
        -30,
        0,
        2.167,
        3.84,
        0,
        2.5,
        -30,
        2,
        2.933,
        -30,
        0,
        3.333,
        20,
        2,
        3.9,
        20,
        0,
        4.5,
        -8
      ]
    },
    {
      "Target": "Parameter",
      "Id": "PARAM_BODY_ANGLE_X",
      "Segments": [
        0,
        -0.047,
        1,
        0.156,
        -1.012,
        0.311,
        -5,
        0.467,
        -5,
        2,
        0.933,
        -5,
        0,
        1.1,
        0,
        2,
        1.267,
        0,
        0,
        1.767,
        -5,
        0,
        1.933,
        0,
        2,
        2.1,
        0,
        0,
        2.6,
        -5,
        2,
        2.833,
        -5,
        0,
        3.233,
        0,
        2,
        3.9,
        0,
        0,
        4.5,
        -0.047
      ]
    },
    {
      "Target": "Parameter",
      "Id": "PARAM_BODY_ANGLE_Y",
      "Segments": [
        0,
        0,
        2,
        0.933,
        0,
        1,
        0.989,
        0,
        1.044,
        3.146,
        1.1,
        5,
        1,
        1.156,
        6.854,
        1.211,
        7,
        1.267,
        7,
        0,
        1.767,
        0,
        1,
        1.822,
        0,
        1.878,
        3.146,
        1.933,
        5,
        1,
        1.989,
        6.854,
        2.044,
        7,
        2.1,
        7,
        0,
        2.6,
        0,
        2,
        2.833,
        0,
        2,
        3.9,
        0,
        2,
        4.5,
        0
      ]
    },
    {
      "Target": "Parameter",
      "Id": "PARAM_BODY_ANGLE_Z",
      "Segments": [
        0,
        0,
        0,
        0.933,
        -2,
        0,
        1.1,
        0,
        2,
        1.267,
        0,
        0,
        1.767,
        -2,
        0,
        1.933,
        0,
        2,
        2.1,
        0,
        0,
        2.6,
        -2,
        2,
        2.833,
        -2,
        1,
        2.966,
        -2,
        3.1,
        3.403,
        3.233,
        4,
        1,
        3.455,
        4.995,
        3.678,
        5,
        3.9,
        5,
        0,
        4.5,
        0
      ]
    },
    {
      "Target": "Parameter",
      "Id": "PARAM_UPPER_BODY",
      "Segments": [
        0,
        0,
        0,
        0.933,
        -1,
        0,
        1.1,
        0,
        2,
        1.267,
        0,
        0,
        1.767,
        -1,
        0,
        1.933,
        0,
        2,
        2.1,
        0,
        0,
        2.6,
        -1,
        2,
        2.833,
        -1,
        1,
        2.966,
        -1,
        3.1,
        -0.47,
        3.233,
        0,
        1,
        3.455,
        0.784,
        3.678,
        1,
        3.9,
        1,
        0,
        4.5,
        0
      ]
    },
    {
      "Target": "Parameter",
      "Id": "PARAM_LEFT_ARM",
      "Segments": [
        0,
        0.349,
        1,
        0.156,
        0.293,
        0.311,
        0.141,
        0.467,
        0.141,
        2,
        1,
        0.141,
        0,
        1.333,
        0.311,
        0,
        1.833,
        0.141,
        0,
        2.167,
        0.311,
        0,
        2.933,
        0.051,
        0,
        3.333,
        0.272,
        0,
        3.9,
        0.235,
        0,
        4.5,
        0.349
      ]
    },
    {
      "Target": "Parameter",
      "Id": "PARAM_ARM_L_02",
      "Segments": [
        0,
        0.9,
        1,
        0.167,
        0.833,
        0.333,
        0.799,
        0.5,
        0.799,
        1,
        0.7,
        0.799,
        0.9,
        0.799,
        1.1,
        0.809,
        1,
        1.211,
        0.815,
        1.322,
        0.976,
        1.433,
        0.976,
        0,
        1.933,
        0.809,
        0,
        2.267,
        0.976,
        0,
        3.033,
        0.719,
        0,
        3.4,
        0.988,
        1,
        3.567,
        0.988,
        3.733,
        0.943,
        3.9,
        0.924,
        1,
        4.1,
        0.901,
        4.3,
        0.9,
        4.5,
        0.9
      ]
    },
    {
      "Target": "Parameter",
      "Id": "PARAM_RIGHT_ARM",
      "Segments": [
        0,
        0,
        1,
        0.156,
        0,
        0.311,
        0.599,
        0.467,
        0.675,
        1,
        0.645,
        0.761,
        0.822,
        0.75,
        1,
        0.75,
        0,
        1.833,
        0.57,
        2,
        2.833,
        0.57,
        0,
        3.233,
        0.815,
        2,
        3.9,
        0.815,
        0,
        4.5,
        0
      ]
    },
    {
      "Target": "Parameter",
      "Id": "PARAM_ARM_R",
      "Segments": [
        0,
        2.28,
        1,
        0.156,
        2.333,
        0.311,
        4.313,
        0.467,
        4.635,
        1,
        0.645,
        5.003,
        0.822,
        5,
        1,
        5,
        0,
        1.167,
        4.745,
        0,
        1.833,
        5,
        1,
        1.889,
        5,
        1.944,
        4.751,
        2,
        4.745,
        1,
        2.278,
        4.715,
        2.555,
        4.705,
        2.833,
        4.67,
        1,
        2.966,
        4.653,
        3.1,
        4.475,
        3.233,
        4.475,
        2,
        3.9,
        4.475,
        0,
        4.5,
        2.28
      ]
    },
    {
      "Target": "Parameter",
      "Id": "PARAM_ARM_R_TOUSHI2",
      "Segments": [
        0,
        0,
        0,
        0.3,
        0.4,
        2,
        1,
        0.4,
        0,
        1.167,
        0.5,
        1,
        1.278,
        0.5,
        1.389,
        0.46,
        1.5,
        0.3,
        1,
        1.556,
        0.22,
        1.611,
        0.1,
        1.667,
        0.1,
        0,
        2,
        0.528,
        2,
        2.333,
        0.528,
        0,
        2.5,
        0.4,
        2,
        2.833,
        0.4,
        2,
        3.9,
        0.4,
        0,
        4.5,
        0
      ]
    },
    {
      "Target": "Parameter",
      "Id": "PARAM_TOUSHI_R",
      "Segments": [
        0,
        0.285,
        1,
        0.1,
        0.351,
        0.2,
        0.5,
        0.3,
        0.5,
        2,
        1,
        0.5,
        0,
        1.167,
        1,
        2,
        1.5,
        1,
        0,
        1.667,
        0.8,
        0,
        2,
        1,
        2,
        2.333,
        1,
        0,
        2.5,
        0.8,
        2,
        2.833,
        0.8,
        2,
        3.9,
        0.8,
        0,
        4.5,
        0.285
      ]
    },
    {
      "Target": "Parameter",
      "Id": "PARAM_ARM_R_02",
      "Segments": [
        0,
        -1,
        0,
        0.333,
        0.996,
        1,
        0.378,
        0.996,
        0.422,
        0.215,
        0.467,
        0.154,
        1,
        0.645,
        -0.09,
        0.822,
        -0.146,
        1,
        -0.146,
        0,
        1.167,
        0.104,
        0,
        1.833,
        -0.5,
        0,
        2,
        0.03,
        0,
        2.167,
        0,
        1,
        2.222,
        0,
        2.278,
        -0.01,
        2.333,
        0.055,
        1,
        2.389,
        0.12,
        2.444,
        0.48,
        2.5,
        0.48,
        2,
        2.833,
        0.48,
        0,
        3.233,
        0.62,
        2,
        3.9,
        0.62,
        1,
        3.967,
        0.62,
        4.033,
        -0.431,
        4.1,
        -0.611,
        1,
        4.233,
        -0.971,
        4.367,
        -1,
        4.5,
        -1
      ]
    },
    {
      "Target": "Parameter",
      "Id": "PARAM_HAND_R",
      "Segments": [
        0,
        0,
        2,
        0.167,
        0,
        0,
        0.333,
        0.5,
        2,
        0.467,
        0.5,
        2,
        1,
        0.5,
        2,
        1.833,
        0.5,
        2,
        2.833,
        0.5,
        2,
        3.9,
        0.5,
        2,
        4.133,
        0.5,
        0,
        4.167,
        0,
        2,
        4.5,
        0
      ]
    },
    {
      "Target": "Parameter",
      "Id": "PARAM_HAND_R2",
      "Segments": [
        0,
        0,
        2,
        0.167,
        0,
        0,
        0.333,
        1,
        2,
        0.467,
        1,
        2,
        1,
        1,
        2,
        1.833,
        1,
        2,
        2.833,
        1,
        2,
        3.9,
        1,
        2,
        4.133,
        1,
        2,
        4.167,
        0,
        2,
        4.5,
        0
      ]
    },
    {
      "Target": "Parameter",
      "Id": "PARAM_HAND_R_02",
      "Segments": [
        0,
        0,
        0,
        0.333,
        -1,
        2,
        0.467,
        -1,
        2,
        1,
        -1,
        0,
        1.167,
        1,
        2,
        1.333,
        1,
        0,
        1.5,
        -1,
        2,
        1.833,
        -1,
        0,
        2,
        1,
        2,
        2.167,
        1,
        0,
        2.333,
        -1,
        2,
        2.833,
        -1,
        2,
        3.9,
        -1,
        0,
        4.5,
        0
      ]
    },
    {
      "Target": "Parameter",
      "Id": "PARAM_BANSHOU",
      "Segments": [
        0,
        0,
        2,
        0.333,
        0,
        0,
        0.467,
        1,
        2,
        1,
        1,
        2,
        2.833,
        1,
        2,
        3.9,
        1,
        2,
        4.1,
        1,
        0,
        4.5,
        0
      ]
    },
    {
      "Target": "Parameter",
      "Id": "PARAM_BANSHOU_MOVE",
      "Segments": [
        0,
        0,
        2,
        0.467,
        0,
        0,
        1,
        -0.5,
        0,
        2.833,
        -0.294,
        2,
        3.9,
        -0.294,
        0,
        4.5,
        0
      ]
    },
    {
      "Target": "Parameter",
      "Id": "PARAM_BANSHOU_MOVE_01",
      "Segments": [
        0,
        0,
        2,
        1,
        0,
        0,
        1.5,
        5,
        2,
        1.533,
        0,
        2,
        1.833,
        0,
        0,
        2.333,
        5,
        2,
        3.9,
        5,
        2,
        4.1,
        5,
        0,
        4.5,
        0
      ]
    },
    {
      "Target": "Parameter",
      "Id": "PARAM_EYE_L_OPEN",
      "Segments": [
        0,
        1,
        2,
        2.833,
        1,
        0,
        3.233,
        0,
        2,
        3.9,
        0,
        0,
        4.5,
        1
      ]
    },
    {
      "Target": "Parameter",
      "Id": "PARAM_EYE_L_FORM",
      "Segments": [
        0,
        0.5,
        2,
        2.833,
        0.5,
        0,
        3.233,
        0,
        2,
        3.9,
        0,
        0,
        4.5,
        0.5
      ]
    },
    {
      "Target": "Parameter",
      "Id": "PARAM_EYE_BALL_X",
      "Segments": [
        0,
        0,
        0,
        0.467,
        -0.5,
        2,
        1,
        -0.5,
        2,
        2.833,
        -0.5,
        0,
        3.233,
        0,
        2,
        3.9,
        0,
        2,
        4.5,
        0
      ]
    },
    {
      "Target": "Parameter",
      "Id": "PARAM_EYE_BALL_Y",
      "Segments": [
        0,
        0,
        0,
        0.467,
        -0.4,
        2,
        1,
        -0.4,
        0,
        1.167,
        0.5,
        1,
        1.222,
        0.5,
        1.278,
        0.109,
        1.333,
        0,
        1,
        1.5,
        -0.326,
        1.666,
        -0.4,
        1.833,
        -0.4,
        0,
        2,
        0,
        0,
        2.167,
        -0.6,
        2,
        2.5,
        -0.6,
        2,
        2.833,
        -0.6,
        0,
        3.233,
        0,
        2,
        3.9,
        0,
        2,
        4.5,
        0
      ]
    },
    {
      "Target": "Parameter",
      "Id": "PARAM_BROW_L_Y",
      "Segments": [
        0,
        0,
        2,
        2.833,
        0,
        0,
        3.233,
        -1,
        2,
        3.9,
        -1,
        0,
        4.5,
        0
      ]
    },
    {
      "Target": "Parameter",
      "Id": "PARAM_BROW_L_FORM",
      "Segments": [
        0,
        0.5,
        1,
        0.944,
        0.106,
        1.889,
        0,
        2.833,
        0,
        2,
        3.9,
        0,
        0,
        4.5,
        0.5
      ]
    },
    {
      "Target": "Parameter",
      "Id": "PARAM_BROW_R_FORM",
      "Segments": [
        0,
        0.5,
        1,
        0.944,
        0.106,
        1.889,
        0,
        2.833,
        0,
        2,
        3.9,
        0,
        0,
        4.5,
        0.5
      ]
    },
    {
      "Target": "Parameter",
      "Id": "PARAM_MOUTH_OPEN",
      "Segments": [
        0,
        0,
        2,
        2.833,
        0,
        0,
        3.233,
        2,
        2,
        3.9,
        2,
        0,
        4.5,
        0
      ]
    },
    {
      "Target": "Parameter",
      "Id": "PARAM_MOUTH_FORM",
      "Segments": [
        0,
        -0.6,
        0,
        2.833,
        -1,
        0,
        3.233,
        -0.8,
        2,
        3.9,
        -0.8,
        0,
        4.5,
        -0.6
      ]
    },
    {
      "Target": "Parameter",
      "Id": "PARAM_MOUTH_SIZE",
      "Segments": [
        0,
        -0.5,
        0,
        2.833,
        0,
        2,
        3.9,
        0,
        0,
        4.5,
        -0.5
      ]
    },
    {
      "Target": "PartOpacity",
      "Id": "PARTS_GUDIAN",
      "Segments": [
        0,
        1,
        2,
        4.5,
        1
      ]
    },
    {
      "Target": "PartOpacity",
      "Id": "PARTS_01_ARM_L_01",
      "Segments": [
        0,
        1,
        2,
        4.5,
        1
      ]
    },
    {
      "Target": "PartOpacity",
      "Id": "PARTS_01_ARM_R_01",
      "Segments": [
        0,
        1,
        2,
        4.5,
        1
      ]
    },
    {
      "Target": "PartOpacity",
      "Id": "PARTS_01_BODY",
      "Segments": [
        0,
        1,
        2,
        2,
        1,
        2,
        4.5,
        1
      ]
    },
    {
      "Target": "PartOpacity",
      "Id": "PARTS_01_NECK",
      "Segments": [
        0,
        1,
        2,
        2,
        1,
        2,
        4.5,
        1
      ]
    },
    {
      "Target": "PartOpacity",
      "Id": "PARTS_01_HAIR_BACK_001",
      "Segments": [
        0,
        1,
        2,
        2,
        1,
        2,
        4.5,
        1
      ]
    },
    {
      "Target": "PartOpacity",
      "Id": "PARTS_01_HAIR_SIDE_001",
      "Segments": [
        0,
        1,
        2,
        2,
        1,
        2,
        4.5,
        1
      ]
    },
    {
      "Target": "PartOpacity",
      "Id": "PARTS_01_HAIR_FRONT_001",
      "Segments": [
        0,
        1,
        2,
        2,
        1,
        2,
        4.5,
        1
      ]
    },
    {
      "Target": "PartOpacity",
      "Id": "PARTS_01_EAR_001",
      "Segments": [
        0,
        1,
        2,
        2,
        1,
        2,
        4.5,
        1
      ]
    },
    {
      "Target": "PartOpacity",
      "Id": "PARTS_01_NOSE_001",
      "Segments": [
        0,
        1,
        2,
        2,
        1,
        2,
        4.5,
        1
      ]
    },
    {
      "Target": "PartOpacity",
      "Id": "PARTS_01_MOUTH_001",
      "Segments": [
        0,
        1,
        2,
        2,
        1,
        2,
        4.5,
        1
      ]
    },
    {
      "Target": "PartOpacity",
      "Id": "PARTS_01_BROW_001",
      "Segments": [
        0,
        1,
        2,
        2,
        1,
        2,
        4.5,
        1
      ]
    },
    {
      "Target": "PartOpacity",
      "Id": "PARTS_01_EYE_BALL_001",
      "Segments": [
        0,
        1,
        2,
        2,
        1,
        2,
        4.5,
        1
      ]
    },
    {
      "Target": "PartOpacity",
      "Id": "PARTS_01_EYE_001",
      "Segments": [
        0,
        1,
        2,
        2,
        1,
        2,
        4.5,
        1
      ]
    },
    {
      "Target": "PartOpacity",
      "Id": "PARTS_01_FACE_001",
      "Segments": [
        0,
        1,
        2,
        2,
        1,
        2,
        4.5,
        1
      ]
    },
    {
      "Target": "PartOpacity",
      "Id": "ROUGH",
      "Segments": [
        0,
        1,
        2,
        2,
        1,
        2,
        4.5,
        1
      ]
    },
    {
      "Target": "Model",
      "Id": "Opacity",
      "Segments": [
        0,
        1,
        0,
        4.5,
        1
      ]
    },
    {
      "Target": "Parameter",
      "Id": "PARAM_LEFT_ARM_TAI",
      "Segments": [
        0,
        0,
        0,
        4.5,
        0
      ]
    },
    {
      "Target": "Parameter",
      "Id": "PARAM_ARM_L",
      "Segments": [
        0,
        -1,
        0,
        4.5,
        -1
      ]
    },
    {
      "Target": "Parameter",
      "Id": "PARAM_ARM_L_TOUSHI2",
      "Segments": [
        0,
        0,
        0,
        4.5,
        0
      ]
    },
    {
      "Target": "Parameter",
      "Id": "PARAM_TOUSHI_L",
      "Segments": [
        0,
        0,
        0,
        4.5,
        0
      ]
    },
    {
      "Target": "Parameter",
      "Id": "PARAM_HAND_L",
      "Segments": [
        0,
        0,
        0,
        4.5,
        0
      ]
    },
    {
      "Target": "Parameter",
      "Id": "PARAM_HAND_L2",
      "Segments": [
        0,
        0,
        0,
        4.5,
        0
      ]
    },
    {
      "Target": "Parameter",
      "Id": "PARAM_HAND_L_02",
      "Segments": [
        0,
        0,
        0,
        4.5,
        0
      ]
    },
    {
      "Target": "Parameter",
      "Id": "PARAM_HAND_L_LEVEL",
      "Segments": [
        0,
        0,
        0,
        4.5,
        0
      ]
    },
    {
      "Target": "Parameter",
      "Id": "PARAM_TANGDIE",
      "Segments": [
        0,
        0,
        0,
        4.5,
        0
      ]
    },
    {
      "Target": "Parameter",
      "Id": "PARAM_RIGHT_ARM_TAI",
      "Segments": [
        0,
        0.5,
        0,
        4.5,
        0.5
      ]
    },
    {
      "Target": "Parameter",
      "Id": "PARAM_HAND_R_LEVEL",
      "Segments": [
        0,
        1,
        0,
        4.5,
        1
      ]
    },
    {
      "Target": "Parameter",
      "Id": "PARAM_YIFU",
      "Segments": [
        0,
        0,
        0,
        4.5,
        0
      ]
    },
    {
      "Target": "Parameter",
      "Id": "PARAM_CHICKEN",
      "Segments": [
        0,
        0,
        0,
        4.5,
        0
      ]
    },
    {
      "Target": "Parameter",
      "Id": "PARAM_CHICKEN_MOVE",
      "Segments": [
        0,
        0,
        0,
        4.5,
        0
      ]
    },
    {
      "Target": "Parameter",
      "Id": "PARAM_SHAOZI",
      "Segments": [
        0,
        0,
        0,
        4.5,
        0
      ]
    },
    {
      "Target": "Parameter",
      "Id": "PARAM_SHAOZI_MOVE",
      "Segments": [
        0,
        0,
        0,
        4.5,
        0
      ]
    },
    {
      "Target": "Parameter",
      "Id": "PARAM_SHAOZI_MOVE_01",
      "Segments": [
        0,
        0,
        0,
        4.5,
        0
      ]
    },
    {
      "Target": "Parameter",
      "Id": "PARAM_SOUP",
      "Segments": [
        0,
        0,
        0,
        4.5,
        0
      ]
    },
    {
      "Target": "Parameter",
      "Id": "PARAM_JITA_CHUXIAN",
      "Segments": [
        0,
        0,
        0,
        4.5,
        0
      ]
    },
    {
      "Target": "Parameter",
      "Id": "PARAM_JITA_LEVEL",
      "Segments": [
        0,
        0,
        0,
        4.5,
        0
      ]
    },
    {
      "Target": "Parameter",
      "Id": "PARAM_JITA_MOVE_X",
      "Segments": [
        0,
        0,
        0,
        4.5,
        0
      ]
    },
    {
      "Target": "Parameter",
      "Id": "PARAM_JITA_MOVE_Y",
      "Segments": [
        0,
        0,
        0,
        4.5,
        0
      ]
    },
    {
      "Target": "Parameter",
      "Id": "PARAM_JITA_Z",
      "Segments": [
        0,
        0,
        0,
        4.5,
        0
      ]
    },
    {
      "Target": "Parameter",
      "Id": "PARAM_JITA_X",
      "Segments": [
        0,
        0,
        0,
        4.5,
        0
      ]
    },
    {
      "Target": "Parameter",
      "Id": "PARAM_JITA_Y",
      "Segments": [
        0,
        0,
        0,
        4.5,
        0
      ]
    },
    {
      "Target": "Parameter",
      "Id": "PARAM_JINADAI_X",
      "Segments": [
        0,
        0,
        0,
        4.5,
        0
      ]
    },
    {
      "Target": "Parameter",
      "Id": "PARAM_JIANDAI_Y",
      "Segments": [
        0,
        0,
        0,
        4.5,
        0
      ]
    },
    {
      "Target": "Parameter",
      "Id": "PARAM_JIANDAI_BACK_X",
      "Segments": [
        0,
        0,
        0,
        4.5,
        0
      ]
    },
    {
      "Target": "Parameter",
      "Id": "PARAM_JIANDAI_BACK_Y",
      "Segments": [
        0,
        0,
        0,
        4.5,
        0
      ]
    },
    {
      "Target": "Parameter",
      "Id": "PARAM_EYE_R_OPEN",
      "Segments": [
        0,
        1,
        0,
        4.5,
        1
      ]
    },
    {
      "Target": "Parameter",
      "Id": "PARAM_EYE_R_FORM",
      "Segments": [
        0,
        0.5,
        0,
        4.5,
        0.5
      ]
    },
    {
      "Target": "Parameter",
      "Id": "PARAM_EYE_BALL_FORM",
      "Segments": [
        0,
        0,
        0,
        4.5,
        0
      ]
    },
    {
      "Target": "Parameter",
      "Id": "PARAM_EYE_BALL_SAD",
      "Segments": [
        0,
        0,
        0,
        4.5,
        0
      ]
    },
    {
      "Target": "Parameter",
      "Id": "PARAM_EYE_BALL_BAIYAN",
      "Segments": [
        0,
        0,
        0,
        4.5,
        0
      ]
    },
    {
      "Target": "Parameter",
      "Id": "PARAM_EYE_BALL_KIRAKIRA",
      "Segments": [
        0,
        0,
        0,
        4.5,
        0
      ]
    },
    {
      "Target": "Parameter",
      "Id": "PARAM_EYE_kira_R1",
      "Segments": [
        0,
        1,
        0,
        4.5,
        1
      ]
    },
    {
      "Target": "Parameter",
      "Id": "PARAM_EYE_kira_R2",
      "Segments": [
        0,
        0.5,
        0,
        4.5,
        0.5
      ]
    },
    {
      "Target": "Parameter",
      "Id": "PARAM_EYE_kira_L1",
      "Segments": [
        0,
        1,
        0,
        4.5,
        1
      ]
    },
    {
      "Target": "Parameter",
      "Id": "PARAM_EYE_kira_L2",
      "Segments": [
        0,
        0.5,
        0,
        4.5,
        0.5
      ]
    },
    {
      "Target": "Parameter",
      "Id": "PARAM_EYE_TI1",
      "Segments": [
        0,
        0,
        0,
        4.5,
        0
      ]
    },
    {
      "Target": "Parameter",
      "Id": "PARAM_EYE_TI2",
      "Segments": [
        0,
        0,
        0,
        4.5,
        0
      ]
    },
    {
      "Target": "Parameter",
      "Id": "PARAM_EYE_SPECIAL",
      "Segments": [
        0,
        0,
        0,
        4.5,
        0
      ]
    },
    {
      "Target": "Parameter",
      "Id": "PARAM_EYE_DEFROM",
      "Segments": [
        0,
        0,
        0,
        4.5,
        0
      ]
    },
    {
      "Target": "Parameter",
      "Id": "PARAM_BROW_L_X",
      "Segments": [
        0,
        0,
        0,
        4.5,
        0
      ]
    },
    {
      "Target": "Parameter",
      "Id": "PARAM_BROW_R_X",
      "Segments": [
        0,
        0,
        0,
        4.5,
        0
      ]
    },
    {
      "Target": "Parameter",
      "Id": "PARAM_BROW_R_Y",
      "Segments": [
        0,
        0,
        0,
        4.5,
        0
      ]
    },
    {
      "Target": "Parameter",
      "Id": "PARAM_BROW_L_ANGLE",
      "Segments": [
        0,
        0,
        0,
        4.5,
        0
      ]
    },
    {
      "Target": "Parameter",
      "Id": "PARAM_BROW_R_ANGLE",
      "Segments": [
        0,
        0,
        0,
        4.5,
        0
      ]
    },
    {
      "Target": "Parameter",
      "Id": "PARAM_MOUTH_SPECIAL",
      "Segments": [
        0,
        0,
        0,
        4.5,
        0
      ]
    },
    {
      "Target": "Parameter",
      "Id": "PARAM_MOUTH_WIDTH",
      "Segments": [
        0,
        1,
        0,
        4.5,
        1
      ]
    },
    {
      "Target": "Parameter",
      "Id": "PARAM_MOUTH_DEFORM_SPECIAL",
      "Segments": [
        0,
        0,
        0,
        4.5,
        0
      ]
    },
    {
      "Target": "Parameter",
      "Id": "PARAM_MOUTH_X",
      "Segments": [
        0,
        0,
        0,
        4.5,
        0
      ]
    },
    {
      "Target": "Parameter",
      "Id": "PARAM_MOUTH_Y",
      "Segments": [
        0,
        0,
        0,
        4.5,
        0
      ]
    },
    {
      "Target": "Parameter",
      "Id": "PARAM_SHY",
      "Segments": [
        0,
        0,
        0,
        4.5,
        0
      ]
    },
    {
      "Target": "Parameter",
      "Id": "PARAM_TERE",
      "Segments": [
        0,
        0.6,
        0,
        4.5,
        0.6
      ]
    },
    {
      "Target": "Parameter",
      "Id": "PARAM_TERE2",
      "Segments": [
        0,
        0,
        0,
        4.5,
        0
      ]
    },
    {
      "Target": "Parameter",
      "Id": "PARAM_WATER",
      "Segments": [
        0,
        0,
        0,
        4.5,
        0
      ]
    },
    {
      "Target": "Parameter",
      "Id": "PARAM_HAN",
      "Segments": [
        0,
        0,
        0,
        4.5,
        0
      ]
    },
    {
      "Target": "Parameter",
      "Id": "PARAM_ANGRY",
      "Segments": [
        0,
        0,
        0,
        4.5,
        0
      ]
    },
    {
      "Target": "Parameter",
      "Id": "PARAM_HEI",
      "Segments": [
        0,
        -1,
        0,
        4.5,
        -1
      ]
    },
    {
      "Target": "Parameter",
      "Id": "PARAM_LIANHEIXIAN",
      "Segments": [
        0,
        0,
        0,
        4.5,
        0
      ]
    },
    {
      "Target": "Parameter",
      "Id": "PARAM_FAT",
      "Segments": [
        0,
        0,
        0,
        4.5,
        0
      ]
    },
    {
      "Target": "Parameter",
      "Id": "PARAM_HEIXIAN",
      "Segments": [
        0,
        0,
        0,
        4.5,
        0
      ]
    },
    {
      "Target": "Parameter",
      "Id": "PARAM_YINYING",
      "Segments": [
        0,
        0,
        0,
        4.5,
        0
      ]
    },
    {
      "Target": "Parameter",
      "Id": "PARAM_TANQI",
      "Segments": [
        0,
        0,
        0,
        4.5,
        0
      ]
    },
    {
      "Target": "Parameter",
      "Id": "PARAM_ZHAMAO",
      "Segments": [
        0,
        0,
        0,
        4.5,
        0
      ]
    },
    {
      "Target": "Parameter",
      "Id": "PARAM_RU_X",
      "Segments": [
        0,
        0,
        0,
        4.5,
        0
      ]
    },
    {
      "Target": "Parameter",
      "Id": "PARAM_RU_Y",
      "Segments": [
        0,
        0,
        0,
        4.5,
        0
      ]
    },
    {
      "Target": "Parameter",
      "Id": "PARAM_BREATH",
      "Segments": [
        0,
        0,
        0,
        4.5,
        0
      ]
    },
    {
      "Target": "Parameter",
      "Id": "PARAM_HAIR_FRONT",
      "Segments": [
        0,
        0,
        0,
        4.5,
        0
      ]
    },
    {
      "Target": "Parameter",
      "Id": "PARAM_HAIR_FROUT_2",
      "Segments": [
        0,
        0,
        0,
        4.5,
        0
      ]
    },
    {
      "Target": "Parameter",
      "Id": "PARAM_HAIR_FROUT_WAVE",
      "Segments": [
        0,
        0,
        0,
        4.5,
        0
      ]
    },
    {
      "Target": "Parameter",
      "Id": "PARAM_HAIR_SIDE_R",
      "Segments": [
        0,
        0,
        0,
        4.5,
        0
      ]
    },
    {
      "Target": "Parameter",
      "Id": "PARAM_HAIR_SIDE_R2",
      "Segments": [
        0,
        0,
        0,
        4.5,
        0
      ]
    },
    {
      "Target": "Parameter",
      "Id": "PARAM_HAIR_SIDE_WAVE",
      "Segments": [
        0,
        0,
        0,
        4.5,
        0
      ]
    },
    {
      "Target": "Parameter",
      "Id": "PARAM_HAIR_SIDE_R3",
      "Segments": [
        0,
        0,
        0,
        4.5,
        0
      ]
    },
    {
      "Target": "Parameter",
      "Id": "PARAM_HAIR_SIDE_L",
      "Segments": [
        0,
        0,
        0,
        4.5,
        0
      ]
    },
    {
      "Target": "Parameter",
      "Id": "PARAM_HAIR_SIDE_L3",
      "Segments": [
        0,
        0,
        0,
        4.5,
        0
      ]
    },
    {
      "Target": "Parameter",
      "Id": "PARAM_HAIR_BACK_WAVE",
      "Segments": [
        0,
        0,
        0,
        4.5,
        0
      ]
    },
    {
      "Target": "Parameter",
      "Id": "PARAM_XIANQUNZI_1",
      "Segments": [
        0,
        0,
        0,
        4.5,
        0
      ]
    },
    {
      "Target": "Parameter",
      "Id": "PARAM_XIANQUNZI_2",
      "Segments": [
        0,
        0,
        0,
        4.5,
        0
      ]
    },
    {
      "Target": "Parameter",
      "Id": "PARAM_YICENGQUN_YIDUAN_SHAKE",
      "Segments": [
        0,
        0,
        0,
        4.5,
        0
      ]
    },
    {
      "Target": "Parameter",
      "Id": "PARAM_PARAM_YICENGQUN_ERDUAN_SHAKE",
      "Segments": [
        0,
        0,
        0,
        4.5,
        0
      ]
    },
    {
      "Target": "Parameter",
      "Id": "PARAM_YICENGSHA_1DUAN_SHAKE",
      "Segments": [
        0,
        0,
        0,
        4.5,
        0
      ]
    },
    {
      "Target": "Parameter",
      "Id": "PARAM_YICESHA_2DUAN_SHAKE",
      "Segments": [
        0,
        0,
        0,
        4.5,
        0
      ]
    },
    {
      "Target": "Parameter",
      "Id": "PARAM_ERCENGSHA_1DUAN_SHAKE",
      "Segments": [
        0,
        0,
        0,
        4.5,
        0
      ]
    },
    {
      "Target": "Parameter",
      "Id": "PARAM_ERCENGSAHA_2DUAN_SHAKE",
      "Segments": [
        0,
        0,
        0,
        4.5,
        0
      ]
    }
  ],
  "UserData": []
}