{
  "Version": 3,
  "Meta": {
    "Duration": 4.33,
    "Fps": 30.0,
    "Loop": true,
    "AreBeziersRestricted": true,
    "CurveCount": 134,
    "TotalSegmentCount": 335,
    "TotalPointCount": 415,
    "UserDataCount": 0,
    "TotalUserDataSize": 0
  },
  "Curves": [
    {
      "Target": "Parameter",
      "Id": "PARAM_ANGLE_X",
      "Segments": [
        0,
        -4,
        0,
        0.233,
        -15,
        0,
        0.6,
        0,
        1,
        0.7,
        0,
        0.8,
        -3.531,
        0.9,
        -11,
        1,
        1,
        -18.469,
        1.1,
        -27.107,
        1.2,
        -33.829,
        1,
        1.311,
        -41.298,
        1.422,
        -44,
        1.533,
        -44,
        0,
        2.433,
        -1,
        1,
        2.544,
        -1,
        2.656,
        -30.569,
        2.767,
        -32.503,
        1,
        3,
        -36.564,
        3.234,
        -37,
        3.467,
        -37,
        0,
        4.333,
        -4
      ]
    },
    {
      "Target": "Parameter",
      "Id": "PARAM_ANGLE_Y",
      "Segments": [
        0,
        -8,
        0,
        0.1,
        -22,
        0,
        0.367,
        4,
        0,
        0.7,
        -23,
        2,
        1.533,
        -23,
        1,
        1.7,
        -23,
        1.866,
        15.324,
        2.033,
        17,
        1,
        2.166,
        18.341,
        2.3,
        18,
        2.433,
        18,
        0,
        2.767,
        -30,
        2,
        3.467,
        -30,
        0,
        4.333,
        -8
      ]
    },
    {
      "Target": "Parameter",
      "Id": "PARAM_ANGLE_Z",
      "Segments": [
        0,
        -8,
        0,
        0.1,
        5,
        0,
        0.367,
        -15.5,
        1,
        0.478,
        -15.5,
        0.589,
        -7.899,
        0.7,
        -2.3,
        1,
        0.767,
        1.06,
        0.833,
        1,
        0.9,
        1,
        1,
        1.111,
        1,
        1.322,
        -6.593,
        1.533,
        -9.26,
        1,
        1.755,
        -12.067,
        1.978,
        -12,
        2.2,
        -12,
        2,
        2.433,
        -12,
        1,
        2.544,
        -12,
        2.656,
        -13.173,
        2.767,
        -17,
        1,
        3,
        -25.036,
        3.234,
        -30,
        3.467,
        -30,
        0,
        4.333,
        -8
      ]
    },
    {
      "Target": "Parameter",
      "Id": "PARAM_BODY_ANGLE_X",
      "Segments": [
        0,
        -0.047,
        0,
        0.1,
        -4,
        0,
        0.433,
        0,
        0,
        1.533,
        -2,
        0,
        2.333,
        2,
        0,
        2.833,
        -7,
        1,
        3.055,
        -7,
        3.278,
        -6.503,
        3.5,
        -4.251,
        1,
        3.711,
        -2.112,
        3.922,
        0,
        4.133,
        0,
        0,
        4.333,
        -0.047
      ]
    },
    {
      "Target": "Parameter",
      "Id": "PARAM_BODY_ANGLE_Y",
      "Segments": [
        0,
        0,
        0,
        0.267,
        10,
        1,
        0.378,
        10,
        0.489,
        3.045,
        0.6,
        2,
        1,
        0.8,
        0.12,
        1,
        0,
        1.2,
        0,
        1,
        1.311,
        0,
        1.422,
        -0.091,
        1.533,
        2,
        1,
        1.7,
        5.136,
        1.866,
        10,
        2.033,
        10,
        2,
        2.333,
        10,
        0,
        2.667,
        0,
        2,
        3.467,
        0,
        2,
        4.133,
        0,
        2,
        4.333,
        0
      ]
    },
    {
      "Target": "Parameter",
      "Id": "PARAM_BODY_ANGLE_Z",
      "Segments": [
        0,
        0,
        0,
        0.1,
        -1.24,
        0,
        0.533,
        2,
        0,
        1.533,
        0,
        0,
        1.867,
        4,
        2,
        2.333,
        4,
        0,
        2.667,
        0,
        0,
        3.467,
        2,
        0,
        4.133,
        0,
        2,
        4.333,
        0
      ]
    },
    {
      "Target": "Parameter",
      "Id": "PARAM_UPPER_BODY",
      "Segments": [
        0,
        0,
        0,
        0.167,
        0.388,
        1,
        0.289,
        0.388,
        0.411,
        0.248,
        0.533,
        0,
        1,
        0.866,
        -0.677,
        1.2,
        -1,
        1.533,
        -1,
        0,
        1.867,
        1,
        0,
        2.333,
        -0.471,
        0,
        2.767,
        2.018,
        0,
        3.467,
        0,
        2,
        4.133,
        0,
        2,
        4.333,
        0
      ]
    },
    {
      "Target": "Parameter",
      "Id": "PARAM_LEFT_ARM",
      "Segments": [
        0,
        0.349,
        0,
        0.5,
        0.698,
        1,
        0.544,
        0.698,
        0.589,
        0.446,
        0.633,
        0.438,
        1,
        0.933,
        0.386,
        1.233,
        0.37,
        1.533,
        0.37,
        0,
        2.1,
        0.4,
        0,
        2.333,
        0.319,
        2,
        3.367,
        0.319,
        0,
        3.933,
        0.425,
        0,
        4.133,
        0.349,
        2,
        4.333,
        0.349
      ]
    },
    {
      "Target": "Parameter",
      "Id": "PARAM_ARM_L",
      "Segments": [
        0,
        -1,
        2,
        0.167,
        -1,
        1,
        0.278,
        -1,
        0.389,
        0.284,
        0.5,
        2.068,
        1,
        0.544,
        2.781,
        0.589,
        2.884,
        0.633,
        2.884,
        0,
        1.533,
        2.818,
        0,
        2.1,
        2.95,
        2,
        2.333,
        2.95,
        2,
        3.367,
        2.95,
        0,
        3.933,
        -1,
        2,
        4.133,
        -1,
        2,
        4.333,
        -1
      ]
    },
    {
      "Target": "Parameter",
      "Id": "PARAM_TOUSHI_L",
      "Segments": [
        0,
        0,
        0,
        0.633,
        1,
        2,
        1.533,
        1,
        2,
        3.467,
        1,
        0,
        4.133,
        0,
        2,
        4.333,
        0
      ]
    },
    {
      "Target": "Parameter",
      "Id": "PARAM_ARM_L_02",
      "Segments": [
        0,
        0.9,
        1,
        0.111,
        0.9,
        0.222,
        0.888,
        0.333,
        0.824,
        1,
        0.4,
        0.786,
        0.466,
        0.722,
        0.533,
        0.722,
        2,
        1.533,
        0.722,
        0,
        2.333,
        0.748,
        2,
        3.467,
        0.748,
        0,
        3.667,
        0.3,
        1,
        3.711,
        0.3,
        3.756,
        0.296,
        3.8,
        0.4,
        1,
        3.911,
        0.659,
        4.022,
        0.9,
        4.133,
        0.9,
        2,
        4.333,
        0.9
      ]
    },
    {
      "Target": "Parameter",
      "Id": "PARAM_HAND_L",
      "Segments": [
        0,
        0,
        2,
        0.333,
        0,
        2,
        0.367,
        1,
        2,
        1.533,
        1,
        2,
        2.333,
        1,
        2,
        3.467,
        1,
        2,
        3.767,
        1,
        2,
        3.8,
        0,
        2,
        4.133,
        0,
        2,
        4.333,
        0
      ]
    },
    {
      "Target": "Parameter",
      "Id": "PARAM_HAND_L2",
      "Segments": [
        0,
        0,
        2,
        0.333,
        0,
        2,
        0.367,
        1,
        2,
        1.533,
        1,
        2,
        2.333,
        1,
        2,
        3.467,
        1,
        2,
        3.767,
        1,
        2,
        3.8,
        0,
        2,
        4.133,
        0,
        2,
        4.333,
        0
      ]
    },
    {
      "Target": "Parameter",
      "Id": "PARAM_HAND_L_02",
      "Segments": [
        0,
        0,
        0,
        0.333,
        -0.6,
        0,
        0.533,
        0.034,
        2,
        1.533,
        0.034,
        0,
        1.967,
        -0.475,
        0,
        2.733,
        -0.322,
        0,
        3.467,
        -0.5,
        0,
        4.133,
        0,
        2,
        4.333,
        0
      ]
    },
    {
      "Target": "Parameter",
      "Id": "PARAM_HAND_L_LEVEL",
      "Segments": [
        0,
        0,
        2,
        0.033,
        1,
        2,
        0.433,
        1,
        2,
        1.533,
        1,
        2,
        3.467,
        1,
        2,
        3.967,
        1,
        0,
        4.133,
        0,
        2,
        4.333,
        0
      ]
    },
    {
      "Target": "Parameter",
      "Id": "PARAM_RIGHT_ARM",
      "Segments": [
        0,
        0,
        2,
        0.167,
        0,
        0,
        0.5,
        0.06,
        0,
        1.533,
        0,
        0,
        1.867,
        0.101,
        1,
        2.022,
        0.101,
        2.178,
        0.101,
        2.333,
        0.1,
        0,
        2.567,
        0,
        0,
        3.467,
        0.072,
        0,
        4.133,
        0,
        2,
        4.333,
        0
      ]
    },
    {
      "Target": "Parameter",
      "Id": "PARAM_ARM_R",
      "Segments": [
        0,
        2.28,
        0,
        1.533,
        2,
        0,
        2.767,
        2.05,
        0,
        3.467,
        2,
        2,
        4.133,
        2,
        0,
        4.333,
        2.28
      ]
    },
    {
      "Target": "Parameter",
      "Id": "PARAM_HAND_R_02",
      "Segments": [
        0,
        0,
        0,
        0.767,
        0.8,
        0,
        1.533,
        0,
        0,
        2.333,
        0.7,
        0,
        3.467,
        0,
        0,
        3.767,
        0.3,
        0,
        4.333,
        0
      ]
    },
    {
      "Target": "Parameter",
      "Id": "PARAM_EYE_L_OPEN",
      "Segments": [
        0,
        1,
        1,
        0.511,
        1,
        1.022,
        0.981,
        1.533,
        0.9,
        1,
        1.644,
        0.882,
        1.756,
        0,
        1.867,
        0,
        2,
        2.2,
        0,
        2,
        3.467,
        0,
        0,
        4.333,
        1
      ]
    },
    {
      "Target": "Parameter",
      "Id": "PARAM_EYE_R_OPEN",
      "Segments": [
        0,
        1,
        1,
        0.511,
        1,
        1.022,
        0.981,
        1.533,
        0.9,
        1,
        1.644,
        0.882,
        1.756,
        0,
        1.867,
        0,
        2,
        2.2,
        0,
        2,
        3.467,
        0,
        0,
        4.333,
        1
      ]
    },
    {
      "Target": "Parameter",
      "Id": "PARAM_EYE_BALL_X",
      "Segments": [
        0,
        0,
        0,
        0.233,
        0.4,
        0,
        0.6,
        -0.268,
        1,
        0.7,
        -0.268,
        0.8,
        0.044,
        0.9,
        0.2,
        1,
        1.111,
        0.53,
        1.322,
        0.6,
        1.533,
        0.6,
        0,
        1.867,
        0,
        2,
        3.467,
        0,
        2,
        4.333,
        0
      ]
    },
    {
      "Target": "Parameter",
      "Id": "PARAM_BROW_L_Y",
      "Segments": [
        0,
        0,
        0,
        0.6,
        -1,
        0,
        1.533,
        0,
        0,
        1.867,
        -1,
        2,
        3.467,
        -1,
        0,
        4.333,
        0
      ]
    },
    {
      "Target": "Parameter",
      "Id": "PARAM_BROW_R_Y",
      "Segments": [
        0,
        0,
        0,
        0.6,
        -1,
        0,
        1.533,
        0,
        0,
        1.867,
        -1,
        2,
        3.467,
        -1,
        0,
        4.333,
        0
      ]
    },
    {
      "Target": "Parameter",
      "Id": "PARAM_BROW_L_ANGLE",
      "Segments": [
        0,
        0,
        2,
        0.333,
        0,
        0,
        0.6,
        -1,
        0,
        1.533,
        0,
        2,
        3.467,
        0,
        2,
        4.333,
        0
      ]
    },
    {
      "Target": "Parameter",
      "Id": "PARAM_BROW_R_ANGLE",
      "Segments": [
        0,
        0,
        2,
        0.333,
        0,
        0,
        0.6,
        -1,
        0,
        1.533,
        0,
        2,
        3.467,
        0,
        2,
        4.333,
        0
      ]
    },
    {
      "Target": "Parameter",
      "Id": "PARAM_BROW_L_FORM",
      "Segments": [
        0,
        0.5,
        0,
        0.6,
        -0.5,
        0,
        1.533,
        0,
        0,
        3.467,
        -1,
        0,
        4.333,
        0.5
      ]
    },
    {
      "Target": "Parameter",
      "Id": "PARAM_BROW_R_FORM",
      "Segments": [
        0,
        0.5,
        0,
        0.6,
        -0.5,
        0,
        1.533,
        0,
        0,
        3.467,
        -1,
        0,
        4.333,
        0.5
      ]
    },
    {
      "Target": "Parameter",
      "Id": "PARAM_MOUTH_OPEN",
      "Segments": [
        0,
        1.5,
        0,
        0.333,
        0,
        2,
        1.533,
        0,
        2,
        2.333,
        0,
        0,
        2.667,
        1,
        2,
        3.467,
        1,
        0,
        4.333,
        1.5
      ]
    },
    {
      "Target": "Parameter",
      "Id": "PARAM_MOUTH_FORM",
      "Segments": [
        0,
        -1,
        1,
        0.111,
        -1,
        0.222,
        -0.667,
        0.333,
        0,
        1,
        0.422,
        0.533,
        0.511,
        0.8,
        0.6,
        0.8,
        1,
        0.911,
        0.8,
        1.222,
        0.812,
        1.533,
        0.7,
        1,
        1.8,
        0.604,
        2.066,
        0,
        2.333,
        0,
        0,
        2.667,
        1,
        2,
        3.467,
        1,
        0,
        4.333,
        -1
      ]
    },
    {
      "Target": "Parameter",
      "Id": "PARAM_MOUTH_SIZE",
      "Segments": [
        0,
        -0.5,
        0,
        0.333,
        -1,
        2,
        1.533,
        -1,
        2,
        2.333,
        -1,
        0,
        2.667,
        0,
        2,
        3.467,
        0,
        0,
        4.333,
        -0.5
      ]
    },
    {
      "Target": "Parameter",
      "Id": "PARAM_SHY",
      "Segments": [
        0,
        0,
        0,
        0.333,
        1,
        2,
        1.533,
        1,
        2,
        3.467,
        1,
        0,
        4.333,
        0
      ]
    },
    {
      "Target": "Parameter",
      "Id": "PARAM_TERE",
      "Segments": [
        0,
        0.6,
        2,
        1.533,
        0.6,
        0,
        3.467,
        1,
        0,
        4.333,
        0.6
      ]
    },
    {
      "Target": "Parameter",
      "Id": "PARAM_FAT",
      "Segments": [
        0,
        0,
        0,
        0.6,
        0.7,
        0,
        1.533,
        0,
        0,
        2.2,
        1,
        2,
        2.333,
        1,
        0,
        2.667,
        0,
        2,
        3.467,
        0,
        2,
        4.333,
        0
      ]
    },
    {
      "Target": "Parameter",
      "Id": "PARAM_TANQI",
      "Segments": [
        0,
        0,
        2,
        1.533,
        0,
        2,
        2.5,
        0,
        0,
        2.833,
        1,
        2,
        3.467,
        1,
        2,
        4.133,
        1,
        0,
        4.333,
        0
      ]
    },
    {
      "Target": "PartOpacity",
      "Id": "PARTS_GUDIAN",
      "Segments": [
        0,
        1,
        2,
        4.33,
        1
      ]
    },
    {
      "Target": "PartOpacity",
      "Id": "PARTS_01_ARM_L_01",
      "Segments": [
        0,
        1,
        2,
        4.33,
        1
      ]
    },
    {
      "Target": "PartOpacity",
      "Id": "PARTS_01_ARM_R_01",
      "Segments": [
        0,
        1,
        2,
        4.33,
        1
      ]
    },
    {
      "Target": "PartOpacity",
      "Id": "PARTS_01_BODY",
      "Segments": [
        0,
        1,
        2,
        4.33,
        1
      ]
    },
    {
      "Target": "PartOpacity",
      "Id": "PARTS_01_NECK",
      "Segments": [
        0,
        1,
        2,
        4.33,
        1
      ]
    },
    {
      "Target": "PartOpacity",
      "Id": "PARTS_01_HAIR_BACK_001",
      "Segments": [
        0,
        1,
        2,
        4.33,
        1
      ]
    },
    {
      "Target": "PartOpacity",
      "Id": "PARTS_01_HAIR_SIDE_001",
      "Segments": [
        0,
        1,
        2,
        4.33,
        1
      ]
    },
    {
      "Target": "PartOpacity",
      "Id": "PARTS_01_HAIR_FRONT_001",
      "Segments": [
        0,
        1,
        2,
        4.33,
        1
      ]
    },
    {
      "Target": "PartOpacity",
      "Id": "PARTS_01_EAR_001",
      "Segments": [
        0,
        1,
        2,
        4.33,
        1
      ]
    },
    {
      "Target": "PartOpacity",
      "Id": "PARTS_01_NOSE_001",
      "Segments": [
        0,
        1,
        2,
        4.33,
        1
      ]
    },
    {
      "Target": "PartOpacity",
      "Id": "PARTS_01_MOUTH_001",
      "Segments": [
        0,
        1,
        2,
        4.33,
        1
      ]
    },
    {
      "Target": "PartOpacity",
      "Id": "PARTS_01_BROW_001",
      "Segments": [
        0,
        1,
        2,
        4.33,
        1
      ]
    },
    {
      "Target": "PartOpacity",
      "Id": "PARTS_01_EYE_BALL_001",
      "Segments": [
        0,
        1,
        2,
        4.33,
        1
      ]
    },
    {
      "Target": "PartOpacity",
      "Id": "PARTS_01_EYE_001",
      "Segments": [
        0,
        1,
        2,
        4.33,
        1
      ]
    },
    {
      "Target": "PartOpacity",
      "Id": "PARTS_01_FACE_001",
      "Segments": [
        0,
        1,
        2,
        4.33,
        1
      ]
    },
    {
      "Target": "PartOpacity",
      "Id": "ROUGH",
      "Segments": [
        0,
        1,
        2,
        4.33,
        1
      ]
    },
    {
      "Target": "Model",
      "Id": "Opacity",
      "Segments": [
        0,
        1,
        0,
        4.33,
        1
      ]
    },
    {
      "Target": "Parameter",
      "Id": "PARAM_LEFT_ARM_TAI",
      "Segments": [
        0,
        0,
        0,
        4.33,
        0
      ]
    },
    {
      "Target": "Parameter",
      "Id": "PARAM_ARM_L_TOUSHI2",
      "Segments": [
        0,
        0,
        0,
        4.33,
        0
      ]
    },
    {
      "Target": "Parameter",
      "Id": "PARAM_TANGDIE",
      "Segments": [
        0,
        0,
        0,
        4.33,
        0
      ]
    },
    {
      "Target": "Parameter",
      "Id": "PARAM_RIGHT_ARM_TAI",
      "Segments": [
        0,
        0.5,
        0,
        4.33,
        0.5
      ]
    },
    {
      "Target": "Parameter",
      "Id": "PARAM_ARM_R_TOUSHI2",
      "Segments": [
        0,
        0,
        0,
        4.33,
        0
      ]
    },
    {
      "Target": "Parameter",
      "Id": "PARAM_TOUSHI_R",
      "Segments": [
        0,
        0.285,
        0,
        4.33,
        0.285
      ]
    },
    {
      "Target": "Parameter",
      "Id": "PARAM_ARM_R_02",
      "Segments": [
        0,
        -1,
        0,
        4.33,
        -1
      ]
    },
    {
      "Target": "Parameter",
      "Id": "PARAM_HAND_R",
      "Segments": [
        0,
        0,
        0,
        4.33,
        0
      ]
    },
    {
      "Target": "Parameter",
      "Id": "PARAM_HAND_R2",
      "Segments": [
        0,
        0,
        0,
        4.33,
        0
      ]
    },
    {
      "Target": "Parameter",
      "Id": "PARAM_HAND_R_LEVEL",
      "Segments": [
        0,
        1,
        0,
        4.33,
        1
      ]
    },
    {
      "Target": "Parameter",
      "Id": "PARAM_YIFU",
      "Segments": [
        0,
        0,
        0,
        4.33,
        0
      ]
    },
    {
      "Target": "Parameter",
      "Id": "PARAM_CHICKEN",
      "Segments": [
        0,
        0,
        0,
        4.33,
        0
      ]
    },
    {
      "Target": "Parameter",
      "Id": "PARAM_CHICKEN_MOVE",
      "Segments": [
        0,
        0,
        0,
        4.33,
        0
      ]
    },
    {
      "Target": "Parameter",
      "Id": "PARAM_BANSHOU",
      "Segments": [
        0,
        0,
        0,
        4.33,
        0
      ]
    },
    {
      "Target": "Parameter",
      "Id": "PARAM_BANSHOU_MOVE",
      "Segments": [
        0,
        0,
        0,
        4.33,
        0
      ]
    },
    {
      "Target": "Parameter",
      "Id": "PARAM_BANSHOU_MOVE_01",
      "Segments": [
        0,
        0,
        0,
        4.33,
        0
      ]
    },
    {
      "Target": "Parameter",
      "Id": "PARAM_SHAOZI",
      "Segments": [
        0,
        0,
        0,
        4.33,
        0
      ]
    },
    {
      "Target": "Parameter",
      "Id": "PARAM_SHAOZI_MOVE",
      "Segments": [
        0,
        0,
        0,
        4.33,
        0
      ]
    },
    {
      "Target": "Parameter",
      "Id": "PARAM_SHAOZI_MOVE_01",
      "Segments": [
        0,
        0,
        0,
        4.33,
        0
      ]
    },
    {
      "Target": "Parameter",
      "Id": "PARAM_SOUP",
      "Segments": [
        0,
        0,
        0,
        4.33,
        0
      ]
    },
    {
      "Target": "Parameter",
      "Id": "PARAM_JITA_CHUXIAN",
      "Segments": [
        0,
        0,
        0,
        4.33,
        0
      ]
    },
    {
      "Target": "Parameter",
      "Id": "PARAM_JITA_LEVEL",
      "Segments": [
        0,
        0,
        0,
        4.33,
        0
      ]
    },
    {
      "Target": "Parameter",
      "Id": "PARAM_JITA_MOVE_X",
      "Segments": [
        0,
        0,
        0,
        4.33,
        0
      ]
    },
    {
      "Target": "Parameter",
      "Id": "PARAM_JITA_MOVE_Y",
      "Segments": [
        0,
        0,
        0,
        4.33,
        0
      ]
    },
    {
      "Target": "Parameter",
      "Id": "PARAM_JITA_Z",
      "Segments": [
        0,
        0,
        0,
        4.33,
        0
      ]
    },
    {
      "Target": "Parameter",
      "Id": "PARAM_JITA_X",
      "Segments": [
        0,
        0,
        0,
        4.33,
        0
      ]
    },
    {
      "Target": "Parameter",
      "Id": "PARAM_JITA_Y",
      "Segments": [
        0,
        0,
        0,
        4.33,
        0
      ]
    },
    {
      "Target": "Parameter",
      "Id": "PARAM_JINADAI_X",
      "Segments": [
        0,
        0,
        0,
        4.33,
        0
      ]
    },
    {
      "Target": "Parameter",
      "Id": "PARAM_JIANDAI_Y",
      "Segments": [
        0,
        0,
        0,
        4.33,
        0
      ]
    },
    {
      "Target": "Parameter",
      "Id": "PARAM_JIANDAI_BACK_X",
      "Segments": [
        0,
        0,
        0,
        4.33,
        0
      ]
    },
    {
      "Target": "Parameter",
      "Id": "PARAM_JIANDAI_BACK_Y",
      "Segments": [
        0,
        0,
        0,
        4.33,
        0
      ]
    },
    {
      "Target": "Parameter",
      "Id": "PARAM_EYE_L_FORM",
      "Segments": [
        0,
        0.5,
        0,
        4.33,
        0.5
      ]
    },
    {
      "Target": "Parameter",
      "Id": "PARAM_EYE_R_FORM",
      "Segments": [
        0,
        0.5,
        0,
        4.33,
        0.5
      ]
    },
    {
      "Target": "Parameter",
      "Id": "PARAM_EYE_BALL_Y",
      "Segments": [
        0,
        0,
        0,
        4.33,
        0
      ]
    },
    {
      "Target": "Parameter",
      "Id": "PARAM_EYE_BALL_FORM",
      "Segments": [
        0,
        0,
        0,
        4.33,
        0
      ]
    },
    {
      "Target": "Parameter",
      "Id": "PARAM_EYE_BALL_SAD",
      "Segments": [
        0,
        0,
        0,
        4.33,
        0
      ]
    },
    {
      "Target": "Parameter",
      "Id": "PARAM_EYE_BALL_BAIYAN",
      "Segments": [
        0,
        0,
        0,
        4.33,
        0
      ]
    },
    {
      "Target": "Parameter",
      "Id": "PARAM_EYE_BALL_KIRAKIRA",
      "Segments": [
        0,
        0,
        0,
        4.33,
        0
      ]
    },
    {
      "Target": "Parameter",
      "Id": "PARAM_EYE_kira_R1",
      "Segments": [
        0,
        1,
        0,
        4.33,
        1
      ]
    },
    {
      "Target": "Parameter",
      "Id": "PARAM_EYE_kira_R2",
      "Segments": [
        0,
        0.5,
        0,
        4.33,
        0.5
      ]
    },
    {
      "Target": "Parameter",
      "Id": "PARAM_EYE_kira_L1",
      "Segments": [
        0,
        1,
        0,
        4.33,
        1
      ]
    },
    {
      "Target": "Parameter",
      "Id": "PARAM_EYE_kira_L2",
      "Segments": [
        0,
        0.5,
        0,
        4.33,
        0.5
      ]
    },
    {
      "Target": "Parameter",
      "Id": "PARAM_EYE_TI1",
      "Segments": [
        0,
        0,
        0,
        4.33,
        0
      ]
    },
    {
      "Target": "Parameter",
      "Id": "PARAM_EYE_TI2",
      "Segments": [
        0,
        0,
        0,
        4.33,
        0
      ]
    },
    {
      "Target": "Parameter",
      "Id": "PARAM_EYE_SPECIAL",
      "Segments": [
        0,
        0,
        0,
        4.33,
        0
      ]
    },
    {
      "Target": "Parameter",
      "Id": "PARAM_EYE_DEFROM",
      "Segments": [
        0,
        0,
        0,
        4.33,
        0
      ]
    },
    {
      "Target": "Parameter",
      "Id": "PARAM_BROW_L_X",
      "Segments": [
        0,
        0,
        0,
        4.33,
        0
      ]
    },
    {
      "Target": "Parameter",
      "Id": "PARAM_BROW_R_X",
      "Segments": [
        0,
        0,
        0,
        4.33,
        0
      ]
    },
    {
      "Target": "Parameter",
      "Id": "PARAM_MOUTH_SPECIAL",
      "Segments": [
        0,
        0,
        0,
        4.33,
        0
      ]
    },
    {
      "Target": "Parameter",
      "Id": "PARAM_MOUTH_WIDTH",
      "Segments": [
        0,
        1,
        0,
        4.33,
        1
      ]
    },
    {
      "Target": "Parameter",
      "Id": "PARAM_MOUTH_DEFORM_SPECIAL",
      "Segments": [
        0,
        0,
        0,
        4.33,
        0
      ]
    },
    {
      "Target": "Parameter",
      "Id": "PARAM_MOUTH_X",
      "Segments": [
        0,
        0,
        0,
        4.33,
        0
      ]
    },
    {
      "Target": "Parameter",
      "Id": "PARAM_MOUTH_Y",
      "Segments": [
        0,
        0,
        0,
        4.33,
        0
      ]
    },
    {
      "Target": "Parameter",
      "Id": "PARAM_TERE2",
      "Segments": [
        0,
        0,
        0,
        4.33,
        0
      ]
    },
    {
      "Target": "Parameter",
      "Id": "PARAM_WATER",
      "Segments": [
        0,
        0,
        0,
        4.33,
        0
      ]
    },
    {
      "Target": "Parameter",
      "Id": "PARAM_HAN",
      "Segments": [
        0,
        0,
        0,
        4.33,
        0
      ]
    },
    {
      "Target": "Parameter",
      "Id": "PARAM_ANGRY",
      "Segments": [
        0,
        0,
        0,
        4.33,
        0
      ]
    },
    {
      "Target": "Parameter",
      "Id": "PARAM_HEI",
      "Segments": [
        0,
        -1,
        0,
        4.33,
        -1
      ]
    },
    {
      "Target": "Parameter",
      "Id": "PARAM_LIANHEIXIAN",
      "Segments": [
        0,
        0,
        0,
        4.33,
        0
      ]
    },
    {
      "Target": "Parameter",
      "Id": "PARAM_HEIXIAN",
      "Segments": [
        0,
        0,
        0,
        4.33,
        0
      ]
    },
    {
      "Target": "Parameter",
      "Id": "PARAM_YINYING",
      "Segments": [
        0,
        0,
        0,
        4.33,
        0
      ]
    },
    {
      "Target": "Parameter",
      "Id": "PARAM_ZHAMAO",
      "Segments": [
        0,
        0,
        0,
        4.33,
        0
      ]
    },
    {
      "Target": "Parameter",
      "Id": "PARAM_RU_X",
      "Segments": [
        0,
        0,
        0,
        4.33,
        0
      ]
    },
    {
      "Target": "Parameter",
      "Id": "PARAM_RU_Y",
      "Segments": [
        0,
        0,
        0,
        4.33,
        0
      ]
    },
    {
      "Target": "Parameter",
      "Id": "PARAM_BREATH",
      "Segments": [
        0,
        0,
        0,
        4.33,
        0
      ]
    },
    {
      "Target": "Parameter",
      "Id": "PARAM_HAIR_FRONT",
      "Segments": [
        0,
        0,
        0,
        4.33,
        0
      ]
    },
    {
      "Target": "Parameter",
      "Id": "PARAM_HAIR_FROUT_2",
      "Segments": [
        0,
        0,
        0,
        4.33,
        0
      ]
    },
    {
      "Target": "Parameter",
      "Id": "PARAM_HAIR_FROUT_WAVE",
      "Segments": [
        0,
        0,
        0,
        4.33,
        0
      ]
    },
    {
      "Target": "Parameter",
      "Id": "PARAM_HAIR_SIDE_R",
      "Segments": [
        0,
        0,
        0,
        4.33,
        0
      ]
    },
    {
      "Target": "Parameter",
      "Id": "PARAM_HAIR_SIDE_R2",
      "Segments": [
        0,
        0,
        0,
        4.33,
        0
      ]
    },
    {
      "Target": "Parameter",
      "Id": "PARAM_HAIR_SIDE_WAVE",
      "Segments": [
        0,
        0,
        0,
        4.33,
        0
      ]
    },
    {
      "Target": "Parameter",
      "Id": "PARAM_HAIR_SIDE_R3",
      "Segments": [
        0,
        0,
        0,
        4.33,
        0
      ]
    },
    {
      "Target": "Parameter",
      "Id": "PARAM_HAIR_SIDE_L",
      "Segments": [
        0,
        0,
        0,
        4.33,
        0
      ]
    },
    {
      "Target": "Parameter",
      "Id": "PARAM_HAIR_SIDE_L3",
      "Segments": [
        0,
        0,
        0,
        4.33,
        0
      ]
    },
    {
      "Target": "Parameter",
      "Id": "PARAM_HAIR_BACK_WAVE",
      "Segments": [
        0,
        0,
        0,
        4.33,
        0
      ]
    },
    {
      "Target": "Parameter",
      "Id": "PARAM_XIANQUNZI_1",
      "Segments": [
        0,
        0,
        0,
        4.33,
        0
      ]
    },
    {
      "Target": "Parameter",
      "Id": "PARAM_XIANQUNZI_2",
      "Segments": [
        0,
        0,
        0,
        4.33,
        0
      ]
    },
    {
      "Target": "Parameter",
      "Id": "PARAM_YICENGQUN_YIDUAN_SHAKE",
      "Segments": [
        0,
        0,
        0,
        4.33,
        0
      ]
    },
    {
      "Target": "Parameter",
      "Id": "PARAM_PARAM_YICENGQUN_ERDUAN_SHAKE",
      "Segments": [
        0,
        0,
        0,
        4.33,
        0
      ]
    },
    {
      "Target": "Parameter",
      "Id": "PARAM_YICENGSHA_1DUAN_SHAKE",
      "Segments": [
        0,
        0,
        0,
        4.33,
        0
      ]
    },
    {
      "Target": "Parameter",
      "Id": "PARAM_YICESHA_2DUAN_SHAKE",
      "Segments": [
        0,
        0,
        0,
        4.33,
        0
      ]
    },
    {
      "Target": "Parameter",
      "Id": "PARAM_ERCENGSHA_1DUAN_SHAKE",
      "Segments": [
        0,
        0,
        0,
        4.33,
        0
      ]
    },
    {
      "Target": "Parameter",
      "Id": "PARAM_ERCENGSAHA_2DUAN_SHAKE",
      "Segments": [
        0,
        0,
        0,
        4.33,
        0
      ]
    }
  ],
  "UserData": []
}