{
  "Version": 3,
  "Meta": {
    "Duration": 6.7,
    "Fps": 30.0,
    "Loop": true,
    "AreBeziersRestricted": true,
    "CurveCount": 134,
    "TotalSegmentCount": 572,
    "TotalPointCount": 858,
    "UserDataCount": 0,
    "TotalUserDataSize": 0
  },
  "Curves": [
    {
      "Target": "Parameter",
      "Id": "PARAM_ANGLE_X",
      "Segments": [
        0,
        -4,
        0,
        0.6,
        -2,
        1,
        0.767,
        -2,
        0.933,
        -2.934,
        1.1,
        -5,
        1,
        1.256,
        -6.929,
        1.411,
        -8.178,
        1.567,
        -11,
        1,
        1.656,
        -12.613,
        1.744,
        -30,
        1.833,
        -30,
        1,
        1.978,
        -30,
        2.122,
        -29.951,
        2.267,
        -27.636,
        1,
        2.356,
        -26.211,
        2.444,
        3.959,
        2.533,
        3.959,
        0,
        2.833,
        -30.575,
        0,
        3.033,
        7.623,
        0,
        3.3,
        -28.126,
        0,
        3.567,
        3.087,
        1,
        3.667,
        3.087,
        3.767,
        -9.103,
        3.867,
        -15.739,
        1,
        4.034,
        -26.798,
        4.2,
        -29,
        4.367,
        -29,
        0,
        4.767,
        -23,
        0,
        5.333,
        -25,
        1,
        5.433,
        -25,
        5.533,
        -25.225,
        5.633,
        -24.871,
        1,
        5.989,
        -23.615,
        6.344,
        -4,
        6.7,
        -4
      ]
    },
    {
      "Target": "Parameter",
      "Id": "PARAM_ANGLE_Y",
      "Segments": [
        0,
        -8,
        0,
        0.367,
        10,
        0,
        0.7,
        -11.839,
        0,
        1.567,
        30,
        1,
        1.656,
        30,
        1.744,
        15.831,
        1.833,
        6.913,
        1,
        1.911,
        -0.891,
        1.989,
        -8.996,
        2.067,
        -9.463,
        1,
        2.4,
        -11.464,
        2.734,
        -11.968,
        3.067,
        -11.968,
        1,
        3.289,
        -11.968,
        3.511,
        -8.752,
        3.733,
        0.351,
        1,
        3.822,
        3.993,
        3.911,
        12.46,
        4,
        15.745,
        1,
        4.178,
        22.316,
        4.355,
        24.208,
        4.533,
        24.208,
        0,
        4.9,
        -25.353,
        1,
        5.022,
        -25.353,
        5.145,
        -24.538,
        5.267,
        -22.534,
        1,
        5.378,
        -20.713,
        5.489,
        -18.427,
        5.6,
        -16.636,
        1,
        5.967,
        -10.725,
        6.333,
        -8,
        6.7,
        -8
      ]
    },
    {
      "Target": "Parameter",
      "Id": "PARAM_ANGLE_Z",
      "Segments": [
        0,
        -8,
        0,
        0.6,
        -11,
        0,
        1.1,
        6,
        1,
        1.256,
        6,
        1.411,
        1.64,
        1.567,
        -8,
        1,
        1.656,
        -13.508,
        1.744,
        -16.774,
        1.833,
        -16.774,
        1,
        1.978,
        -16.774,
        2.122,
        -11.941,
        2.267,
        -9,
        1,
        2.611,
        -1.987,
        2.956,
        0,
        3.3,
        0,
        1,
        3.589,
        0,
        3.878,
        -0.484,
        4.167,
        -8,
        1,
        4.4,
        -14.07,
        4.634,
        -30,
        4.867,
        -30,
        1,
        5.122,
        -30,
        5.378,
        -29.42,
        5.633,
        -21.12,
        1,
        5.811,
        -15.346,
        5.989,
        7.875,
        6.167,
        7.875,
        0,
        6.7,
        -8
      ]
    },
    {
      "Target": "Parameter",
      "Id": "PARAM_BODY_ANGLE_X",
      "Segments": [
        0,
        -0.047,
        1,
        0.2,
        -0.047,
        0.4,
        0.595,
        0.6,
        2,
        1,
        0.767,
        3.171,
        0.933,
        3.821,
        1.1,
        3.821,
        0,
        1.433,
        1.107,
        1,
        1.566,
        1.107,
        1.7,
        2.945,
        1.833,
        3.907,
        1,
        1.989,
        5.028,
        2.144,
        5.102,
        2.3,
        5.102,
        1,
        2.489,
        5.102,
        2.678,
        3.38,
        2.867,
        2.484,
        1,
        3.022,
        1.746,
        3.178,
        1.412,
        3.333,
        1.087,
        1,
        3.478,
        0.785,
        3.622,
        0.815,
        3.767,
        0.404,
        1,
        3.934,
        -0.071,
        4.1,
        -2,
        4.267,
        -2,
        1,
        4.634,
        -2,
        5,
        -1.464,
        5.367,
        0,
        1,
        5.589,
        0.887,
        5.811,
        1.587,
        6.033,
        1.587,
        0,
        6.7,
        -0.047
      ]
    },
    {
      "Target": "Parameter",
      "Id": "PARAM_BODY_ANGLE_Y",
      "Segments": [
        0,
        0,
        0,
        0.367,
        6.198,
        1,
        0.445,
        6.198,
        0.522,
        -8.44,
        0.6,
        -8.613,
        1,
        0.767,
        -8.985,
        0.933,
        -9,
        1.1,
        -9,
        0,
        1.467,
        10,
        0,
        1.833,
        6.831,
        0,
        2.3,
        8.39,
        0,
        2.967,
        1.05,
        0,
        3.5,
        6.764,
        1,
        3.778,
        6.764,
        4.055,
        6.651,
        4.333,
        4.96,
        1,
        4.466,
        4.149,
        4.6,
        -8.74,
        4.733,
        -8.74,
        0,
        5.2,
        -5.191,
        0,
        5.667,
        -6.795,
        0,
        6.7,
        0
      ]
    },
    {
      "Target": "Parameter",
      "Id": "PARAM_BODY_ANGLE_Z",
      "Segments": [
        0,
        0,
        1,
        0.2,
        0,
        0.4,
        -0.788,
        0.6,
        -1.978,
        1,
        0.889,
        -3.697,
        1.178,
        -4.394,
        1.467,
        -4.394,
        1,
        1.589,
        -4.394,
        1.711,
        -2.887,
        1.833,
        -2.048,
        1,
        2.144,
        0.089,
        2.456,
        0.671,
        2.767,
        0.671,
        1,
        2.989,
        0.671,
        3.211,
        -0.838,
        3.433,
        -0.881,
        1,
        4.078,
        -1.005,
        4.722,
        -1.021,
        5.367,
        -1.021,
        1,
        5.467,
        -1.021,
        5.567,
        -1.032,
        5.667,
        -1.015,
        1,
        6.011,
        -0.956,
        6.356,
        0,
        6.7,
        0
      ]
    },
    {
      "Target": "Parameter",
      "Id": "PARAM_UPPER_BODY",
      "Segments": [
        0,
        0,
        1,
        0.2,
        0,
        0.4,
        0.016,
        0.6,
        -0.034,
        1,
        0.867,
        -0.1,
        1.133,
        -1.131,
        1.4,
        -1.131,
        0,
        1.833,
        -0.86,
        2,
        2.867,
        -0.86,
        2,
        3.333,
        -0.86,
        0,
        4.267,
        -1,
        2,
        5.367,
        -1,
        1,
        5.467,
        -1,
        5.567,
        -1.011,
        5.667,
        -0.994,
        1,
        6.011,
        -0.936,
        6.356,
        0,
        6.7,
        0
      ]
    },
    {
      "Target": "Parameter",
      "Id": "PARAM_LEFT_ARM_TAI",
      "Segments": [
        0,
        0,
        2,
        1.467,
        0,
        0,
        1.833,
        0.5,
        2,
        5.667,
        0.5,
        0,
        6.7,
        0
      ]
    },
    {
      "Target": "Parameter",
      "Id": "PARAM_LEFT_ARM",
      "Segments": [
        0,
        0.349,
        0,
        0.6,
        0.345,
        0,
        1.1,
        0.381,
        1,
        1.222,
        0.381,
        1.345,
        0.363,
        1.467,
        0.34,
        1,
        1.589,
        0.317,
        1.711,
        0.296,
        1.833,
        0.282,
        1,
        3.011,
        0.157,
        4.189,
        0.1,
        5.367,
        0.1,
        1,
        5.556,
        0.1,
        5.744,
        0.096,
        5.933,
        0.112,
        1,
        6.133,
        0.129,
        6.333,
        0.412,
        6.533,
        0.412,
        0,
        6.7,
        0.349
      ]
    },
    {
      "Target": "Parameter",
      "Id": "PARAM_ARM_L",
      "Segments": [
        0,
        -1,
        0,
        0.6,
        -0.813,
        0,
        1.1,
        -1,
        0,
        1.833,
        1.706,
        1,
        2.3,
        1.706,
        2.766,
        1.707,
        3.233,
        1.688,
        1,
        3.589,
        1.674,
        3.944,
        1.519,
        4.3,
        1.519,
        0,
        5.367,
        1.721,
        1,
        5.556,
        1.721,
        5.744,
        1.731,
        5.933,
        1.693,
        1,
        6.133,
        1.653,
        6.333,
        -1,
        6.533,
        -1,
        2,
        6.7,
        -1
      ]
    },
    {
      "Target": "Parameter",
      "Id": "PARAM_ARM_L_TOUSHI2",
      "Segments": [
        0,
        0,
        2,
        1.1,
        0,
        0,
        1.833,
        0.2,
        2,
        5.367,
        0.2,
        2,
        6.033,
        0.2,
        0,
        6.7,
        0
      ]
    },
    {
      "Target": "Parameter",
      "Id": "PARAM_ARM_L_02",
      "Segments": [
        0,
        0.9,
        1,
        0.2,
        0.9,
        0.4,
        0.82,
        0.6,
        0.744,
        1,
        0.767,
        0.681,
        0.933,
        0.67,
        1.1,
        0.6,
        1,
        1.222,
        0.549,
        1.345,
        0.4,
        1.467,
        0.4,
        0,
        1.833,
        0.668,
        0,
        2.867,
        0.62,
        2,
        3.333,
        0.62,
        1,
        3.644,
        0.62,
        3.956,
        0.49,
        4.267,
        0.48,
        1,
        4.634,
        0.468,
        5,
        0.47,
        5.367,
        0.47,
        0,
        5.667,
        0.473,
        0,
        6.2,
        0.331,
        0,
        6.7,
        0.9
      ]
    },
    {
      "Target": "Parameter",
      "Id": "PARAM_HAND_L",
      "Segments": [
        0,
        0,
        2,
        0.6,
        0,
        2,
        1.667,
        0,
        0,
        1.7,
        0.5,
        2,
        6.2,
        0.5,
        0,
        6.333,
        0,
        2,
        6.7,
        0
      ]
    },
    {
      "Target": "Parameter",
      "Id": "PARAM_HAND_L2",
      "Segments": [
        0,
        0,
        2,
        0.6,
        0,
        2,
        1.667,
        0,
        2,
        1.7,
        1,
        2,
        6.2,
        1,
        0,
        6.333,
        0,
        2,
        6.7,
        0
      ]
    },
    {
      "Target": "Parameter",
      "Id": "PARAM_HAND_L_02",
      "Segments": [
        0,
        0,
        2,
        0.6,
        0,
        2,
        1.467,
        0,
        1,
        1.589,
        0,
        1.711,
        -0.835,
        1.833,
        -0.844,
        1,
        3.289,
        -0.957,
        4.744,
        -1,
        6.2,
        -1,
        0,
        6.333,
        0,
        2,
        6.7,
        0
      ]
    },
    {
      "Target": "Parameter",
      "Id": "PARAM_HAND_L_LEVEL",
      "Segments": [
        0,
        0,
        2,
        0.6,
        0,
        2,
        0.9,
        0,
        2,
        1.067,
        0,
        2,
        1.1,
        1,
        1,
        1.156,
        1,
        1.211,
        0.773,
        1.267,
        0.702,
        1,
        1.456,
        0.463,
        1.644,
        0.4,
        1.833,
        0.4,
        2,
        3.1,
        0.4,
        2,
        4,
        0.4,
        0,
        4.3,
        0.539,
        0,
        4.7,
        0.538,
        0,
        5.1,
        1,
        2,
        5.7,
        1,
        2,
        6.4,
        1,
        0,
        6.7,
        0
      ]
    },
    {
      "Target": "Parameter",
      "Id": "PARAM_RIGHT_ARM",
      "Segments": [
        0,
        0,
        2,
        1.267,
        0,
        0,
        1.833,
        0.778,
        1,
        2.3,
        0.778,
        2.766,
        0.77,
        3.233,
        0.709,
        1,
        3.589,
        0.663,
        3.944,
        0.587,
        4.3,
        0.587,
        1,
        4.422,
        0.587,
        4.545,
        0.691,
        4.667,
        0.711,
        1,
        4.9,
        0.747,
        5.134,
        0.75,
        5.367,
        0.75,
        1,
        5.6,
        0.75,
        5.834,
        0.758,
        6.067,
        0.646,
        1,
        6.245,
        0.561,
        6.422,
        0,
        6.6,
        0,
        2,
        6.7,
        0
      ]
    },
    {
      "Target": "Parameter",
      "Id": "PARAM_ARM_R",
      "Segments": [
        0,
        2.28,
        2,
        1.267,
        2.28,
        0,
        1.633,
        2.899,
        0,
        1.833,
        2.625,
        1,
        2.3,
        2.625,
        2.766,
        2.676,
        3.233,
        2.712,
        1,
        3.511,
        2.733,
        3.789,
        2.731,
        4.067,
        2.751,
        1,
        4.2,
        2.76,
        4.334,
        3.635,
        4.467,
        3.719,
        1,
        4.767,
        3.908,
        5.067,
        3.932,
        5.367,
        3.932,
        1,
        5.6,
        3.932,
        5.834,
        3.908,
        6.067,
        3.641,
        1,
        6.167,
        3.526,
        6.267,
        2.13,
        6.367,
        2.13,
        0,
        6.7,
        2.28
      ]
    },
    {
      "Target": "Parameter",
      "Id": "PARAM_ARM_R_TOUSHI2",
      "Segments": [
        0,
        0,
        2,
        1.267,
        0,
        0,
        1.833,
        0.6,
        0,
        4.833,
        0.596,
        0,
        5.667,
        0.6,
        0,
        6.7,
        0
      ]
    },
    {
      "Target": "Parameter",
      "Id": "PARAM_TOUSHI_R",
      "Segments": [
        0,
        0.285,
        2,
        1.267,
        0.285,
        0,
        1.833,
        0.483,
        2,
        4.267,
        0.483,
        0,
        4.833,
        0.282,
        2,
        5.667,
        0.282,
        0,
        6.7,
        0.285
      ]
    },
    {
      "Target": "Parameter",
      "Id": "PARAM_ARM_R_02",
      "Segments": [
        0,
        -1,
        2,
        1.267,
        -1,
        1,
        1.456,
        -1,
        1.644,
        0.153,
        1.833,
        0.245,
        1,
        2.178,
        0.414,
        2.522,
        0.416,
        2.867,
        0.416,
        1,
        3.022,
        0.416,
        3.178,
        0.415,
        3.333,
        0.374,
        1,
        3.489,
        0.333,
        3.644,
        0.262,
        3.8,
        0.262,
        0,
        5.367,
        0.3,
        1,
        5.467,
        0.3,
        5.567,
        0.329,
        5.667,
        0.281,
        1,
        6.011,
        0.117,
        6.356,
        -1,
        6.7,
        -1
      ]
    },
    {
      "Target": "Parameter",
      "Id": "PARAM_HAND_R",
      "Segments": [
        0,
        0,
        2,
        1.267,
        0,
        2,
        1.633,
        0,
        2,
        1.833,
        0,
        2,
        4.3,
        0,
        0,
        4.333,
        0.5,
        2,
        5.367,
        0.5,
        2,
        6.2,
        0.5,
        0,
        6.333,
        0,
        2,
        6.7,
        0
      ]
    },
    {
      "Target": "Parameter",
      "Id": "PARAM_HAND_R2",
      "Segments": [
        0,
        0,
        2,
        1.267,
        0,
        2,
        1.633,
        0,
        2,
        1.833,
        0,
        2,
        4.3,
        0,
        2,
        4.333,
        1,
        2,
        5.367,
        1,
        2,
        6.2,
        1,
        0,
        6.333,
        0,
        2,
        6.7,
        0
      ]
    },
    {
      "Target": "Parameter",
      "Id": "PARAM_HAND_R_02",
      "Segments": [
        0,
        0,
        2,
        1.267,
        0,
        0,
        1.467,
        -1,
        1,
        1.589,
        -1,
        1.711,
        -0.246,
        1.833,
        -0.199,
        1,
        2.178,
        -0.067,
        2.522,
        -0.037,
        2.867,
        0.1,
        1,
        3.022,
        0.162,
        3.178,
        0.62,
        3.333,
        0.62,
        1,
        3.489,
        0.62,
        3.644,
        0.573,
        3.8,
        0.124,
        1,
        3.978,
        -0.39,
        4.155,
        -1,
        4.333,
        -1,
        2,
        5.367,
        -1,
        2,
        5.667,
        -1,
        2,
        6.2,
        -1,
        0,
        6.333,
        0,
        2,
        6.7,
        0
      ]
    },
    {
      "Target": "Parameter",
      "Id": "PARAM_EYE_L_OPEN",
      "Segments": [
        0,
        1,
        0,
        0.6,
        0.997,
        0,
        1.1,
        1,
        0,
        1.267,
        0,
        0,
        1.367,
        1,
        2,
        1.833,
        1,
        2,
        2.267,
        1,
        2,
        4.4,
        1,
        1,
        4.556,
        1,
        4.711,
        0.22,
        4.867,
        0.1,
        1,
        5.022,
        -0.02,
        5.178,
        0,
        5.333,
        0,
        1,
        5.433,
        0,
        5.533,
        -0.006,
        5.633,
        0.038,
        1,
        5.711,
        0.072,
        5.789,
        1,
        5.867,
        1,
        2,
        6.7,
        1
      ]
    },
    {
      "Target": "Parameter",
      "Id": "PARAM_EYE_L_FORM",
      "Segments": [
        0,
        0.9,
        0,
        0.6,
        0.3,
        0,
        1.1,
        1,
        2,
        1.267,
        1,
        2,
        1.367,
        1,
        2,
        1.833,
        1,
        2,
        2.067,
        1,
        2,
        2.267,
        1,
        2,
        2.833,
        1,
        2,
        3.3,
        1,
        2,
        5.333,
        1,
        2,
        5.633,
        1,
        0,
        6.7,
        0.9
      ]
    },
    {
      "Target": "Parameter",
      "Id": "PARAM_EYE_R_OPEN",
      "Segments": [
        0,
        1,
        0,
        0.6,
        0.997,
        0,
        1.1,
        1,
        0,
        1.267,
        0,
        0,
        1.367,
        1,
        2,
        1.833,
        1,
        2,
        2.267,
        1,
        2,
        4.4,
        1,
        1,
        4.556,
        1,
        4.711,
        0.22,
        4.867,
        0.1,
        1,
        5.022,
        -0.02,
        5.178,
        0,
        5.333,
        0,
        1,
        5.433,
        0,
        5.533,
        -0.006,
        5.633,
        0.038,
        1,
        5.711,
        0.072,
        5.789,
        1,
        5.867,
        1,
        2,
        6.7,
        1
      ]
    },
    {
      "Target": "Parameter",
      "Id": "PARAM_EYE_R_FORM",
      "Segments": [
        0,
        0.9,
        0,
        0.6,
        0.3,
        0,
        1.1,
        1,
        2,
        1.267,
        1,
        2,
        1.367,
        1,
        2,
        1.833,
        1,
        2,
        2.067,
        1,
        2,
        2.267,
        1,
        2,
        2.833,
        1,
        2,
        3.3,
        1,
        2,
        5.333,
        1,
        2,
        5.633,
        1,
        0,
        6.7,
        0.9
      ]
    },
    {
      "Target": "Parameter",
      "Id": "PARAM_EYE_BALL_X",
      "Segments": [
        0,
        0.31,
        0,
        0.367,
        0.2,
        0,
        0.6,
        0.31,
        1,
        1.011,
        0.31,
        1.422,
        0.277,
        1.833,
        0.142,
        1,
        1.978,
        0.095,
        2.122,
        -0.066,
        2.267,
        -0.2,
        1,
        2.378,
        -0.303,
        2.489,
        -0.4,
        2.6,
        -0.4,
        0,
        2.833,
        0.31,
        0,
        3.067,
        -0.5,
        0,
        3.3,
        0.31,
        0,
        3.633,
        -0.2,
        0,
        5.333,
        0.31,
        2,
        5.633,
        0.31,
        2,
        6.7,
        0.31
      ]
    },
    {
      "Target": "Parameter",
      "Id": "PARAM_EYE_BALL_Y",
      "Segments": [
        0,
        -0.08,
        0,
        0.367,
        -0.7,
        1,
        0.445,
        -0.7,
        0.522,
        -0.723,
        0.6,
        -0.6,
        1,
        1.011,
        0.052,
        1.422,
        0.565,
        1.833,
        0.565,
        1,
        1.978,
        0.565,
        2.122,
        0.56,
        2.267,
        0.4,
        1,
        2.456,
        0.191,
        2.644,
        -0.08,
        2.833,
        -0.08,
        2,
        3.3,
        -0.08,
        2,
        5.333,
        -0.08,
        2,
        5.633,
        -0.08,
        2,
        6.7,
        -0.08
      ]
    },
    {
      "Target": "Parameter",
      "Id": "PARAM_BROW_L_Y",
      "Segments": [
        0,
        -0.4,
        0,
        0.6,
        -1,
        0,
        1.467,
        -0.5,
        1,
        1.589,
        -0.5,
        1.711,
        -0.831,
        1.833,
        -0.945,
        1,
        1.911,
        -1.017,
        1.989,
        -1,
        2.067,
        -1,
        1,
        2.156,
        -1,
        2.244,
        -0.696,
        2.333,
        -0.637,
        1,
        2.511,
        -0.52,
        2.689,
        -0.51,
        2.867,
        -0.51,
        2,
        3.333,
        -0.51,
        0,
        4.267,
        -1,
        2,
        5.367,
        -1,
        1,
        5.467,
        -1,
        5.567,
        -1.006,
        5.667,
        -0.996,
        1,
        6.011,
        -0.961,
        6.356,
        -0.4,
        6.7,
        -0.4
      ]
    },
    {
      "Target": "Parameter",
      "Id": "PARAM_BROW_R_Y",
      "Segments": [
        0,
        -0.4,
        0,
        0.6,
        -1,
        0,
        1.467,
        -0.5,
        1,
        1.589,
        -0.5,
        1.711,
        -0.831,
        1.833,
        -0.945,
        1,
        1.911,
        -1.017,
        1.989,
        -1,
        2.067,
        -1,
        1,
        2.156,
        -1,
        2.244,
        -0.687,
        2.333,
        -0.631,
        1,
        2.511,
        -0.519,
        2.689,
        -0.51,
        2.867,
        -0.51,
        2,
        3.333,
        -0.51,
        0,
        4.267,
        -1,
        2,
        5.367,
        -1,
        1,
        5.467,
        -1,
        5.567,
        -1.006,
        5.667,
        -0.996,
        1,
        6.011,
        -0.961,
        6.356,
        -0.4,
        6.7,
        -0.4
      ]
    },
    {
      "Target": "Parameter",
      "Id": "PARAM_BROW_L_ANGLE",
      "Segments": [
        0,
        -0.6,
        0,
        0.6,
        -1,
        0,
        1.467,
        -0.4,
        0,
        1.833,
        -0.82,
        2,
        2.833,
        -0.82,
        2,
        3.3,
        -0.82,
        2,
        4.233,
        -0.82,
        2,
        5.333,
        -0.82,
        1,
        5.433,
        -0.82,
        5.533,
        -0.822,
        5.633,
        -0.819,
        1,
        5.989,
        -0.805,
        6.344,
        -0.6,
        6.7,
        -0.6
      ]
    },
    {
      "Target": "Parameter",
      "Id": "PARAM_BROW_R_ANGLE",
      "Segments": [
        0,
        -0.6,
        0,
        0.6,
        -1,
        0,
        1.467,
        -0.4,
        0,
        1.833,
        -0.8,
        2,
        2.833,
        -0.8,
        2,
        3.3,
        -0.8,
        2,
        4.233,
        -0.8,
        2,
        5.333,
        -0.8,
        1,
        5.433,
        -0.8,
        5.533,
        -0.802,
        5.633,
        -0.799,
        1,
        5.989,
        -0.786,
        6.344,
        -0.6,
        6.7,
        -0.6
      ]
    },
    {
      "Target": "Parameter",
      "Id": "PARAM_BROW_L_FORM",
      "Segments": [
        0,
        -0.3,
        0,
        0.6,
        -0.6,
        0,
        1.467,
        0,
        0,
        1.833,
        -0.49,
        2,
        2.867,
        -0.49,
        2,
        3.333,
        -0.49,
        2,
        4.267,
        -0.49,
        0,
        5.367,
        -0.5,
        1,
        5.467,
        -0.5,
        5.567,
        -0.502,
        5.667,
        -0.499,
        1,
        6.011,
        -0.487,
        6.356,
        -0.3,
        6.7,
        -0.3
      ]
    },
    {
      "Target": "Parameter",
      "Id": "PARAM_BROW_R_FORM",
      "Segments": [
        0,
        -0.3,
        0,
        0.6,
        -0.6,
        0,
        1.467,
        0,
        0,
        1.833,
        -0.49,
        2,
        2.867,
        -0.49,
        2,
        3.333,
        -0.49,
        2,
        4.267,
        -0.49,
        0,
        5.367,
        -0.52,
        1,
        5.467,
        -0.52,
        5.567,
        -0.522,
        5.667,
        -0.519,
        1,
        6.011,
        -0.506,
        6.356,
        -0.3,
        6.7,
        -0.3
      ]
    },
    {
      "Target": "Parameter",
      "Id": "PARAM_MOUTH_OPEN",
      "Segments": [
        0,
        0,
        2,
        0.6,
        0,
        1,
        0.889,
        0,
        1.178,
        0.039,
        1.467,
        0.15,
        1,
        1.5,
        0.163,
        1.534,
        1.5,
        1.567,
        1.5,
        0,
        1.833,
        0.15,
        2,
        2.867,
        0.15,
        2,
        3.333,
        0.15,
        0,
        4.333,
        1.494,
        1,
        4.489,
        1.494,
        4.644,
        1.464,
        4.8,
        1.259,
        1,
        5.011,
        0.98,
        5.222,
        0.291,
        5.433,
        0.176,
        1,
        5.511,
        0.134,
        5.589,
        0.151,
        5.667,
        0.132,
        1,
        6.011,
        0.049,
        6.356,
        0,
        6.7,
        0
      ]
    },
    {
      "Target": "Parameter",
      "Id": "PARAM_MOUTH_FORM",
      "Segments": [
        0,
        0.6,
        2,
        0.6,
        0.6,
        0,
        1.467,
        1,
        2,
        1.833,
        1,
        2,
        2.867,
        1,
        2,
        3.333,
        1,
        2,
        4.267,
        1,
        0,
        5.367,
        0.5,
        1,
        5.467,
        0.5,
        5.567,
        0.499,
        5.667,
        0.501,
        1,
        6.011,
        0.506,
        6.356,
        0.6,
        6.7,
        0.6
      ]
    },
    {
      "Target": "Parameter",
      "Id": "PARAM_MOUTH_SIZE",
      "Segments": [
        0,
        -0.5,
        0,
        0.6,
        -1,
        0,
        1.467,
        -0.41,
        2,
        1.833,
        -0.41,
        2,
        2.867,
        -0.41,
        2,
        3.333,
        -0.41,
        2,
        4.267,
        -0.41,
        0,
        5.367,
        -0.7,
        1,
        5.467,
        -0.7,
        5.567,
        -0.706,
        5.667,
        -0.696,
        1,
        6.011,
        -0.661,
        6.356,
        -0.5,
        6.7,
        -0.5
      ]
    },
    {
      "Target": "Parameter",
      "Id": "PARAM_TERE",
      "Segments": [
        0,
        0.1,
        0,
        0.6,
        0.182,
        1,
        1.011,
        0.182,
        1.422,
        0.142,
        1.833,
        0.137,
        1,
        3.111,
        0.123,
        4.389,
        0.113,
        5.667,
        0.103,
        1,
        6.011,
        0.1,
        6.356,
        0.1,
        6.7,
        0.1
      ]
    },
    {
      "Target": "Parameter",
      "Id": "PARAM_FAT",
      "Segments": [
        0,
        0,
        0,
        0.6,
        1,
        0,
        1.833,
        0,
        2,
        5.667,
        0,
        2,
        6.7,
        0
      ]
    },
    {
      "Target": "Parameter",
      "Id": "PARAM_TANQI",
      "Segments": [
        0,
        0,
        2,
        1.833,
        0,
        2,
        4.733,
        0,
        1,
        4.978,
        0.333,
        5.222,
        0.667,
        5.467,
        1,
        2,
        5.5,
        0.004,
        1,
        5.9,
        0.001,
        6.3,
        0,
        6.7,
        0
      ]
    },
    {
      "Target": "PartOpacity",
      "Id": "PARTS_GUDIAN",
      "Segments": [
        0,
        1,
        2,
        6.7,
        1
      ]
    },
    {
      "Target": "PartOpacity",
      "Id": "PARTS_01_ARM_L_01",
      "Segments": [
        0,
        1,
        2,
        6.7,
        1
      ]
    },
    {
      "Target": "PartOpacity",
      "Id": "PARTS_01_ARM_R_01",
      "Segments": [
        0,
        1,
        2,
        6.7,
        1
      ]
    },
    {
      "Target": "PartOpacity",
      "Id": "PARTS_01_BODY",
      "Segments": [
        0,
        1,
        2,
        1.47,
        1,
        2,
        1.83,
        1,
        2,
        2.87,
        1,
        2,
        3.33,
        1,
        2,
        4.27,
        1,
        2,
        5.37,
        1,
        2,
        5.67,
        1,
        2,
        6.7,
        1
      ]
    },
    {
      "Target": "PartOpacity",
      "Id": "PARTS_01_NECK",
      "Segments": [
        0,
        1,
        2,
        1.47,
        1,
        2,
        1.83,
        1,
        2,
        2.87,
        1,
        2,
        3.33,
        1,
        2,
        4.27,
        1,
        2,
        5.37,
        1,
        2,
        5.67,
        1,
        2,
        6.7,
        1
      ]
    },
    {
      "Target": "PartOpacity",
      "Id": "PARTS_01_HAIR_BACK_001",
      "Segments": [
        0,
        1,
        2,
        1.47,
        1,
        2,
        1.83,
        1,
        2,
        2.87,
        1,
        2,
        3.33,
        1,
        2,
        4.27,
        1,
        2,
        5.37,
        1,
        2,
        5.67,
        1,
        2,
        6.7,
        1
      ]
    },
    {
      "Target": "PartOpacity",
      "Id": "PARTS_01_HAIR_SIDE_001",
      "Segments": [
        0,
        1,
        2,
        1.47,
        1,
        2,
        1.83,
        1,
        2,
        2.87,
        1,
        2,
        3.33,
        1,
        2,
        4.27,
        1,
        2,
        5.37,
        1,
        2,
        5.67,
        1,
        2,
        6.7,
        1
      ]
    },
    {
      "Target": "PartOpacity",
      "Id": "PARTS_01_HAIR_FRONT_001",
      "Segments": [
        0,
        1,
        2,
        1.47,
        1,
        2,
        1.83,
        1,
        2,
        2.87,
        1,
        2,
        3.33,
        1,
        2,
        4.27,
        1,
        2,
        5.37,
        1,
        2,
        5.67,
        1,
        2,
        6.7,
        1
      ]
    },
    {
      "Target": "PartOpacity",
      "Id": "PARTS_01_EAR_001",
      "Segments": [
        0,
        1,
        2,
        1.47,
        1,
        2,
        1.83,
        1,
        2,
        2.87,
        1,
        2,
        3.33,
        1,
        2,
        4.27,
        1,
        2,
        5.37,
        1,
        2,
        5.67,
        1,
        2,
        6.7,
        1
      ]
    },
    {
      "Target": "PartOpacity",
      "Id": "PARTS_01_NOSE_001",
      "Segments": [
        0,
        1,
        2,
        1.47,
        1,
        2,
        1.83,
        1,
        2,
        2.87,
        1,
        2,
        3.33,
        1,
        2,
        4.27,
        1,
        2,
        5.37,
        1,
        2,
        5.67,
        1,
        2,
        6.7,
        1
      ]
    },
    {
      "Target": "PartOpacity",
      "Id": "PARTS_01_MOUTH_001",
      "Segments": [
        0,
        1,
        2,
        1.47,
        1,
        2,
        1.83,
        1,
        2,
        2.87,
        1,
        2,
        3.33,
        1,
        2,
        4.27,
        1,
        2,
        5.37,
        1,
        2,
        5.67,
        1,
        2,
        6.7,
        1
      ]
    },
    {
      "Target": "PartOpacity",
      "Id": "PARTS_01_BROW_001",
      "Segments": [
        0,
        1,
        2,
        1.47,
        1,
        2,
        1.83,
        1,
        2,
        2.87,
        1,
        2,
        3.33,
        1,
        2,
        4.27,
        1,
        2,
        5.37,
        1,
        2,
        5.67,
        1,
        2,
        6.7,
        1
      ]
    },
    {
      "Target": "PartOpacity",
      "Id": "PARTS_01_EYE_BALL_001",
      "Segments": [
        0,
        1,
        2,
        1.47,
        1,
        2,
        1.83,
        1,
        2,
        2.87,
        1,
        2,
        3.33,
        1,
        2,
        4.27,
        1,
        2,
        5.37,
        1,
        2,
        5.67,
        1,
        2,
        6.7,
        1
      ]
    },
    {
      "Target": "PartOpacity",
      "Id": "PARTS_01_EYE_001",
      "Segments": [
        0,
        1,
        2,
        1.47,
        1,
        2,
        1.83,
        1,
        2,
        2.87,
        1,
        2,
        3.33,
        1,
        2,
        4.27,
        1,
        2,
        5.37,
        1,
        2,
        5.67,
        1,
        2,
        6.7,
        1
      ]
    },
    {
      "Target": "PartOpacity",
      "Id": "PARTS_01_FACE_001",
      "Segments": [
        0,
        1,
        2,
        1.47,
        1,
        2,
        1.83,
        1,
        2,
        2.87,
        1,
        2,
        3.33,
        1,
        2,
        4.27,
        1,
        2,
        5.37,
        1,
        2,
        5.67,
        1,
        2,
        6.7,
        1
      ]
    },
    {
      "Target": "PartOpacity",
      "Id": "ROUGH",
      "Segments": [
        0,
        1,
        2,
        1.47,
        1,
        2,
        1.83,
        1,
        2,
        2.87,
        1,
        2,
        3.33,
        1,
        2,
        4.27,
        1,
        2,
        5.37,
        1,
        2,
        5.67,
        1,
        2,
        6.7,
        1
      ]
    },
    {
      "Target": "Model",
      "Id": "Opacity",
      "Segments": [
        0,
        1,
        0,
        6.7,
        1
      ]
    },
    {
      "Target": "Parameter",
      "Id": "PARAM_TOUSHI_L",
      "Segments": [
        0,
        0,
        0,
        6.7,
        0
      ]
    },
    {
      "Target": "Parameter",
      "Id": "PARAM_TANGDIE",
      "Segments": [
        0,
        0,
        0,
        6.7,
        0
      ]
    },
    {
      "Target": "Parameter",
      "Id": "PARAM_RIGHT_ARM_TAI",
      "Segments": [
        0,
        0.5,
        0,
        6.7,
        0.5
      ]
    },
    {
      "Target": "Parameter",
      "Id": "PARAM_HAND_R_LEVEL",
      "Segments": [
        0,
        1,
        0,
        6.7,
        1
      ]
    },
    {
      "Target": "Parameter",
      "Id": "PARAM_YIFU",
      "Segments": [
        0,
        0,
        0,
        6.7,
        0
      ]
    },
    {
      "Target": "Parameter",
      "Id": "PARAM_CHICKEN",
      "Segments": [
        0,
        0,
        0,
        6.7,
        0
      ]
    },
    {
      "Target": "Parameter",
      "Id": "PARAM_CHICKEN_MOVE",
      "Segments": [
        0,
        0,
        0,
        6.7,
        0
      ]
    },
    {
      "Target": "Parameter",
      "Id": "PARAM_BANSHOU",
      "Segments": [
        0,
        0,
        0,
        6.7,
        0
      ]
    },
    {
      "Target": "Parameter",
      "Id": "PARAM_BANSHOU_MOVE",
      "Segments": [
        0,
        0,
        0,
        6.7,
        0
      ]
    },
    {
      "Target": "Parameter",
      "Id": "PARAM_BANSHOU_MOVE_01",
      "Segments": [
        0,
        0,
        0,
        6.7,
        0
      ]
    },
    {
      "Target": "Parameter",
      "Id": "PARAM_SHAOZI",
      "Segments": [
        0,
        0,
        0,
        6.7,
        0
      ]
    },
    {
      "Target": "Parameter",
      "Id": "PARAM_SHAOZI_MOVE",
      "Segments": [
        0,
        0,
        0,
        6.7,
        0
      ]
    },
    {
      "Target": "Parameter",
      "Id": "PARAM_SHAOZI_MOVE_01",
      "Segments": [
        0,
        0,
        0,
        6.7,
        0
      ]
    },
    {
      "Target": "Parameter",
      "Id": "PARAM_SOUP",
      "Segments": [
        0,
        0,
        0,
        6.7,
        0
      ]
    },
    {
      "Target": "Parameter",
      "Id": "PARAM_JITA_CHUXIAN",
      "Segments": [
        0,
        0,
        0,
        6.7,
        0
      ]
    },
    {
      "Target": "Parameter",
      "Id": "PARAM_JITA_LEVEL",
      "Segments": [
        0,
        0,
        0,
        6.7,
        0
      ]
    },
    {
      "Target": "Parameter",
      "Id": "PARAM_JITA_MOVE_X",
      "Segments": [
        0,
        0,
        0,
        6.7,
        0
      ]
    },
    {
      "Target": "Parameter",
      "Id": "PARAM_JITA_MOVE_Y",
      "Segments": [
        0,
        0,
        0,
        6.7,
        0
      ]
    },
    {
      "Target": "Parameter",
      "Id": "PARAM_JITA_Z",
      "Segments": [
        0,
        0,
        0,
        6.7,
        0
      ]
    },
    {
      "Target": "Parameter",
      "Id": "PARAM_JITA_X",
      "Segments": [
        0,
        0,
        0,
        6.7,
        0
      ]
    },
    {
      "Target": "Parameter",
      "Id": "PARAM_JITA_Y",
      "Segments": [
        0,
        0,
        0,
        6.7,
        0
      ]
    },
    {
      "Target": "Parameter",
      "Id": "PARAM_JINADAI_X",
      "Segments": [
        0,
        0,
        0,
        6.7,
        0
      ]
    },
    {
      "Target": "Parameter",
      "Id": "PARAM_JIANDAI_Y",
      "Segments": [
        0,
        0,
        0,
        6.7,
        0
      ]
    },
    {
      "Target": "Parameter",
      "Id": "PARAM_JIANDAI_BACK_X",
      "Segments": [
        0,
        0,
        0,
        6.7,
        0
      ]
    },
    {
      "Target": "Parameter",
      "Id": "PARAM_JIANDAI_BACK_Y",
      "Segments": [
        0,
        0,
        0,
        6.7,
        0
      ]
    },
    {
      "Target": "Parameter",
      "Id": "PARAM_EYE_BALL_FORM",
      "Segments": [
        0,
        0,
        0,
        6.7,
        0
      ]
    },
    {
      "Target": "Parameter",
      "Id": "PARAM_EYE_BALL_SAD",
      "Segments": [
        0,
        0,
        0,
        6.7,
        0
      ]
    },
    {
      "Target": "Parameter",
      "Id": "PARAM_EYE_BALL_BAIYAN",
      "Segments": [
        0,
        0,
        0,
        6.7,
        0
      ]
    },
    {
      "Target": "Parameter",
      "Id": "PARAM_EYE_BALL_KIRAKIRA",
      "Segments": [
        0,
        0,
        0,
        6.7,
        0
      ]
    },
    {
      "Target": "Parameter",
      "Id": "PARAM_EYE_kira_R1",
      "Segments": [
        0,
        1,
        0,
        6.7,
        1
      ]
    },
    {
      "Target": "Parameter",
      "Id": "PARAM_EYE_kira_R2",
      "Segments": [
        0,
        0.5,
        0,
        6.7,
        0.5
      ]
    },
    {
      "Target": "Parameter",
      "Id": "PARAM_EYE_kira_L1",
      "Segments": [
        0,
        1,
        0,
        6.7,
        1
      ]
    },
    {
      "Target": "Parameter",
      "Id": "PARAM_EYE_kira_L2",
      "Segments": [
        0,
        0.5,
        0,
        6.7,
        0.5
      ]
    },
    {
      "Target": "Parameter",
      "Id": "PARAM_EYE_TI1",
      "Segments": [
        0,
        0,
        0,
        6.7,
        0
      ]
    },
    {
      "Target": "Parameter",
      "Id": "PARAM_EYE_TI2",
      "Segments": [
        0,
        0,
        0,
        6.7,
        0
      ]
    },
    {
      "Target": "Parameter",
      "Id": "PARAM_EYE_SPECIAL",
      "Segments": [
        0,
        0,
        0,
        6.7,
        0
      ]
    },
    {
      "Target": "Parameter",
      "Id": "PARAM_EYE_DEFROM",
      "Segments": [
        0,
        0,
        0,
        6.7,
        0
      ]
    },
    {
      "Target": "Parameter",
      "Id": "PARAM_BROW_L_X",
      "Segments": [
        0,
        0,
        0,
        6.7,
        0
      ]
    },
    {
      "Target": "Parameter",
      "Id": "PARAM_BROW_R_X",
      "Segments": [
        0,
        0,
        0,
        6.7,
        0
      ]
    },
    {
      "Target": "Parameter",
      "Id": "PARAM_MOUTH_SPECIAL",
      "Segments": [
        0,
        0,
        0,
        6.7,
        0
      ]
    },
    {
      "Target": "Parameter",
      "Id": "PARAM_MOUTH_WIDTH",
      "Segments": [
        0,
        1,
        0,
        6.7,
        1
      ]
    },
    {
      "Target": "Parameter",
      "Id": "PARAM_MOUTH_DEFORM_SPECIAL",
      "Segments": [
        0,
        0,
        0,
        6.7,
        0
      ]
    },
    {
      "Target": "Parameter",
      "Id": "PARAM_MOUTH_X",
      "Segments": [
        0,
        0,
        0,
        6.7,
        0
      ]
    },
    {
      "Target": "Parameter",
      "Id": "PARAM_MOUTH_Y",
      "Segments": [
        0,
        0,
        0,
        6.7,
        0
      ]
    },
    {
      "Target": "Parameter",
      "Id": "PARAM_SHY",
      "Segments": [
        0,
        0,
        0,
        6.7,
        0
      ]
    },
    {
      "Target": "Parameter",
      "Id": "PARAM_TERE2",
      "Segments": [
        0,
        0,
        0,
        6.7,
        0
      ]
    },
    {
      "Target": "Parameter",
      "Id": "PARAM_WATER",
      "Segments": [
        0,
        0,
        0,
        6.7,
        0
      ]
    },
    {
      "Target": "Parameter",
      "Id": "PARAM_HAN",
      "Segments": [
        0,
        0,
        0,
        6.7,
        0
      ]
    },
    {
      "Target": "Parameter",
      "Id": "PARAM_ANGRY",
      "Segments": [
        0,
        0,
        0,
        6.7,
        0
      ]
    },
    {
      "Target": "Parameter",
      "Id": "PARAM_HEI",
      "Segments": [
        0,
        -1,
        0,
        6.7,
        -1
      ]
    },
    {
      "Target": "Parameter",
      "Id": "PARAM_LIANHEIXIAN",
      "Segments": [
        0,
        0,
        0,
        6.7,
        0
      ]
    },
    {
      "Target": "Parameter",
      "Id": "PARAM_HEIXIAN",
      "Segments": [
        0,
        0,
        0,
        6.7,
        0
      ]
    },
    {
      "Target": "Parameter",
      "Id": "PARAM_YINYING",
      "Segments": [
        0,
        0,
        0,
        6.7,
        0
      ]
    },
    {
      "Target": "Parameter",
      "Id": "PARAM_ZHAMAO",
      "Segments": [
        0,
        0,
        0,
        6.7,
        0
      ]
    },
    {
      "Target": "Parameter",
      "Id": "PARAM_RU_X",
      "Segments": [
        0,
        0,
        0,
        6.7,
        0
      ]
    },
    {
      "Target": "Parameter",
      "Id": "PARAM_RU_Y",
      "Segments": [
        0,
        0,
        0,
        6.7,
        0
      ]
    },
    {
      "Target": "Parameter",
      "Id": "PARAM_BREATH",
      "Segments": [
        0,
        0,
        0,
        6.7,
        0
      ]
    },
    {
      "Target": "Parameter",
      "Id": "PARAM_HAIR_FRONT",
      "Segments": [
        0,
        0,
        0,
        6.7,
        0
      ]
    },
    {
      "Target": "Parameter",
      "Id": "PARAM_HAIR_FROUT_2",
      "Segments": [
        0,
        0,
        0,
        6.7,
        0
      ]
    },
    {
      "Target": "Parameter",
      "Id": "PARAM_HAIR_FROUT_WAVE",
      "Segments": [
        0,
        0,
        0,
        6.7,
        0
      ]
    },
    {
      "Target": "Parameter",
      "Id": "PARAM_HAIR_SIDE_R",
      "Segments": [
        0,
        0,
        0,
        6.7,
        0
      ]
    },
    {
      "Target": "Parameter",
      "Id": "PARAM_HAIR_SIDE_R2",
      "Segments": [
        0,
        0,
        0,
        6.7,
        0
      ]
    },
    {
      "Target": "Parameter",
      "Id": "PARAM_HAIR_SIDE_WAVE",
      "Segments": [
        0,
        0,
        0,
        6.7,
        0
      ]
    },
    {
      "Target": "Parameter",
      "Id": "PARAM_HAIR_SIDE_R3",
      "Segments": [
        0,
        0,
        0,
        6.7,
        0
      ]
    },
    {
      "Target": "Parameter",
      "Id": "PARAM_HAIR_SIDE_L",
      "Segments": [
        0,
        0,
        0,
        6.7,
        0
      ]
    },
    {
      "Target": "Parameter",
      "Id": "PARAM_HAIR_SIDE_L3",
      "Segments": [
        0,
        0,
        0,
        6.7,
        0
      ]
    },
    {
      "Target": "Parameter",
      "Id": "PARAM_HAIR_BACK_WAVE",
      "Segments": [
        0,
        0,
        0,
        6.7,
        0
      ]
    },
    {
      "Target": "Parameter",
      "Id": "PARAM_XIANQUNZI_1",
      "Segments": [
        0,
        0,
        0,
        6.7,
        0
      ]
    },
    {
      "Target": "Parameter",
      "Id": "PARAM_XIANQUNZI_2",
      "Segments": [
        0,
        0,
        0,
        6.7,
        0
      ]
    },
    {
      "Target": "Parameter",
      "Id": "PARAM_YICENGQUN_YIDUAN_SHAKE",
      "Segments": [
        0,
        0,
        0,
        6.7,
        0
      ]
    },
    {
      "Target": "Parameter",
      "Id": "PARAM_PARAM_YICENGQUN_ERDUAN_SHAKE",
      "Segments": [
        0,
        0,
        0,
        6.7,
        0
      ]
    },
    {
      "Target": "Parameter",
      "Id": "PARAM_YICENGSHA_1DUAN_SHAKE",
      "Segments": [
        0,
        0,
        0,
        6.7,
        0
      ]
    },
    {
      "Target": "Parameter",
      "Id": "PARAM_YICESHA_2DUAN_SHAKE",
      "Segments": [
        0,
        0,
        0,
        6.7,
        0
      ]
    },
    {
      "Target": "Parameter",
      "Id": "PARAM_ERCENGSHA_1DUAN_SHAKE",
      "Segments": [
        0,
        0,
        0,
        6.7,
        0
      ]
    },
    {
      "Target": "Parameter",
      "Id": "PARAM_ERCENGSAHA_2DUAN_SHAKE",
      "Segments": [
        0,
        0,
        0,
        6.7,
        0
      ]
    }
  ],
  "UserData": []
}