{
  "Version": 3,
  "Meta": {
    "Duration": 4.67,
    "Fps": 30.0,
    "Loop": true,
    "AreBeziersRestricted": true,
    "CurveCount": 134,
    "TotalSegmentCount": 338,
    "TotalPointCount": 514,
    "UserDataCount": 0,
    "TotalUserDataSize": 0
  },
  "Curves": [
    {
      "Target": "Parameter",
      "Id": "PARAM_ANGLE_X",
      "Segments": [
        0,
        -4,
        1,
        0.178,
        -4,
        0.355,
        -17.383,
        0.533,
        -27.009,
        1,
        0.755,
        -39.042,
        0.978,
        -41.25,
        1.2,
        -41.25,
        0,
        1.833,
        -38.687,
        0,
        2.233,
        -60,
        2,
        2.6,
        -60,
        2,
        3,
        -60,
        1,
        3.211,
        -60,
        3.422,
        -60.925,
        3.633,
        -58,
        1,
        3.978,
        -53.228,
        4.322,
        -4,
        4.667,
        -4
      ]
    },
    {
      "Target": "Parameter",
      "Id": "PARAM_ANGLE_Y",
      "Segments": [
        0,
        -8,
        0,
        0.3,
        -14,
        0,
        1.333,
        3.576,
        0,
        1.833,
        -7.784,
        1,
        1.978,
        -7.784,
        2.122,
        -5.032,
        2.267,
        0.541,
        1,
        2.389,
        5.257,
        2.511,
        7.649,
        2.633,
        7.649,
        0,
        3,
        -3.86,
        0,
        3.7,
        12.619,
        1,
        3.878,
        12.619,
        4.055,
        3.837,
        4.233,
        -2.503,
        1,
        4.378,
        -7.655,
        4.522,
        -8,
        4.667,
        -8
      ]
    },
    {
      "Target": "Parameter",
      "Id": "PARAM_ANGLE_Z",
      "Segments": [
        0,
        -8,
        0,
        0.733,
        8.8,
        1,
        0.822,
        8.8,
        0.911,
        -2.414,
        1,
        -10,
        1,
        1.089,
        -17.586,
        1.178,
        -18.402,
        1.267,
        -18.402,
        1,
        1.456,
        -18.402,
        1.644,
        -17.908,
        1.833,
        -10.089,
        1,
        1.966,
        -4.571,
        2.1,
        19,
        2.233,
        19,
        0,
        3,
        11,
        0,
        3.633,
        13,
        0,
        4.667,
        -8
      ]
    },
    {
      "Target": "Parameter",
      "Id": "PARAM_BODY_ANGLE_X",
      "Segments": [
        0,
        -0.047,
        0,
        0.533,
        5.518,
        0,
        0.933,
        -2.219,
        0,
        1.5,
        0.711,
        1,
        1.633,
        0.711,
        1.767,
        -0.166,
        1.9,
        -3.21,
        1,
        2.011,
        -5.747,
        2.122,
        -8,
        2.233,
        -8,
        1,
        2.355,
        -8,
        2.478,
        -6.064,
        2.6,
        -4.624,
        1,
        2.889,
        -1.221,
        3.178,
        -0.178,
        3.467,
        -0.178,
        0,
        4.333,
        -4.358,
        0,
        4.667,
        -0.047
      ]
    },
    {
      "Target": "Parameter",
      "Id": "PARAM_BODY_ANGLE_Y",
      "Segments": [
        0,
        0,
        0,
        0.3,
        7.763,
        0,
        0.933,
        -1.267,
        0,
        1.5,
        6.378,
        0,
        1.833,
        0.074,
        0,
        2.233,
        10,
        0,
        2.633,
        4.521,
        0,
        3,
        9.646,
        0,
        3.633,
        3.706,
        0,
        4.067,
        7.559,
        0,
        4.667,
        0
      ]
    },
    {
      "Target": "Parameter",
      "Id": "PARAM_BODY_ANGLE_Z",
      "Segments": [
        0,
        0,
        1,
        0.256,
        0,
        0.511,
        -0.608,
        0.767,
        -1.678,
        1,
        0.911,
        -2.282,
        1.056,
        -2.52,
        1.2,
        -2.52,
        0,
        2.3,
        -1.16,
        0,
        2.667,
        -2.535,
        1,
        3.189,
        -2.535,
        3.711,
        -2.281,
        4.233,
        -1.305,
        1,
        4.378,
        -1.036,
        4.522,
        0,
        4.667,
        0
      ]
    },
    {
      "Target": "Parameter",
      "Id": "PARAM_UPPER_BODY",
      "Segments": [
        0,
        0,
        0,
        0.933,
        3.703,
        0,
        1.933,
        -1.182,
        0,
        2.867,
        1.706,
        0,
        4,
        -2.389,
        0,
        4.667,
        0
      ]
    },
    {
      "Target": "Parameter",
      "Id": "PARAM_LEFT_ARM",
      "Segments": [
        0,
        0.349,
        0,
        0.2,
        0.326,
        1,
        0.4,
        0.326,
        0.6,
        0.327,
        0.8,
        0.394,
        1,
        1.011,
        0.465,
        1.222,
        0.59,
        1.433,
        0.59,
        1,
        1.644,
        0.59,
        1.856,
        0.528,
        2.067,
        0.469,
        1,
        2.334,
        0.394,
        2.6,
        0.376,
        2.867,
        0.376,
        0,
        4.067,
        0.479,
        0,
        4.667,
        0.349
      ]
    },
    {
      "Target": "Parameter",
      "Id": "PARAM_ARM_L",
      "Segments": [
        0,
        -1,
        2,
        0.533,
        -1,
        0,
        1.433,
        -0.596,
        0,
        2.133,
        -0.87,
        1,
        2.278,
        -0.87,
        2.422,
        -0.695,
        2.567,
        -0.644,
        1,
        2.889,
        -0.53,
        3.211,
        -0.512,
        3.533,
        -0.512,
        1,
        3.733,
        -0.512,
        3.933,
        -0.543,
        4.133,
        -0.703,
        1,
        4.311,
        -0.845,
        4.489,
        -1,
        4.667,
        -1
      ]
    },
    {
      "Target": "Parameter",
      "Id": "PARAM_ARM_L_02",
      "Segments": [
        0,
        0.9,
        0,
        0.5,
        0.972,
        0,
        1.533,
        0.674,
        0,
        2.667,
        0.906,
        1,
        2.845,
        0.906,
        3.022,
        0.795,
        3.2,
        0.692,
        1,
        3.367,
        0.595,
        3.533,
        0.58,
        3.7,
        0.58,
        1,
        3.889,
        0.58,
        4.078,
        0.591,
        4.267,
        0.7,
        1,
        4.378,
        0.765,
        4.489,
        0.954,
        4.6,
        0.954,
        0,
        4.667,
        0.9
      ]
    },
    {
      "Target": "Parameter",
      "Id": "PARAM_HAND_L",
      "Segments": [
        0,
        0,
        2,
        1.5,
        0,
        2,
        4.667,
        0
      ]
    },
    {
      "Target": "Parameter",
      "Id": "PARAM_HAND_L_02",
      "Segments": [
        0,
        0,
        0,
        0.367,
        -0.6,
        0,
        0.933,
        0.6,
        0,
        1.833,
        0,
        0,
        2.233,
        0.5,
        0,
        3.333,
        -1,
        0,
        4.667,
        0
      ]
    },
    {
      "Target": "Parameter",
      "Id": "PARAM_RIGHT_ARM",
      "Segments": [
        0,
        0,
        1,
        0.211,
        0,
        0.422,
        0.088,
        0.633,
        0.256,
        1,
        0.733,
        0.335,
        0.833,
        0.401,
        0.933,
        0.488,
        1,
        1.078,
        0.613,
        1.222,
        0.692,
        1.367,
        0.692,
        1,
        1.489,
        0.692,
        1.611,
        0.663,
        1.733,
        0.544,
        1,
        1.9,
        0.382,
        2.066,
        0.257,
        2.233,
        0.257,
        1,
        2.378,
        0.257,
        2.522,
        0.427,
        2.667,
        0.454,
        1,
        2.989,
        0.512,
        3.311,
        0.519,
        3.633,
        0.519,
        1,
        3.855,
        0.519,
        4.078,
        0.483,
        4.3,
        0.296,
        1,
        4.422,
        0.192,
        4.545,
        0,
        4.667,
        0
      ]
    },
    {
      "Target": "Parameter",
      "Id": "PARAM_ARM_R",
      "Segments": [
        0,
        2.28,
        1,
        0.067,
        2.28,
        0.133,
        2.082,
        0.2,
        2.055,
        1,
        0.344,
        1.997,
        0.489,
        1.993,
        0.633,
        1.928,
        1,
        0.733,
        1.883,
        0.833,
        1.619,
        0.933,
        1.37,
        1,
        1.078,
        1.011,
        1.222,
        0.667,
        1.367,
        0.667,
        1,
        1.489,
        0.667,
        1.611,
        0.852,
        1.733,
        1.384,
        1,
        1.9,
        2.11,
        2.066,
        3.221,
        2.233,
        3.759,
        1,
        2.378,
        4.225,
        2.522,
        4.27,
        2.667,
        4.27,
        0,
        2.833,
        4.178,
        0,
        3,
        4.27,
        0,
        3.167,
        4.178,
        0,
        3.467,
        4.251,
        1,
        3.522,
        4.251,
        3.578,
        4.317,
        3.633,
        4.171,
        1,
        3.978,
        3.265,
        4.322,
        2.28,
        4.667,
        2.28
      ]
    },
    {
      "Target": "Parameter",
      "Id": "PARAM_ARM_R_TOUSHI2",
      "Segments": [
        0,
        0,
        0,
        2.667,
        0.633,
        2,
        3.633,
        0.633,
        0,
        4.667,
        0
      ]
    },
    {
      "Target": "Parameter",
      "Id": "PARAM_TOUSHI_R",
      "Segments": [
        0,
        0.285,
        0,
        2.667,
        0,
        2,
        3.633,
        0,
        0,
        4.667,
        0.285
      ]
    },
    {
      "Target": "Parameter",
      "Id": "PARAM_ARM_R_02",
      "Segments": [
        0,
        -1,
        2,
        0.567,
        -1,
        1,
        0.689,
        -1,
        0.811,
        -0.678,
        0.933,
        -0.4,
        1,
        1.2,
        0.208,
        1.466,
        0.4,
        1.733,
        0.4,
        1,
        1.833,
        0.4,
        1.933,
        0.293,
        2.033,
        0.227,
        1,
        2.111,
        0.176,
        2.189,
        0.179,
        2.267,
        0.128,
        1,
        2.334,
        0.084,
        2.4,
        -0.116,
        2.467,
        -0.228,
        1,
        2.5,
        -0.283,
        2.534,
        -0.302,
        2.567,
        -0.302,
        0,
        2.8,
        0.127,
        0,
        2.933,
        -0.288,
        0,
        3.167,
        0.023,
        0,
        3.433,
        -0.316,
        0,
        3.667,
        0.112,
        0,
        3.867,
        -0.29,
        0,
        4.067,
        0.053,
        1,
        4.134,
        0.053,
        4.2,
        -0.041,
        4.267,
        -0.275,
        1,
        4.4,
        -0.742,
        4.534,
        -1,
        4.667,
        -1
      ]
    },
    {
      "Target": "Parameter",
      "Id": "PARAM_HAND_R",
      "Segments": [
        0,
        0,
        0,
        0.933,
        0.061,
        0,
        1,
        0,
        2,
        1.833,
        0,
        0,
        2,
        0.5,
        2,
        3.667,
        0.5,
        2,
        4.267,
        0.5,
        0,
        4.333,
        0,
        2,
        4.667,
        0
      ]
    },
    {
      "Target": "Parameter",
      "Id": "PARAM_HAND_R2",
      "Segments": [
        0,
        0,
        2,
        0.933,
        0,
        0,
        1,
        1,
        2,
        1.833,
        1,
        2,
        2,
        1,
        2,
        3.667,
        1,
        2,
        4.267,
        1,
        0,
        4.333,
        0,
        2,
        4.667,
        0
      ]
    },
    {
      "Target": "Parameter",
      "Id": "PARAM_HAND_R_02",
      "Segments": [
        0,
        0,
        2,
        0.7,
        0,
        0,
        1,
        -1,
        2,
        1.367,
        -1,
        2,
        1.833,
        -1,
        2,
        2,
        -1,
        2,
        3.667,
        -1,
        2,
        4.267,
        -1,
        0,
        4.333,
        0,
        2,
        4.667,
        0
      ]
    },
    {
      "Target": "Parameter",
      "Id": "PARAM_EYE_L_OPEN",
      "Segments": [
        0,
        1,
        1,
        0.1,
        1,
        0.2,
        0.963,
        0.3,
        0.784,
        1,
        0.444,
        0.527,
        0.589,
        0.322,
        0.733,
        0.322,
        1,
        0.822,
        0.322,
        0.911,
        0.693,
        1,
        0.761,
        1,
        1.111,
        0.845,
        1.222,
        0.839,
        1.333,
        0.839,
        0,
        1.5,
        0,
        1,
        1.556,
        0,
        1.611,
        0.77,
        1.667,
        0.779,
        1,
        1.722,
        0.788,
        1.778,
        0.786,
        1.833,
        0.786,
        0,
        2.233,
        0,
        2,
        3.633,
        0,
        1,
        3.889,
        0,
        4.144,
        0.209,
        4.4,
        0.7,
        1,
        4.489,
        0.871,
        4.578,
        1,
        4.667,
        1
      ]
    },
    {
      "Target": "Parameter",
      "Id": "PARAM_EYE_L_FORM",
      "Segments": [
        0,
        0.5,
        0,
        1.333,
        1,
        2,
        1.5,
        1,
        2,
        1.667,
        1,
        2,
        1.833,
        1,
        0,
        4.667,
        0.5
      ]
    },
    {
      "Target": "Parameter",
      "Id": "PARAM_EYE_R_OPEN",
      "Segments": [
        0,
        1,
        1,
        0.1,
        1,
        0.2,
        0.978,
        0.3,
        0.8,
        1,
        0.444,
        0.543,
        0.589,
        0.298,
        0.733,
        0.298,
        1,
        0.833,
        0.298,
        0.933,
        0.649,
        1.033,
        0.745,
        1,
        1.133,
        0.841,
        1.233,
        0.831,
        1.333,
        0.831,
        0,
        1.5,
        0,
        1,
        1.556,
        0,
        1.611,
        0.76,
        1.667,
        0.778,
        1,
        1.722,
        0.797,
        1.778,
        0.792,
        1.833,
        0.792,
        0,
        2.233,
        0,
        2,
        3.633,
        0,
        1,
        3.889,
        0,
        4.144,
        0.209,
        4.4,
        0.7,
        1,
        4.489,
        0.871,
        4.578,
        1,
        4.667,
        1
      ]
    },
    {
      "Target": "Parameter",
      "Id": "PARAM_EYE_R_FORM",
      "Segments": [
        0,
        0.5,
        0,
        1.333,
        1,
        2,
        1.5,
        1,
        2,
        1.667,
        1,
        2,
        1.833,
        1,
        0,
        4.667,
        0.5
      ]
    },
    {
      "Target": "Parameter",
      "Id": "PARAM_EYE_BALL_X",
      "Segments": [
        0,
        0,
        0,
        1.833,
        1,
        0,
        4.667,
        0
      ]
    },
    {
      "Target": "Parameter",
      "Id": "PARAM_BROW_L_Y",
      "Segments": [
        0,
        0,
        1,
        0.1,
        0,
        0.2,
        -0.107,
        0.3,
        -0.298,
        1,
        0.444,
        -0.573,
        0.589,
        -0.7,
        0.733,
        -0.7,
        0,
        1,
        -0.094,
        1,
        1.111,
        -0.094,
        1.222,
        -0.098,
        1.333,
        -0.2,
        1,
        1.389,
        -0.251,
        1.444,
        -1,
        1.5,
        -1,
        0,
        1.667,
        -0.2,
        2,
        1.833,
        -0.2,
        0,
        2.233,
        -1,
        2,
        3.833,
        -1,
        1,
        4.089,
        -1,
        4.344,
        -0.763,
        4.6,
        -0.2,
        1,
        4.622,
        -0.151,
        4.645,
        0,
        4.667,
        0
      ]
    },
    {
      "Target": "Parameter",
      "Id": "PARAM_BROW_R_Y",
      "Segments": [
        0,
        0,
        1,
        0.1,
        0,
        0.2,
        -0.104,
        0.3,
        -0.295,
        1,
        0.444,
        -0.57,
        0.589,
        -0.7,
        0.733,
        -0.7,
        0,
        1,
        -0.141,
        1,
        1.111,
        -0.141,
        1.222,
        -0.142,
        1.333,
        -0.2,
        1,
        1.389,
        -0.229,
        1.444,
        -1,
        1.5,
        -1,
        0,
        1.667,
        -0.2,
        2,
        1.833,
        -0.2,
        0,
        2.233,
        -1,
        2,
        3.833,
        -1,
        1,
        4.089,
        -1,
        4.344,
        -0.763,
        4.6,
        -0.2,
        1,
        4.622,
        -0.151,
        4.645,
        0,
        4.667,
        0
      ]
    },
    {
      "Target": "Parameter",
      "Id": "PARAM_BROW_L_FORM",
      "Segments": [
        0,
        0.5,
        0,
        1.833,
        0,
        0,
        4.667,
        0.5
      ]
    },
    {
      "Target": "Parameter",
      "Id": "PARAM_BROW_R_FORM",
      "Segments": [
        0,
        0.5,
        0,
        1.833,
        0,
        0,
        4.667,
        0.5
      ]
    },
    {
      "Target": "Parameter",
      "Id": "PARAM_MOUTH_OPEN",
      "Segments": [
        0,
        0,
        2,
        0.3,
        0,
        0,
        0.933,
        0.6,
        0,
        1.833,
        0,
        2,
        2.233,
        0,
        0,
        2.6,
        1.7,
        0,
        3,
        1.2,
        0,
        3.633,
        1.9,
        0,
        4.667,
        0
      ]
    },
    {
      "Target": "Parameter",
      "Id": "PARAM_MOUTH_FORM",
      "Segments": [
        0,
        -0.6,
        1,
        0.589,
        -0.6,
        1.178,
        -0.251,
        1.767,
        0.502,
        1,
        2.011,
        0.814,
        2.256,
        1,
        2.5,
        1,
        0,
        4.667,
        -0.6
      ]
    },
    {
      "Target": "Parameter",
      "Id": "PARAM_MOUTH_SIZE",
      "Segments": [
        0,
        -0.5,
        0,
        1.833,
        0,
        0,
        4.667,
        -0.5
      ]
    },
    {
      "Target": "Parameter",
      "Id": "PARAM_SHY",
      "Segments": [
        0,
        0,
        0,
        0.533,
        0.383,
        0,
        1.167,
        0,
        0,
        1.767,
        0.334,
        0,
        2.4,
        0,
        2,
        4.667,
        0
      ]
    },
    {
      "Target": "Parameter",
      "Id": "PARAM_TERE",
      "Segments": [
        0,
        0.6,
        0,
        0.533,
        0.444,
        0,
        1.833,
        0.6,
        2,
        4.667,
        0.6
      ]
    },
    {
      "Target": "Parameter",
      "Id": "PARAM_YINYING",
      "Segments": [
        0,
        0,
        2,
        1.833,
        0,
        0,
        2.233,
        1,
        0,
        4.667,
        0
      ]
    },
    {
      "Target": "PartOpacity",
      "Id": "PARTS_GUDIAN",
      "Segments": [
        0,
        1,
        2,
        4.67,
        1
      ]
    },
    {
      "Target": "PartOpacity",
      "Id": "PARTS_01_ARM_L_01",
      "Segments": [
        0,
        1,
        2,
        4.67,
        1
      ]
    },
    {
      "Target": "PartOpacity",
      "Id": "PARTS_01_ARM_R_01",
      "Segments": [
        0,
        1,
        2,
        4.67,
        1
      ]
    },
    {
      "Target": "PartOpacity",
      "Id": "PARTS_01_BODY",
      "Segments": [
        0,
        1,
        2,
        4.67,
        1
      ]
    },
    {
      "Target": "PartOpacity",
      "Id": "PARTS_01_NECK",
      "Segments": [
        0,
        1,
        2,
        4.67,
        1
      ]
    },
    {
      "Target": "PartOpacity",
      "Id": "PARTS_01_HAIR_BACK_001",
      "Segments": [
        0,
        1,
        2,
        4.67,
        1
      ]
    },
    {
      "Target": "PartOpacity",
      "Id": "PARTS_01_HAIR_SIDE_001",
      "Segments": [
        0,
        1,
        2,
        4.67,
        1
      ]
    },
    {
      "Target": "PartOpacity",
      "Id": "PARTS_01_HAIR_FRONT_001",
      "Segments": [
        0,
        1,
        2,
        4.67,
        1
      ]
    },
    {
      "Target": "PartOpacity",
      "Id": "PARTS_01_EAR_001",
      "Segments": [
        0,
        1,
        2,
        4.67,
        1
      ]
    },
    {
      "Target": "PartOpacity",
      "Id": "PARTS_01_NOSE_001",
      "Segments": [
        0,
        1,
        2,
        4.67,
        1
      ]
    },
    {
      "Target": "PartOpacity",
      "Id": "PARTS_01_MOUTH_001",
      "Segments": [
        0,
        1,
        2,
        4.67,
        1
      ]
    },
    {
      "Target": "PartOpacity",
      "Id": "PARTS_01_BROW_001",
      "Segments": [
        0,
        1,
        2,
        4.67,
        1
      ]
    },
    {
      "Target": "PartOpacity",
      "Id": "PARTS_01_EYE_BALL_001",
      "Segments": [
        0,
        1,
        2,
        4.67,
        1
      ]
    },
    {
      "Target": "PartOpacity",
      "Id": "PARTS_01_EYE_001",
      "Segments": [
        0,
        1,
        2,
        4.67,
        1
      ]
    },
    {
      "Target": "PartOpacity",
      "Id": "PARTS_01_FACE_001",
      "Segments": [
        0,
        1,
        2,
        4.67,
        1
      ]
    },
    {
      "Target": "PartOpacity",
      "Id": "ROUGH",
      "Segments": [
        0,
        1,
        2,
        4.67,
        1
      ]
    },
    {
      "Target": "Model",
      "Id": "Opacity",
      "Segments": [
        0,
        1,
        0,
        4.67,
        1
      ]
    },
    {
      "Target": "Parameter",
      "Id": "PARAM_LEFT_ARM_TAI",
      "Segments": [
        0,
        0,
        0,
        4.67,
        0
      ]
    },
    {
      "Target": "Parameter",
      "Id": "PARAM_ARM_L_TOUSHI2",
      "Segments": [
        0,
        0,
        0,
        4.67,
        0
      ]
    },
    {
      "Target": "Parameter",
      "Id": "PARAM_TOUSHI_L",
      "Segments": [
        0,
        0,
        0,
        4.67,
        0
      ]
    },
    {
      "Target": "Parameter",
      "Id": "PARAM_HAND_L2",
      "Segments": [
        0,
        0,
        0,
        4.67,
        0
      ]
    },
    {
      "Target": "Parameter",
      "Id": "PARAM_HAND_L_LEVEL",
      "Segments": [
        0,
        0,
        0,
        4.67,
        0
      ]
    },
    {
      "Target": "Parameter",
      "Id": "PARAM_TANGDIE",
      "Segments": [
        0,
        0,
        0,
        4.67,
        0
      ]
    },
    {
      "Target": "Parameter",
      "Id": "PARAM_RIGHT_ARM_TAI",
      "Segments": [
        0,
        0.5,
        0,
        4.67,
        0.5
      ]
    },
    {
      "Target": "Parameter",
      "Id": "PARAM_HAND_R_LEVEL",
      "Segments": [
        0,
        1,
        0,
        4.67,
        1
      ]
    },
    {
      "Target": "Parameter",
      "Id": "PARAM_YIFU",
      "Segments": [
        0,
        0,
        0,
        4.67,
        0
      ]
    },
    {
      "Target": "Parameter",
      "Id": "PARAM_CHICKEN",
      "Segments": [
        0,
        0,
        0,
        4.67,
        0
      ]
    },
    {
      "Target": "Parameter",
      "Id": "PARAM_CHICKEN_MOVE",
      "Segments": [
        0,
        0,
        0,
        4.67,
        0
      ]
    },
    {
      "Target": "Parameter",
      "Id": "PARAM_BANSHOU",
      "Segments": [
        0,
        0,
        0,
        4.67,
        0
      ]
    },
    {
      "Target": "Parameter",
      "Id": "PARAM_BANSHOU_MOVE",
      "Segments": [
        0,
        0,
        0,
        4.67,
        0
      ]
    },
    {
      "Target": "Parameter",
      "Id": "PARAM_BANSHOU_MOVE_01",
      "Segments": [
        0,
        0,
        0,
        4.67,
        0
      ]
    },
    {
      "Target": "Parameter",
      "Id": "PARAM_SHAOZI",
      "Segments": [
        0,
        0,
        0,
        4.67,
        0
      ]
    },
    {
      "Target": "Parameter",
      "Id": "PARAM_SHAOZI_MOVE",
      "Segments": [
        0,
        0,
        0,
        4.67,
        0
      ]
    },
    {
      "Target": "Parameter",
      "Id": "PARAM_SHAOZI_MOVE_01",
      "Segments": [
        0,
        0,
        0,
        4.67,
        0
      ]
    },
    {
      "Target": "Parameter",
      "Id": "PARAM_SOUP",
      "Segments": [
        0,
        0,
        0,
        4.67,
        0
      ]
    },
    {
      "Target": "Parameter",
      "Id": "PARAM_JITA_CHUXIAN",
      "Segments": [
        0,
        0,
        0,
        4.67,
        0
      ]
    },
    {
      "Target": "Parameter",
      "Id": "PARAM_JITA_LEVEL",
      "Segments": [
        0,
        0,
        0,
        4.67,
        0
      ]
    },
    {
      "Target": "Parameter",
      "Id": "PARAM_JITA_MOVE_X",
      "Segments": [
        0,
        0,
        0,
        4.67,
        0
      ]
    },
    {
      "Target": "Parameter",
      "Id": "PARAM_JITA_MOVE_Y",
      "Segments": [
        0,
        0,
        0,
        4.67,
        0
      ]
    },
    {
      "Target": "Parameter",
      "Id": "PARAM_JITA_Z",
      "Segments": [
        0,
        0,
        0,
        4.67,
        0
      ]
    },
    {
      "Target": "Parameter",
      "Id": "PARAM_JITA_X",
      "Segments": [
        0,
        0,
        0,
        4.67,
        0
      ]
    },
    {
      "Target": "Parameter",
      "Id": "PARAM_JITA_Y",
      "Segments": [
        0,
        0,
        0,
        4.67,
        0
      ]
    },
    {
      "Target": "Parameter",
      "Id": "PARAM_JINADAI_X",
      "Segments": [
        0,
        0,
        0,
        4.67,
        0
      ]
    },
    {
      "Target": "Parameter",
      "Id": "PARAM_JIANDAI_Y",
      "Segments": [
        0,
        0,
        0,
        4.67,
        0
      ]
    },
    {
      "Target": "Parameter",
      "Id": "PARAM_JIANDAI_BACK_X",
      "Segments": [
        0,
        0,
        0,
        4.67,
        0
      ]
    },
    {
      "Target": "Parameter",
      "Id": "PARAM_JIANDAI_BACK_Y",
      "Segments": [
        0,
        0,
        0,
        4.67,
        0
      ]
    },
    {
      "Target": "Parameter",
      "Id": "PARAM_EYE_BALL_Y",
      "Segments": [
        0,
        0,
        0,
        4.67,
        0
      ]
    },
    {
      "Target": "Parameter",
      "Id": "PARAM_EYE_BALL_FORM",
      "Segments": [
        0,
        0,
        0,
        4.67,
        0
      ]
    },
    {
      "Target": "Parameter",
      "Id": "PARAM_EYE_BALL_SAD",
      "Segments": [
        0,
        0,
        0,
        4.67,
        0
      ]
    },
    {
      "Target": "Parameter",
      "Id": "PARAM_EYE_BALL_BAIYAN",
      "Segments": [
        0,
        0,
        0,
        4.67,
        0
      ]
    },
    {
      "Target": "Parameter",
      "Id": "PARAM_EYE_BALL_KIRAKIRA",
      "Segments": [
        0,
        0,
        0,
        4.67,
        0
      ]
    },
    {
      "Target": "Parameter",
      "Id": "PARAM_EYE_kira_R1",
      "Segments": [
        0,
        1,
        0,
        4.67,
        1
      ]
    },
    {
      "Target": "Parameter",
      "Id": "PARAM_EYE_kira_R2",
      "Segments": [
        0,
        0.5,
        0,
        4.67,
        0.5
      ]
    },
    {
      "Target": "Parameter",
      "Id": "PARAM_EYE_kira_L1",
      "Segments": [
        0,
        1,
        0,
        4.67,
        1
      ]
    },
    {
      "Target": "Parameter",
      "Id": "PARAM_EYE_kira_L2",
      "Segments": [
        0,
        0.5,
        0,
        4.67,
        0.5
      ]
    },
    {
      "Target": "Parameter",
      "Id": "PARAM_EYE_TI1",
      "Segments": [
        0,
        0,
        0,
        4.67,
        0
      ]
    },
    {
      "Target": "Parameter",
      "Id": "PARAM_EYE_TI2",
      "Segments": [
        0,
        0,
        0,
        4.67,
        0
      ]
    },
    {
      "Target": "Parameter",
      "Id": "PARAM_EYE_SPECIAL",
      "Segments": [
        0,
        0,
        0,
        4.67,
        0
      ]
    },
    {
      "Target": "Parameter",
      "Id": "PARAM_EYE_DEFROM",
      "Segments": [
        0,
        0,
        0,
        4.67,
        0
      ]
    },
    {
      "Target": "Parameter",
      "Id": "PARAM_BROW_L_X",
      "Segments": [
        0,
        0,
        0,
        4.67,
        0
      ]
    },
    {
      "Target": "Parameter",
      "Id": "PARAM_BROW_R_X",
      "Segments": [
        0,
        0,
        0,
        4.67,
        0
      ]
    },
    {
      "Target": "Parameter",
      "Id": "PARAM_BROW_L_ANGLE",
      "Segments": [
        0,
        0,
        0,
        4.67,
        0
      ]
    },
    {
      "Target": "Parameter",
      "Id": "PARAM_BROW_R_ANGLE",
      "Segments": [
        0,
        0,
        0,
        4.67,
        0
      ]
    },
    {
      "Target": "Parameter",
      "Id": "PARAM_MOUTH_SPECIAL",
      "Segments": [
        0,
        0,
        0,
        4.67,
        0
      ]
    },
    {
      "Target": "Parameter",
      "Id": "PARAM_MOUTH_WIDTH",
      "Segments": [
        0,
        1,
        0,
        4.67,
        1
      ]
    },
    {
      "Target": "Parameter",
      "Id": "PARAM_MOUTH_DEFORM_SPECIAL",
      "Segments": [
        0,
        0,
        0,
        4.67,
        0
      ]
    },
    {
      "Target": "Parameter",
      "Id": "PARAM_MOUTH_X",
      "Segments": [
        0,
        0,
        0,
        4.67,
        0
      ]
    },
    {
      "Target": "Parameter",
      "Id": "PARAM_MOUTH_Y",
      "Segments": [
        0,
        0,
        0,
        4.67,
        0
      ]
    },
    {
      "Target": "Parameter",
      "Id": "PARAM_TERE2",
      "Segments": [
        0,
        0,
        0,
        4.67,
        0
      ]
    },
    {
      "Target": "Parameter",
      "Id": "PARAM_WATER",
      "Segments": [
        0,
        0,
        0,
        4.67,
        0
      ]
    },
    {
      "Target": "Parameter",
      "Id": "PARAM_HAN",
      "Segments": [
        0,
        0,
        0,
        4.67,
        0
      ]
    },
    {
      "Target": "Parameter",
      "Id": "PARAM_ANGRY",
      "Segments": [
        0,
        0,
        0,
        4.67,
        0
      ]
    },
    {
      "Target": "Parameter",
      "Id": "PARAM_HEI",
      "Segments": [
        0,
        -1,
        0,
        4.67,
        -1
      ]
    },
    {
      "Target": "Parameter",
      "Id": "PARAM_LIANHEIXIAN",
      "Segments": [
        0,
        0,
        0,
        4.67,
        0
      ]
    },
    {
      "Target": "Parameter",
      "Id": "PARAM_FAT",
      "Segments": [
        0,
        0,
        0,
        4.67,
        0
      ]
    },
    {
      "Target": "Parameter",
      "Id": "PARAM_HEIXIAN",
      "Segments": [
        0,
        0,
        0,
        4.67,
        0
      ]
    },
    {
      "Target": "Parameter",
      "Id": "PARAM_TANQI",
      "Segments": [
        0,
        0,
        0,
        4.67,
        0
      ]
    },
    {
      "Target": "Parameter",
      "Id": "PARAM_ZHAMAO",
      "Segments": [
        0,
        0,
        0,
        4.67,
        0
      ]
    },
    {
      "Target": "Parameter",
      "Id": "PARAM_RU_X",
      "Segments": [
        0,
        0,
        0,
        4.67,
        0
      ]
    },
    {
      "Target": "Parameter",
      "Id": "PARAM_RU_Y",
      "Segments": [
        0,
        0,
        0,
        4.67,
        0
      ]
    },
    {
      "Target": "Parameter",
      "Id": "PARAM_BREATH",
      "Segments": [
        0,
        0,
        0,
        4.67,
        0
      ]
    },
    {
      "Target": "Parameter",
      "Id": "PARAM_HAIR_FRONT",
      "Segments": [
        0,
        0,
        0,
        4.67,
        0
      ]
    },
    {
      "Target": "Parameter",
      "Id": "PARAM_HAIR_FROUT_2",
      "Segments": [
        0,
        0,
        0,
        4.67,
        0
      ]
    },
    {
      "Target": "Parameter",
      "Id": "PARAM_HAIR_FROUT_WAVE",
      "Segments": [
        0,
        0,
        0,
        4.67,
        0
      ]
    },
    {
      "Target": "Parameter",
      "Id": "PARAM_HAIR_SIDE_R",
      "Segments": [
        0,
        0,
        0,
        4.67,
        0
      ]
    },
    {
      "Target": "Parameter",
      "Id": "PARAM_HAIR_SIDE_R2",
      "Segments": [
        0,
        0,
        0,
        4.67,
        0
      ]
    },
    {
      "Target": "Parameter",
      "Id": "PARAM_HAIR_SIDE_WAVE",
      "Segments": [
        0,
        0,
        0,
        4.67,
        0
      ]
    },
    {
      "Target": "Parameter",
      "Id": "PARAM_HAIR_SIDE_R3",
      "Segments": [
        0,
        0,
        0,
        4.67,
        0
      ]
    },
    {
      "Target": "Parameter",
      "Id": "PARAM_HAIR_SIDE_L",
      "Segments": [
        0,
        0,
        0,
        4.67,
        0
      ]
    },
    {
      "Target": "Parameter",
      "Id": "PARAM_HAIR_SIDE_L3",
      "Segments": [
        0,
        0,
        0,
        4.67,
        0
      ]
    },
    {
      "Target": "Parameter",
      "Id": "PARAM_HAIR_BACK_WAVE",
      "Segments": [
        0,
        0,
        0,
        4.67,
        0
      ]
    },
    {
      "Target": "Parameter",
      "Id": "PARAM_XIANQUNZI_1",
      "Segments": [
        0,
        0,
        0,
        4.67,
        0
      ]
    },
    {
      "Target": "Parameter",
      "Id": "PARAM_XIANQUNZI_2",
      "Segments": [
        0,
        0,
        0,
        4.67,
        0
      ]
    },
    {
      "Target": "Parameter",
      "Id": "PARAM_YICENGQUN_YIDUAN_SHAKE",
      "Segments": [
        0,
        0,
        0,
        4.67,
        0
      ]
    },
    {
      "Target": "Parameter",
      "Id": "PARAM_PARAM_YICENGQUN_ERDUAN_SHAKE",
      "Segments": [
        0,
        0,
        0,
        4.67,
        0
      ]
    },
    {
      "Target": "Parameter",
      "Id": "PARAM_YICENGSHA_1DUAN_SHAKE",
      "Segments": [
        0,
        0,
        0,
        4.67,
        0
      ]
    },
    {
      "Target": "Parameter",
      "Id": "PARAM_YICESHA_2DUAN_SHAKE",
      "Segments": [
        0,
        0,
        0,
        4.67,
        0
      ]
    },
    {
      "Target": "Parameter",
      "Id": "PARAM_ERCENGSHA_1DUAN_SHAKE",
      "Segments": [
        0,
        0,
        0,
        4.67,
        0
      ]
    },
    {
      "Target": "Parameter",
      "Id": "PARAM_ERCENGSAHA_2DUAN_SHAKE",
      "Segments": [
        0,
        0,
        0,
        4.67,
        0
      ]
    }
  ],
  "UserData": []
}