{
  "Version": 3,
  "Meta": {
    "Duration": 4.1,
    "Fps": 30.0,
    "Loop": true,
    "AreBeziersRestricted": true,
    "CurveCount": 134,
    "TotalSegmentCount": 586,
    "TotalPointCount": 718,
    "UserDataCount": 0,
    "TotalUserDataSize": 0
  },
  "Curves": [
    {
      "Target": "Parameter",
      "Id": "PARAM_ANGLE_X",
      "Segments": [
        0,
        -9,
        0,
        0.333,
        -9.356,
        0,
        1.1,
        0,
        2,
        2.1,
        0,
        1,
        2.167,
        0,
        2.233,
        -3.709,
        2.3,
        -6,
        1,
        2.478,
        -12.108,
        2.655,
        -19.414,
        2.833,
        -22,
        1,
        3,
        -24.424,
        3.166,
        -24.408,
        3.333,
        -24.408,
        0,
        4.1,
        -9
      ]
    },
    {
      "Target": "Parameter",
      "Id": "PARAM_ANGLE_Y",
      "Segments": [
        0,
        -15,
        0,
        0.333,
        -30,
        0,
        0.633,
        18.34,
        0,
        1,
        -4.483,
        0,
        1.5,
        11.094,
        0,
        1.7,
        -18.34,
        0,
        1.867,
        0.453,
        0,
        2.033,
        -25.585,
        1,
        2.1,
        -25.585,
        2.166,
        6.968,
        2.233,
        14,
        1,
        2.366,
        28.063,
        2.5,
        30,
        2.633,
        30,
        1,
        2.7,
        30,
        2.766,
        -24.054,
        2.833,
        -25.585,
        1,
        3,
        -29.411,
        3.166,
        -30,
        3.333,
        -30,
        0,
        4.1,
        -15
      ]
    },
    {
      "Target": "Parameter",
      "Id": "PARAM_ANGLE_Z",
      "Segments": [
        0,
        3,
        0,
        0.333,
        -15.74,
        1,
        0.511,
        -15.74,
        0.689,
        2.209,
        0.867,
        8.891,
        1,
        0.945,
        11.814,
        1.022,
        11,
        1.1,
        11,
        0,
        2.1,
        10,
        0,
        2.3,
        30,
        1,
        2.411,
        30,
        2.522,
        28.605,
        2.633,
        21.23,
        1,
        2.7,
        16.805,
        2.766,
        -1.276,
        2.833,
        -5,
        1,
        3,
        -14.309,
        3.166,
        -16.639,
        3.333,
        -16.639,
        1,
        3.444,
        -16.639,
        3.556,
        -2.371,
        3.667,
        -0.033,
        1,
        3.811,
        3.007,
        3.956,
        3,
        4.1,
        3
      ]
    },
    {
      "Target": "Parameter",
      "Id": "PARAM_BODY_ANGLE_X",
      "Segments": [
        0,
        -4,
        1,
        0.111,
        -4,
        0.222,
        -3.011,
        0.333,
        -0.5,
        1,
        0.4,
        1.007,
        0.466,
        4.184,
        0.533,
        4.694,
        1,
        0.644,
        5.545,
        0.756,
        6.083,
        0.867,
        6.511,
        1,
        0.945,
        6.811,
        1.022,
        6.779,
        1.1,
        7.147,
        1,
        1.433,
        8.721,
        1.767,
        10,
        2.1,
        10,
        1,
        2.278,
        10,
        2.455,
        -1.45,
        2.633,
        -4.604,
        1,
        2.7,
        -5.786,
        2.766,
        -5.732,
        2.833,
        -6,
        1,
        3,
        -6.67,
        3.166,
        -6.86,
        3.333,
        -6.86,
        1,
        3.422,
        -6.86,
        3.511,
        -6.695,
        3.6,
        -6.044,
        1,
        3.767,
        -4.825,
        3.933,
        -4,
        4.1,
        -4
      ]
    },
    {
      "Target": "Parameter",
      "Id": "PARAM_BODY_ANGLE_Y",
      "Segments": [
        0,
        0,
        0,
        0.333,
        -3.774,
        0,
        0.533,
        5.208,
        0,
        0.867,
        -0.438,
        0,
        1.433,
        5,
        0,
        1.633,
        0,
        0,
        1.8,
        5,
        0,
        1.967,
        0,
        2,
        2.1,
        0,
        0,
        2.633,
        10,
        1,
        2.666,
        10,
        2.7,
        -5.011,
        2.733,
        -5.139,
        1,
        2.933,
        -5.908,
        3.133,
        -6.139,
        3.333,
        -6.139,
        0,
        3.733,
        3,
        0,
        4.1,
        0
      ]
    },
    {
      "Target": "Parameter",
      "Id": "PARAM_BODY_ANGLE_Z",
      "Segments": [
        0,
        -0.879,
        0,
        0.333,
        -1.064,
        1,
        0.4,
        -1.064,
        0.466,
        1.603,
        0.533,
        1.885,
        1,
        0.611,
        2.214,
        0.689,
        2.253,
        0.767,
        2.463,
        1,
        0.8,
        2.552,
        0.834,
        2.769,
        0.867,
        2.8,
        1,
        0.945,
        2.87,
        1.022,
        2.886,
        1.1,
        2.961,
        1,
        1.433,
        3.282,
        1.767,
        3.493,
        2.1,
        3.493,
        1,
        2.278,
        3.493,
        2.455,
        1.755,
        2.633,
        -0.364,
        1,
        2.7,
        -1.159,
        2.766,
        -1.919,
        2.833,
        -2,
        1,
        3,
        -2.202,
        3.166,
        -2.226,
        3.333,
        -2.226,
        0,
        4.1,
        -0.879
      ]
    },
    {
      "Target": "Parameter",
      "Id": "PARAM_UPPER_BODY",
      "Segments": [
        0,
        -1.53,
        0,
        0.767,
        -0.041,
        2,
        0.867,
        -0.041,
        2,
        1.1,
        -0.041,
        0,
        1.233,
        -0.001,
        1,
        1.522,
        -0.001,
        1.811,
        0,
        2.1,
        -0.011,
        1,
        2.278,
        -0.019,
        2.455,
        -1.044,
        2.633,
        -1.044,
        1,
        2.7,
        -1.044,
        2.766,
        0.956,
        2.833,
        1,
        1,
        3,
        1.11,
        3.166,
        1.119,
        3.333,
        1.119,
        1,
        3.422,
        1.119,
        3.511,
        0.296,
        3.6,
        -0.253,
        1,
        3.767,
        -1.283,
        3.933,
        -1.53,
        4.1,
        -1.53
      ]
    },
    {
      "Target": "Parameter",
      "Id": "PARAM_LEFT_ARM",
      "Segments": [
        0,
        0.2,
        0,
        0.133,
        0.498,
        0,
        0.333,
        0.059,
        0,
        0.533,
        0.485,
        2,
        0.867,
        0.485,
        2,
        1.233,
        0.485,
        0,
        1.833,
        0.469,
        2,
        2.233,
        0.469,
        0,
        2.433,
        1.181,
        0,
        2.633,
        1.18,
        2,
        3.333,
        1.18,
        1,
        3.489,
        1.18,
        3.644,
        0.471,
        3.8,
        0.286,
        1,
        3.9,
        0.167,
        4,
        0.2,
        4.1,
        0.2
      ]
    },
    {
      "Target": "Parameter",
      "Id": "PARAM_ARM_L",
      "Segments": [
        0,
        -1,
        0,
        0.333,
        3.505,
        1,
        0.4,
        3.505,
        0.466,
        2.964,
        0.533,
        2.904,
        1,
        0.644,
        2.803,
        0.756,
        2.71,
        0.867,
        2.703,
        1,
        0.945,
        2.698,
        1.022,
        2.7,
        1.1,
        2.7,
        0,
        1.367,
        2.843,
        0,
        1.567,
        2.663,
        0,
        1.733,
        2.806,
        0,
        1.9,
        2.663,
        0,
        2.067,
        2.722,
        1,
        2.122,
        2.722,
        2.178,
        2.795,
        2.233,
        2.459,
        1,
        2.3,
        2.056,
        2.366,
        -0.5,
        2.433,
        -0.5,
        0,
        2.633,
        1.259,
        2,
        3.333,
        1.259,
        0,
        3.8,
        -1,
        2,
        4.1,
        -1
      ]
    },
    {
      "Target": "Parameter",
      "Id": "PARAM_ARM_L_TOUSHI2",
      "Segments": [
        0,
        0,
        2,
        0.533,
        0,
        2,
        0.867,
        0,
        2,
        1.1,
        0,
        2,
        1.833,
        0,
        2,
        2.233,
        0,
        0,
        2.433,
        0.281,
        2,
        2.633,
        0.281,
        2,
        3.333,
        0.281,
        0,
        3.8,
        0,
        2,
        4.1,
        0
      ]
    },
    {
      "Target": "Parameter",
      "Id": "PARAM_TOUSHI_L",
      "Segments": [
        0,
        0,
        0,
        0.533,
        0.4,
        2,
        0.867,
        0.4,
        2,
        1.1,
        0.4,
        2,
        1.833,
        0.4,
        2,
        2.233,
        0.4,
        0,
        2.433,
        0.859,
        2,
        2.633,
        0.859,
        2,
        3.333,
        0.859,
        0,
        3.8,
        0,
        2,
        4.1,
        0
      ]
    },
    {
      "Target": "Parameter",
      "Id": "PARAM_ARM_L_02",
      "Segments": [
        0,
        0.951,
        1,
        0.089,
        0.951,
        0.178,
        0.963,
        0.267,
        0.816,
        1,
        0.356,
        0.669,
        0.444,
        0.228,
        0.533,
        0.228,
        1,
        0.644,
        0.228,
        0.756,
        0.341,
        0.867,
        0.404,
        1,
        1.011,
        0.486,
        1.156,
        0.495,
        1.3,
        0.495,
        0,
        1.533,
        0.326,
        0,
        1.733,
        0.495,
        0,
        1.9,
        0.378,
        0,
        2.1,
        0.495,
        0,
        2.3,
        0.041,
        0,
        2.567,
        1,
        2,
        3.333,
        1,
        0,
        3.633,
        0.232,
        0,
        4.1,
        0.951
      ]
    },
    {
      "Target": "Parameter",
      "Id": "PARAM_HAND_L",
      "Segments": [
        0,
        0,
        2,
        0.133,
        0,
        2,
        0.167,
        0.5,
        2,
        0.867,
        0.5,
        2,
        1.1,
        0.5,
        2,
        1.833,
        0.5,
        2,
        2.233,
        0.5,
        2,
        2.433,
        0.5,
        2,
        2.567,
        0.5,
        2,
        2.633,
        0.5,
        2,
        3.633,
        0.5,
        2,
        3.667,
        0,
        2,
        4.1,
        0
      ]
    },
    {
      "Target": "Parameter",
      "Id": "PARAM_HAND_L2",
      "Segments": [
        0,
        0,
        2,
        0.133,
        0,
        2,
        0.167,
        1,
        2,
        0.867,
        1,
        2,
        1.1,
        1,
        2,
        1.833,
        1,
        2,
        2.233,
        1,
        2,
        2.433,
        1,
        2,
        2.567,
        1,
        2,
        2.633,
        1,
        2,
        3.633,
        1,
        2,
        3.667,
        0,
        2,
        4.1,
        0
      ]
    },
    {
      "Target": "Parameter",
      "Id": "PARAM_HAND_L_02",
      "Segments": [
        0,
        0,
        0,
        0.533,
        -1,
        2,
        0.867,
        -1,
        2,
        1.1,
        -1,
        2,
        1.833,
        -1,
        2,
        2.233,
        -1,
        2,
        2.433,
        -1,
        2,
        2.567,
        -1,
        2,
        2.633,
        -1,
        2,
        3.333,
        -1,
        0,
        4.1,
        0
      ]
    },
    {
      "Target": "Parameter",
      "Id": "PARAM_HAND_L_LEVEL",
      "Segments": [
        0,
        0,
        0,
        0.267,
        1,
        2,
        0.533,
        1,
        2,
        0.867,
        1,
        2,
        1.1,
        1,
        2,
        1.833,
        1,
        2,
        2.233,
        1,
        0,
        2.433,
        0.555,
        2,
        2.633,
        0.555,
        2,
        3.333,
        0.555,
        0,
        4.1,
        0
      ]
    },
    {
      "Target": "Parameter",
      "Id": "PARAM_RIGHT_ARM",
      "Segments": [
        0,
        0.643,
        0,
        0.267,
        0.075,
        0,
        0.533,
        0.136,
        2,
        0.767,
        0.136,
        2,
        1.1,
        0.136,
        0,
        1.833,
        0.182,
        2,
        2.1,
        0.182,
        0,
        2.367,
        0.56,
        0,
        2.633,
        0,
        0,
        2.833,
        0.35,
        2,
        3.333,
        0.35,
        1,
        3.489,
        0.35,
        3.644,
        0.485,
        3.8,
        0.583,
        1,
        3.9,
        0.646,
        4,
        0.643,
        4.1,
        0.643
      ]
    },
    {
      "Target": "Parameter",
      "Id": "PARAM_ARM_R",
      "Segments": [
        0,
        4.557,
        0,
        0.267,
        2,
        2,
        0.533,
        2,
        2,
        0.767,
        2,
        2,
        0.867,
        2,
        2,
        1.1,
        2,
        2,
        1.833,
        2,
        2,
        2.1,
        2,
        0,
        2.633,
        5,
        0,
        2.833,
        4.569,
        2,
        3.333,
        4.569,
        0,
        3.8,
        3.345,
        0,
        4.1,
        4.557
      ]
    },
    {
      "Target": "Parameter",
      "Id": "PARAM_ARM_R_TOUSHI2",
      "Segments": [
        0,
        0.3,
        2,
        0.767,
        0.3,
        2,
        0.867,
        0.3,
        2,
        1.233,
        0.3,
        0,
        1.367,
        0.367,
        0,
        1.5,
        0.327,
        0,
        1.6,
        0.367,
        0,
        1.733,
        0.327,
        0,
        1.833,
        0.367,
        0,
        2.1,
        0.3,
        2,
        2.633,
        0.3,
        2,
        3.333,
        0.3,
        2,
        4.1,
        0.3
      ]
    },
    {
      "Target": "Parameter",
      "Id": "PARAM_TOUSHI_R",
      "Segments": [
        0,
        0.7,
        0,
        0.767,
        0.604,
        2,
        0.867,
        0.604,
        2,
        1.1,
        0.604,
        2,
        2.1,
        0.604,
        0,
        2.633,
        1,
        0,
        2.767,
        0.38,
        2,
        3.333,
        0.38,
        0,
        4.1,
        0.7
      ]
    },
    {
      "Target": "Parameter",
      "Id": "PARAM_ARM_R_02",
      "Segments": [
        0,
        0.847,
        0,
        0.267,
        -1,
        2,
        0.867,
        -1,
        2,
        2.1,
        -1,
        1,
        2.156,
        -1,
        2.211,
        0.621,
        2.267,
        0.7,
        1,
        2.345,
        0.811,
        2.422,
        0.8,
        2.5,
        0.8,
        0,
        2.733,
        0.002,
        0,
        2.933,
        0.447,
        2,
        3.333,
        0.447,
        0,
        3.6,
        -0.079,
        1,
        3.7,
        -0.079,
        3.8,
        -0.013,
        3.9,
        0.318,
        1,
        3.967,
        0.538,
        4.033,
        0.847,
        4.1,
        0.847
      ]
    },
    {
      "Target": "Parameter",
      "Id": "PARAM_HAND_R",
      "Segments": [
        0,
        0,
        2,
        0.133,
        0,
        2,
        0.867,
        0,
        2,
        1.1,
        0,
        2,
        2.1,
        0,
        2,
        2.233,
        0,
        0,
        2.267,
        0.5,
        2,
        2.467,
        0.5,
        0,
        2.5,
        1,
        2,
        2.633,
        1,
        2,
        2.733,
        1,
        0,
        2.767,
        0.5,
        2,
        3.633,
        0.5,
        0,
        3.667,
        0,
        2,
        4.1,
        0
      ]
    },
    {
      "Target": "Parameter",
      "Id": "PARAM_HAND_R2",
      "Segments": [
        0,
        0,
        2,
        0.133,
        0,
        2,
        0.867,
        0,
        2,
        1.1,
        0,
        2,
        2.1,
        0,
        2,
        2.233,
        0,
        2,
        2.267,
        1,
        2,
        2.467,
        1,
        2,
        2.5,
        0,
        2,
        2.633,
        0,
        2,
        2.733,
        0,
        2,
        2.767,
        0,
        2,
        3.633,
        0,
        2,
        3.667,
        0,
        2,
        4.1,
        0
      ]
    },
    {
      "Target": "Parameter",
      "Id": "PARAM_HAND_R_02",
      "Segments": [
        0,
        1,
        0,
        0.767,
        0,
        2,
        0.867,
        0,
        2,
        1.1,
        0,
        2,
        2.1,
        0,
        2,
        2.233,
        0,
        0,
        2.267,
        -1,
        2,
        2.467,
        -1,
        1,
        2.478,
        -1,
        2.489,
        -0.092,
        2.5,
        0,
        1,
        2.589,
        0.733,
        2.678,
        1,
        2.767,
        1,
        0,
        3,
        -1,
        0,
        3.333,
        -0.5,
        0,
        3.633,
        -1,
        2,
        3.667,
        1,
        2,
        4.1,
        1
      ]
    },
    {
      "Target": "Parameter",
      "Id": "PARAM_EYE_L_OPEN",
      "Segments": [
        0,
        1,
        0,
        0.333,
        0,
        0,
        0.533,
        1,
        2,
        0.867,
        1,
        2,
        1.1,
        1,
        2,
        2.1,
        1,
        0,
        2.3,
        0,
        0,
        2.633,
        1,
        0,
        2.833,
        0,
        2,
        3.333,
        0,
        2,
        3.6,
        0,
        0,
        3.833,
        1,
        2,
        4.1,
        1
      ]
    },
    {
      "Target": "Parameter",
      "Id": "PARAM_EYE_L_FORM",
      "Segments": [
        0,
        0.5,
        0,
        0.533,
        0.2,
        2,
        0.867,
        0.2,
        2,
        1.1,
        0.2,
        2,
        2.1,
        0.2,
        0,
        2.633,
        0.5,
        2,
        2.833,
        0.5,
        2,
        3.333,
        0.5,
        2,
        4.1,
        0.5
      ]
    },
    {
      "Target": "Parameter",
      "Id": "PARAM_EYE_R_OPEN",
      "Segments": [
        0,
        1,
        0,
        0.333,
        0,
        0,
        0.533,
        1,
        2,
        0.867,
        1,
        2,
        1.1,
        1,
        2,
        2.1,
        1,
        0,
        2.3,
        0,
        0,
        2.633,
        1,
        2,
        2.833,
        1,
        2,
        3.333,
        1,
        0,
        3.6,
        0,
        0,
        3.833,
        1,
        2,
        4.1,
        1
      ]
    },
    {
      "Target": "Parameter",
      "Id": "PARAM_EYE_R_FORM",
      "Segments": [
        0,
        0.5,
        0,
        0.533,
        0.2,
        2,
        0.867,
        0.2,
        2,
        1.1,
        0.2,
        2,
        2.1,
        0.2,
        0,
        2.633,
        0.5,
        2,
        2.833,
        0.5,
        2,
        3.333,
        0.5,
        2,
        4.1,
        0.5
      ]
    },
    {
      "Target": "Parameter",
      "Id": "PARAM_EYE_BALL_X",
      "Segments": [
        0,
        0,
        1,
        0.256,
        0,
        0.511,
        -0.055,
        0.767,
        -0.2,
        1,
        0.8,
        -0.219,
        0.834,
        -0.367,
        0.867,
        -0.381,
        1,
        0.945,
        -0.414,
        1.022,
        -0.418,
        1.1,
        -0.418,
        1,
        1.433,
        -0.418,
        1.767,
        -0.418,
        2.1,
        -0.4,
        1,
        2.278,
        -0.39,
        2.455,
        0.6,
        2.633,
        0.6,
        2,
        2.833,
        0.6,
        2,
        3.333,
        0.6,
        0,
        4.1,
        0
      ]
    },
    {
      "Target": "Parameter",
      "Id": "PARAM_EYE_BALL_Y",
      "Segments": [
        0,
        0,
        0,
        0.767,
        -0.6,
        2,
        0.867,
        -0.6,
        2,
        1.1,
        -0.6,
        2,
        2.1,
        -0.6,
        0,
        2.633,
        -0.4,
        2,
        2.833,
        -0.4,
        2,
        3.333,
        -0.4,
        0,
        4.1,
        0
      ]
    },
    {
      "Target": "Parameter",
      "Id": "PARAM_EYE_BALL_KIRAKIRA",
      "Segments": [
        0,
        0,
        1,
        0.111,
        0,
        0.222,
        0.273,
        0.333,
        0.684,
        1,
        0.4,
        0.93,
        0.466,
        1,
        0.533,
        1,
        2,
        2.267,
        1,
        0,
        2.633,
        0,
        2,
        2.833,
        0,
        2,
        3.333,
        0,
        2,
        4.1,
        0
      ]
    },
    {
      "Target": "Parameter",
      "Id": "PARAM_EYE_kira_R1",
      "Segments": [
        0,
        1,
        2,
        0.333,
        1,
        0,
        0.533,
        0,
        0,
        0.867,
        1,
        0,
        1.2,
        0,
        0,
        1.533,
        1,
        0,
        1.867,
        0,
        0,
        2.2,
        1,
        2,
        2.633,
        1,
        2,
        2.833,
        1,
        2,
        3.333,
        1,
        2,
        4.1,
        1
      ]
    },
    {
      "Target": "Parameter",
      "Id": "PARAM_EYE_kira_R2",
      "Segments": [
        0,
        0.5,
        2,
        0.333,
        0.5,
        0,
        0.533,
        0,
        0,
        0.867,
        1,
        0,
        1.2,
        0,
        0,
        1.533,
        1,
        0,
        1.867,
        0,
        0,
        2.2,
        1,
        0,
        2.633,
        0.5,
        2,
        2.833,
        0.5,
        2,
        3.333,
        0.5,
        2,
        4.1,
        0.5
      ]
    },
    {
      "Target": "Parameter",
      "Id": "PARAM_EYE_kira_L1",
      "Segments": [
        0,
        1,
        2,
        0.333,
        1,
        0,
        0.533,
        0,
        0,
        0.867,
        1,
        0,
        1.2,
        0,
        0,
        1.533,
        1,
        0,
        1.867,
        0,
        0,
        2.2,
        1,
        2,
        2.633,
        1,
        2,
        2.833,
        1,
        2,
        3.333,
        1,
        2,
        4.1,
        1
      ]
    },
    {
      "Target": "Parameter",
      "Id": "PARAM_EYE_kira_L2",
      "Segments": [
        0,
        0.5,
        2,
        0.333,
        0.5,
        0,
        0.533,
        0,
        0,
        0.867,
        1,
        0,
        1.2,
        0,
        0,
        1.533,
        1,
        0,
        1.867,
        0,
        0,
        2.2,
        1,
        0,
        2.633,
        0.5,
        2,
        2.833,
        0.5,
        2,
        3.333,
        0.5,
        2,
        4.1,
        0.5
      ]
    },
    {
      "Target": "Parameter",
      "Id": "PARAM_BROW_L_Y",
      "Segments": [
        0,
        0,
        0,
        0.333,
        -1,
        0,
        0.533,
        0,
        2,
        0.767,
        0,
        2,
        0.867,
        0,
        2,
        1.1,
        0,
        2,
        2.1,
        0,
        0,
        2.3,
        -1,
        0,
        2.633,
        0,
        0,
        2.833,
        -1,
        2,
        3.333,
        -1,
        2,
        3.6,
        -1,
        0,
        3.833,
        0,
        2,
        4.1,
        0
      ]
    },
    {
      "Target": "Parameter",
      "Id": "PARAM_BROW_R_Y",
      "Segments": [
        0,
        0,
        0,
        0.333,
        -1,
        0,
        0.533,
        0,
        2,
        0.767,
        0,
        2,
        0.867,
        0,
        2,
        1.1,
        0,
        2,
        2.1,
        0,
        0,
        2.3,
        -1,
        0,
        2.633,
        0,
        2,
        2.833,
        0,
        2,
        3.333,
        0,
        0,
        3.6,
        -1,
        0,
        3.833,
        0,
        2,
        4.1,
        0
      ]
    },
    {
      "Target": "Parameter",
      "Id": "PARAM_BROW_L_ANGLE",
      "Segments": [
        0,
        0,
        2,
        0.367,
        0,
        0,
        0.767,
        0.6,
        2,
        0.867,
        0.6,
        2,
        1.1,
        0.6,
        2,
        2.1,
        0.6,
        0,
        2.633,
        0,
        2,
        2.833,
        0,
        2,
        3.333,
        0,
        2,
        4.1,
        0
      ]
    },
    {
      "Target": "Parameter",
      "Id": "PARAM_BROW_R_ANGLE",
      "Segments": [
        0,
        0,
        2,
        0.367,
        0,
        0,
        0.767,
        0.6,
        2,
        0.867,
        0.6,
        2,
        1.1,
        0.6,
        2,
        2.1,
        0.6,
        0,
        2.633,
        0,
        2,
        2.833,
        0,
        2,
        3.333,
        0,
        2,
        4.1,
        0
      ]
    },
    {
      "Target": "Parameter",
      "Id": "PARAM_MOUTH_OPEN",
      "Segments": [
        0,
        0,
        2,
        0.333,
        0,
        0,
        0.533,
        2,
        2,
        1.5,
        2,
        0,
        1.667,
        0,
        2,
        2.1,
        0,
        0,
        2.5,
        1,
        2,
        2.633,
        1,
        0,
        2.833,
        0,
        2,
        3.333,
        0,
        0,
        3.6,
        0.9,
        0,
        4.1,
        0
      ]
    },
    {
      "Target": "Parameter",
      "Id": "PARAM_MOUTH_FORM",
      "Segments": [
        0,
        -0.6,
        2,
        0.333,
        -0.6,
        0,
        0.533,
        -1,
        2,
        1.5,
        -1,
        2,
        1.667,
        -1,
        2,
        2.1,
        -1,
        0,
        2.5,
        -0.6,
        2,
        2.633,
        -0.6,
        0,
        2.833,
        -1,
        2,
        3.333,
        -1,
        0,
        4.1,
        -0.6
      ]
    },
    {
      "Target": "Parameter",
      "Id": "PARAM_MOUTH_SIZE",
      "Segments": [
        0,
        -0.5,
        2,
        0.767,
        -0.5,
        2,
        0.867,
        -0.5,
        2,
        1.1,
        -0.5,
        2,
        2.1,
        -0.5,
        2,
        2.5,
        -0.5,
        0,
        2.633,
        -1,
        0,
        2.833,
        -0.5,
        2,
        3.333,
        -0.5,
        2,
        4.1,
        -0.5
      ]
    },
    {
      "Target": "Parameter",
      "Id": "PARAM_TERE",
      "Segments": [
        0,
        0.8,
        0,
        0.767,
        0.6,
        2,
        0.867,
        0.6,
        2,
        1.1,
        0.6,
        2,
        2.1,
        0.6,
        2,
        2.633,
        0.6,
        2,
        2.833,
        0.6,
        2,
        3.333,
        0.6,
        0,
        4.1,
        0.8
      ]
    },
    {
      "Target": "PartOpacity",
      "Id": "PARTS_GUDIAN",
      "Segments": [
        0,
        1,
        2,
        0.5,
        1,
        2,
        2,
        1,
        2,
        4.1,
        1
      ]
    },
    {
      "Target": "PartOpacity",
      "Id": "PARTS_01_ARM_L_01",
      "Segments": [
        0,
        1,
        2,
        0.5,
        1,
        2,
        2,
        1,
        2,
        4.1,
        1
      ]
    },
    {
      "Target": "PartOpacity",
      "Id": "PARTS_01_ARM_R_01",
      "Segments": [
        0,
        1,
        2,
        0.5,
        1,
        2,
        2,
        1,
        2,
        4.1,
        1
      ]
    },
    {
      "Target": "PartOpacity",
      "Id": "PARTS_01_BODY",
      "Segments": [
        0,
        1,
        2,
        0.9,
        1,
        2,
        4.07,
        1,
        2,
        4.1,
        1
      ]
    },
    {
      "Target": "PartOpacity",
      "Id": "PARTS_01_NECK",
      "Segments": [
        0,
        1,
        2,
        0.9,
        1,
        2,
        4.07,
        1,
        2,
        4.1,
        1
      ]
    },
    {
      "Target": "PartOpacity",
      "Id": "PARTS_01_HAIR_BACK_001",
      "Segments": [
        0,
        1,
        2,
        0.9,
        1,
        2,
        4.07,
        1,
        2,
        4.1,
        1
      ]
    },
    {
      "Target": "PartOpacity",
      "Id": "PARTS_01_HAIR_SIDE_001",
      "Segments": [
        0,
        1,
        2,
        0.9,
        1,
        2,
        4.07,
        1,
        2,
        4.1,
        1
      ]
    },
    {
      "Target": "PartOpacity",
      "Id": "PARTS_01_HAIR_FRONT_001",
      "Segments": [
        0,
        1,
        2,
        0.9,
        1,
        2,
        4.07,
        1,
        2,
        4.1,
        1
      ]
    },
    {
      "Target": "PartOpacity",
      "Id": "PARTS_01_EAR_001",
      "Segments": [
        0,
        1,
        2,
        0.9,
        1,
        2,
        4.07,
        1,
        2,
        4.1,
        1
      ]
    },
    {
      "Target": "PartOpacity",
      "Id": "PARTS_01_NOSE_001",
      "Segments": [
        0,
        1,
        2,
        0.9,
        1,
        2,
        4.07,
        1,
        2,
        4.1,
        1
      ]
    },
    {
      "Target": "PartOpacity",
      "Id": "PARTS_01_MOUTH_001",
      "Segments": [
        0,
        1,
        2,
        0.9,
        1,
        2,
        4.07,
        1,
        2,
        4.1,
        1
      ]
    },
    {
      "Target": "PartOpacity",
      "Id": "PARTS_01_BROW_001",
      "Segments": [
        0,
        1,
        2,
        0.9,
        1,
        2,
        4.07,
        1,
        2,
        4.1,
        1
      ]
    },
    {
      "Target": "PartOpacity",
      "Id": "PARTS_01_EYE_BALL_001",
      "Segments": [
        0,
        1,
        2,
        0.9,
        1,
        2,
        4.07,
        1,
        2,
        4.1,
        1
      ]
    },
    {
      "Target": "PartOpacity",
      "Id": "PARTS_01_EYE_001",
      "Segments": [
        0,
        1,
        2,
        0.9,
        1,
        2,
        4.07,
        1,
        2,
        4.1,
        1
      ]
    },
    {
      "Target": "PartOpacity",
      "Id": "PARTS_01_FACE_001",
      "Segments": [
        0,
        1,
        2,
        0.9,
        1,
        2,
        4.07,
        1,
        2,
        4.1,
        1
      ]
    },
    {
      "Target": "PartOpacity",
      "Id": "ROUGH",
      "Segments": [
        0,
        1,
        2,
        0.9,
        1,
        2,
        4.07,
        1,
        2,
        4.1,
        1
      ]
    },
    {
      "Target": "Model",
      "Id": "Opacity",
      "Segments": [
        0,
        1,
        0,
        4.1,
        1
      ]
    },
    {
      "Target": "Parameter",
      "Id": "PARAM_LEFT_ARM_TAI",
      "Segments": [
        0,
        0,
        0,
        4.1,
        0
      ]
    },
    {
      "Target": "Parameter",
      "Id": "PARAM_TANGDIE",
      "Segments": [
        0,
        0,
        0,
        4.1,
        0
      ]
    },
    {
      "Target": "Parameter",
      "Id": "PARAM_RIGHT_ARM_TAI",
      "Segments": [
        0,
        0.5,
        0,
        4.1,
        0.5
      ]
    },
    {
      "Target": "Parameter",
      "Id": "PARAM_HAND_R_LEVEL",
      "Segments": [
        0,
        1,
        0,
        4.1,
        1
      ]
    },
    {
      "Target": "Parameter",
      "Id": "PARAM_YIFU",
      "Segments": [
        0,
        0,
        0,
        4.1,
        0
      ]
    },
    {
      "Target": "Parameter",
      "Id": "PARAM_CHICKEN",
      "Segments": [
        0,
        0,
        0,
        4.1,
        0
      ]
    },
    {
      "Target": "Parameter",
      "Id": "PARAM_CHICKEN_MOVE",
      "Segments": [
        0,
        0,
        0,
        4.1,
        0
      ]
    },
    {
      "Target": "Parameter",
      "Id": "PARAM_BANSHOU",
      "Segments": [
        0,
        0,
        0,
        4.1,
        0
      ]
    },
    {
      "Target": "Parameter",
      "Id": "PARAM_BANSHOU_MOVE",
      "Segments": [
        0,
        0,
        0,
        4.1,
        0
      ]
    },
    {
      "Target": "Parameter",
      "Id": "PARAM_BANSHOU_MOVE_01",
      "Segments": [
        0,
        0,
        0,
        4.1,
        0
      ]
    },
    {
      "Target": "Parameter",
      "Id": "PARAM_SHAOZI",
      "Segments": [
        0,
        0,
        0,
        4.1,
        0
      ]
    },
    {
      "Target": "Parameter",
      "Id": "PARAM_SHAOZI_MOVE",
      "Segments": [
        0,
        0,
        0,
        4.1,
        0
      ]
    },
    {
      "Target": "Parameter",
      "Id": "PARAM_SHAOZI_MOVE_01",
      "Segments": [
        0,
        0,
        0,
        4.1,
        0
      ]
    },
    {
      "Target": "Parameter",
      "Id": "PARAM_SOUP",
      "Segments": [
        0,
        0,
        0,
        4.1,
        0
      ]
    },
    {
      "Target": "Parameter",
      "Id": "PARAM_JITA_CHUXIAN",
      "Segments": [
        0,
        0,
        0,
        4.1,
        0
      ]
    },
    {
      "Target": "Parameter",
      "Id": "PARAM_JITA_LEVEL",
      "Segments": [
        0,
        0,
        0,
        4.1,
        0
      ]
    },
    {
      "Target": "Parameter",
      "Id": "PARAM_JITA_MOVE_X",
      "Segments": [
        0,
        0,
        0,
        4.1,
        0
      ]
    },
    {
      "Target": "Parameter",
      "Id": "PARAM_JITA_MOVE_Y",
      "Segments": [
        0,
        0,
        0,
        4.1,
        0
      ]
    },
    {
      "Target": "Parameter",
      "Id": "PARAM_JITA_Z",
      "Segments": [
        0,
        0,
        0,
        4.1,
        0
      ]
    },
    {
      "Target": "Parameter",
      "Id": "PARAM_JITA_X",
      "Segments": [
        0,
        0,
        0,
        4.1,
        0
      ]
    },
    {
      "Target": "Parameter",
      "Id": "PARAM_JITA_Y",
      "Segments": [
        0,
        0,
        0,
        4.1,
        0
      ]
    },
    {
      "Target": "Parameter",
      "Id": "PARAM_JINADAI_X",
      "Segments": [
        0,
        0,
        0,
        4.1,
        0
      ]
    },
    {
      "Target": "Parameter",
      "Id": "PARAM_JIANDAI_Y",
      "Segments": [
        0,
        0,
        0,
        4.1,
        0
      ]
    },
    {
      "Target": "Parameter",
      "Id": "PARAM_JIANDAI_BACK_X",
      "Segments": [
        0,
        0,
        0,
        4.1,
        0
      ]
    },
    {
      "Target": "Parameter",
      "Id": "PARAM_JIANDAI_BACK_Y",
      "Segments": [
        0,
        0,
        0,
        4.1,
        0
      ]
    },
    {
      "Target": "Parameter",
      "Id": "PARAM_EYE_BALL_FORM",
      "Segments": [
        0,
        0,
        0,
        4.1,
        0
      ]
    },
    {
      "Target": "Parameter",
      "Id": "PARAM_EYE_BALL_SAD",
      "Segments": [
        0,
        0,
        0,
        4.1,
        0
      ]
    },
    {
      "Target": "Parameter",
      "Id": "PARAM_EYE_BALL_BAIYAN",
      "Segments": [
        0,
        0,
        0,
        4.1,
        0
      ]
    },
    {
      "Target": "Parameter",
      "Id": "PARAM_EYE_TI1",
      "Segments": [
        0,
        0,
        0,
        4.1,
        0
      ]
    },
    {
      "Target": "Parameter",
      "Id": "PARAM_EYE_TI2",
      "Segments": [
        0,
        0,
        0,
        4.1,
        0
      ]
    },
    {
      "Target": "Parameter",
      "Id": "PARAM_EYE_SPECIAL",
      "Segments": [
        0,
        0,
        0,
        4.1,
        0
      ]
    },
    {
      "Target": "Parameter",
      "Id": "PARAM_EYE_DEFROM",
      "Segments": [
        0,
        0,
        0,
        4.1,
        0
      ]
    },
    {
      "Target": "Parameter",
      "Id": "PARAM_BROW_L_X",
      "Segments": [
        0,
        0,
        0,
        4.1,
        0
      ]
    },
    {
      "Target": "Parameter",
      "Id": "PARAM_BROW_R_X",
      "Segments": [
        0,
        0,
        0,
        4.1,
        0
      ]
    },
    {
      "Target": "Parameter",
      "Id": "PARAM_BROW_L_FORM",
      "Segments": [
        0,
        0.5,
        0,
        4.1,
        0.5
      ]
    },
    {
      "Target": "Parameter",
      "Id": "PARAM_BROW_R_FORM",
      "Segments": [
        0,
        0.5,
        0,
        4.1,
        0.5
      ]
    },
    {
      "Target": "Parameter",
      "Id": "PARAM_MOUTH_SPECIAL",
      "Segments": [
        0,
        0,
        0,
        4.1,
        0
      ]
    },
    {
      "Target": "Parameter",
      "Id": "PARAM_MOUTH_WIDTH",
      "Segments": [
        0,
        1,
        0,
        4.1,
        1
      ]
    },
    {
      "Target": "Parameter",
      "Id": "PARAM_MOUTH_DEFORM_SPECIAL",
      "Segments": [
        0,
        0,
        0,
        4.1,
        0
      ]
    },
    {
      "Target": "Parameter",
      "Id": "PARAM_MOUTH_X",
      "Segments": [
        0,
        0,
        0,
        4.1,
        0
      ]
    },
    {
      "Target": "Parameter",
      "Id": "PARAM_MOUTH_Y",
      "Segments": [
        0,
        0,
        0,
        4.1,
        0
      ]
    },
    {
      "Target": "Parameter",
      "Id": "PARAM_SHY",
      "Segments": [
        0,
        0,
        0,
        4.1,
        0
      ]
    },
    {
      "Target": "Parameter",
      "Id": "PARAM_TERE2",
      "Segments": [
        0,
        0,
        0,
        4.1,
        0
      ]
    },
    {
      "Target": "Parameter",
      "Id": "PARAM_WATER",
      "Segments": [
        0,
        0,
        0,
        4.1,
        0
      ]
    },
    {
      "Target": "Parameter",
      "Id": "PARAM_HAN",
      "Segments": [
        0,
        0,
        0,
        4.1,
        0
      ]
    },
    {
      "Target": "Parameter",
      "Id": "PARAM_ANGRY",
      "Segments": [
        0,
        0,
        0,
        4.1,
        0
      ]
    },
    {
      "Target": "Parameter",
      "Id": "PARAM_HEI",
      "Segments": [
        0,
        -1,
        0,
        4.1,
        -1
      ]
    },
    {
      "Target": "Parameter",
      "Id": "PARAM_LIANHEIXIAN",
      "Segments": [
        0,
        0,
        0,
        4.1,
        0
      ]
    },
    {
      "Target": "Parameter",
      "Id": "PARAM_FAT",
      "Segments": [
        0,
        0,
        0,
        4.1,
        0
      ]
    },
    {
      "Target": "Parameter",
      "Id": "PARAM_HEIXIAN",
      "Segments": [
        0,
        0,
        0,
        4.1,
        0
      ]
    },
    {
      "Target": "Parameter",
      "Id": "PARAM_YINYING",
      "Segments": [
        0,
        0,
        0,
        4.1,
        0
      ]
    },
    {
      "Target": "Parameter",
      "Id": "PARAM_TANQI",
      "Segments": [
        0,
        0,
        0,
        4.1,
        0
      ]
    },
    {
      "Target": "Parameter",
      "Id": "PARAM_ZHAMAO",
      "Segments": [
        0,
        0,
        0,
        4.1,
        0
      ]
    },
    {
      "Target": "Parameter",
      "Id": "PARAM_RU_X",
      "Segments": [
        0,
        0,
        0,
        4.1,
        0
      ]
    },
    {
      "Target": "Parameter",
      "Id": "PARAM_RU_Y",
      "Segments": [
        0,
        0,
        0,
        4.1,
        0
      ]
    },
    {
      "Target": "Parameter",
      "Id": "PARAM_BREATH",
      "Segments": [
        0,
        0,
        0,
        4.1,
        0
      ]
    },
    {
      "Target": "Parameter",
      "Id": "PARAM_HAIR_FRONT",
      "Segments": [
        0,
        0,
        0,
        4.1,
        0
      ]
    },
    {
      "Target": "Parameter",
      "Id": "PARAM_HAIR_FROUT_2",
      "Segments": [
        0,
        0,
        0,
        4.1,
        0
      ]
    },
    {
      "Target": "Parameter",
      "Id": "PARAM_HAIR_FROUT_WAVE",
      "Segments": [
        0,
        0,
        0,
        4.1,
        0
      ]
    },
    {
      "Target": "Parameter",
      "Id": "PARAM_HAIR_SIDE_R",
      "Segments": [
        0,
        0,
        0,
        4.1,
        0
      ]
    },
    {
      "Target": "Parameter",
      "Id": "PARAM_HAIR_SIDE_R2",
      "Segments": [
        0,
        0,
        0,
        4.1,
        0
      ]
    },
    {
      "Target": "Parameter",
      "Id": "PARAM_HAIR_SIDE_WAVE",
      "Segments": [
        0,
        0,
        0,
        4.1,
        0
      ]
    },
    {
      "Target": "Parameter",
      "Id": "PARAM_HAIR_SIDE_R3",
      "Segments": [
        0,
        0,
        0,
        4.1,
        0
      ]
    },
    {
      "Target": "Parameter",
      "Id": "PARAM_HAIR_SIDE_L",
      "Segments": [
        0,
        0,
        0,
        4.1,
        0
      ]
    },
    {
      "Target": "Parameter",
      "Id": "PARAM_HAIR_SIDE_L3",
      "Segments": [
        0,
        0,
        0,
        4.1,
        0
      ]
    },
    {
      "Target": "Parameter",
      "Id": "PARAM_HAIR_BACK_WAVE",
      "Segments": [
        0,
        0,
        0,
        4.1,
        0
      ]
    },
    {
      "Target": "Parameter",
      "Id": "PARAM_XIANQUNZI_1",
      "Segments": [
        0,
        0,
        0,
        4.1,
        0
      ]
    },
    {
      "Target": "Parameter",
      "Id": "PARAM_XIANQUNZI_2",
      "Segments": [
        0,
        0,
        0,
        4.1,
        0
      ]
    },
    {
      "Target": "Parameter",
      "Id": "PARAM_YICENGQUN_YIDUAN_SHAKE",
      "Segments": [
        0,
        0,
        0,
        4.1,
        0
      ]
    },
    {
      "Target": "Parameter",
      "Id": "PARAM_PARAM_YICENGQUN_ERDUAN_SHAKE",
      "Segments": [
        0,
        0,
        0,
        4.1,
        0
      ]
    },
    {
      "Target": "Parameter",
      "Id": "PARAM_YICENGSHA_1DUAN_SHAKE",
      "Segments": [
        0,
        0,
        0,
        4.1,
        0
      ]
    },
    {
      "Target": "Parameter",
      "Id": "PARAM_YICESHA_2DUAN_SHAKE",
      "Segments": [
        0,
        0,
        0,
        4.1,
        0
      ]
    },
    {
      "Target": "Parameter",
      "Id": "PARAM_ERCENGSHA_1DUAN_SHAKE",
      "Segments": [
        0,
        0,
        0,
        4.1,
        0
      ]
    },
    {
      "Target": "Parameter",
      "Id": "PARAM_ERCENGSAHA_2DUAN_SHAKE",
      "Segments": [
        0,
        0,
        0,
        4.1,
        0
      ]
    }
  ],
  "UserData": []
}