{
  "Version": 3,
  "Meta": {
    "Duration": 8.0,
    "Fps": 30.0,
    "Loop": true,
    "AreBeziersRestricted": true,
    "CurveCount": 106,
    "TotalSegmentCount": 382,
    "TotalPointCount": 448,
    "UserDataCount": 0,
    "TotalUserDataSize": 0
  },
  "Curves": [
    {
      "Target": "Parameter",
      "Id": "PARAM_ANGLE_X",
      "Segments": [
        0,
        -4,
        0,
        0.4,
        -30,
        2,
        0.6,
        -30,
        2,
        2.833,
        -30,
        0,
        3.167,
        25,
        2,
        3.833,
        25,
        2,
        4.5,
        25,
        2,
        5.167,
        25,
        0,
        6.133,
        7,
        2,
        6.5,
        7,
        0,
        6.833,
        -19,
        2,
        7.333,
        -19,
        0,
        8,
        -4
      ]
    },
    {
      "Target": "Parameter",
      "Id": "PARAM_ANGLE_Y",
      "Segments": [
        0,
        -8,
        0,
        0.167,
        -26,
        0,
        0.667,
        8,
        0,
        1,
        -30,
        0,
        1.267,
        0,
        0,
        1.6,
        -24,
        0,
        1.933,
        0,
        0,
        2.267,
        -24,
        0,
        2.6,
        0,
        0,
        2.933,
        -24,
        0,
        3.267,
        0,
        0,
        3.6,
        -24,
        0,
        3.933,
        0,
        0,
        4.267,
        -24,
        0,
        4.6,
        0,
        0,
        4.933,
        -24,
        0,
        5.267,
        0,
        0,
        5.667,
        -24,
        0,
        6.5,
        1,
        0,
        6.833,
        -30,
        2,
        7.333,
        -30,
        0,
        7.667,
        -1.79,
        0,
        8,
        -8
      ]
    },
    {
      "Target": "Parameter",
      "Id": "PARAM_ANGLE_Z",
      "Segments": [
        0,
        -8,
        0,
        0.167,
        12.94,
        0,
        0.667,
        -9.797,
        0,
        1.267,
        1.063,
        0,
        2.033,
        -8,
        0,
        2.8,
        15,
        0,
        3.5,
        -22,
        0,
        4.167,
        11,
        0,
        4.8,
        -19,
        0,
        5.5,
        11,
        0,
        6.5,
        -15,
        1,
        6.611,
        -15,
        6.722,
        -6.986,
        6.833,
        0,
        1,
        7,
        10.479,
        7.166,
        13.26,
        7.333,
        13.26,
        0,
        8,
        -8
      ]
    },
    {
      "Target": "Parameter",
      "Id": "PARAM_BODY_ANGLE_X",
      "Segments": [
        0,
        -0.047,
        0,
        0.6,
        -5,
        0,
        1.267,
        0,
        0,
        1.967,
        -5,
        1,
        2.189,
        -5,
        2.411,
        -3.655,
        2.633,
        0,
        1,
        2.811,
        2.924,
        2.989,
        5,
        3.167,
        5,
        2,
        3.9,
        5,
        0,
        4.6,
        0,
        0,
        5.267,
        5,
        0,
        6.333,
        -2.02,
        1,
        6.466,
        -2.02,
        6.6,
        0.796,
        6.733,
        2,
        1,
        6.933,
        3.805,
        7.133,
        4,
        7.333,
        4,
        0,
        8,
        -0.047
      ]
    },
    {
      "Target": "Parameter",
      "Id": "PARAM_BODY_ANGLE_Y",
      "Segments": [
        0,
        0,
        0,
        0.2,
        -3,
        0,
        0.4,
        10,
        2,
        0.6,
        10,
        0,
        0.867,
        0,
        0,
        1.167,
        5,
        0,
        1.5,
        0,
        0,
        1.833,
        5,
        0,
        2.167,
        0,
        0,
        2.5,
        5,
        0,
        2.833,
        0,
        0,
        3.167,
        5,
        0,
        3.5,
        0,
        0,
        3.833,
        5,
        0,
        4.167,
        0,
        0,
        4.5,
        5,
        0,
        4.833,
        0,
        0,
        5.167,
        5,
        0,
        5.667,
        0,
        0,
        6.333,
        10,
        0,
        6.8,
        0,
        2,
        7.333,
        0,
        0,
        7.667,
        5,
        0,
        8,
        0
      ]
    },
    {
      "Target": "Parameter",
      "Id": "PARAM_BODY_ANGLE_Z",
      "Segments": [
        0,
        0,
        0,
        0.6,
        -2,
        0,
        1.167,
        2,
        0,
        1.833,
        -2,
        0,
        2.5,
        2,
        0,
        3.167,
        -2,
        0,
        3.833,
        2,
        0,
        4.5,
        -2,
        0,
        5.167,
        2,
        0,
        6.333,
        -2,
        1,
        6.466,
        -2,
        6.6,
        0.884,
        6.733,
        2.06,
        1,
        6.933,
        3.823,
        7.133,
        4,
        7.333,
        4,
        0,
        8,
        0
      ]
    },
    {
      "Target": "Parameter",
      "Id": "PARAM_UPPER_BODY",
      "Segments": [
        0,
        0,
        0,
        0.6,
        -2,
        0,
        1.167,
        2,
        0,
        1.833,
        -2,
        0,
        2.5,
        2,
        0,
        3.167,
        -2,
        0,
        3.833,
        2,
        0,
        4.5,
        -2,
        0,
        5.167,
        2,
        0,
        6.333,
        -2,
        0,
        6.733,
        1,
        2,
        7.333,
        1,
        0,
        8,
        0
      ]
    },
    {
      "Target": "Parameter",
      "Id": "PARAM_LEFT_ARM",
      "Segments": [
        0,
        0.349,
        0,
        0.167,
        0.425,
        1,
        0.278,
        0.425,
        0.389,
        0.388,
        0.5,
        0.284,
        1,
        0.578,
        0.211,
        0.655,
        0.154,
        0.733,
        0.154,
        1,
        0.822,
        0.154,
        0.911,
        0.153,
        1,
        0.155,
        1,
        1.167,
        0.16,
        1.333,
        0.184,
        1.5,
        0.184,
        0,
        2.067,
        0,
        0,
        2.667,
        0.319,
        2,
        3,
        0.319,
        0,
        3.5,
        0.177,
        2,
        4,
        0.177,
        0,
        4.667,
        0.119,
        0,
        5.333,
        0.202,
        0,
        6.333,
        0.131,
        0,
        6.667,
        0.376,
        0,
        7.333,
        0.337,
        0,
        7.667,
        0.742,
        0,
        8,
        0.349
      ]
    },
    {
      "Target": "Parameter",
      "Id": "PARAM_ARM_L",
      "Segments": [
        0,
        -1,
        2,
        0.167,
        -1,
        0,
        0.5,
        4.046,
        0,
        0.733,
        3.805,
        2,
        1,
        3.805,
        0,
        1.5,
        3.894,
        0,
        2.067,
        3.749,
        0,
        2.667,
        3.902,
        2,
        3,
        3.902,
        0,
        3.5,
        3.792,
        0,
        4,
        3.919,
        0,
        4.667,
        3.781,
        0,
        5.333,
        3.927,
        0,
        6.333,
        3.746,
        0,
        7.333,
        3.878,
        0,
        7.833,
        -1,
        2,
        8,
        -1
      ]
    },
    {
      "Target": "Parameter",
      "Id": "PARAM_ARM_L_02",
      "Segments": [
        0,
        0.9,
        0,
        0.167,
        1,
        0,
        0.633,
        0.23,
        0,
        0.833,
        0.607,
        0,
        1.5,
        0.579,
        0,
        6.133,
        0.6,
        2,
        6.333,
        0.6,
        2,
        7.333,
        0.6,
        0,
        7.667,
        0.292,
        0,
        8,
        0.9
      ]
    },
    {
      "Target": "Parameter",
      "Id": "PARAM_HAND_L",
      "Segments": [
        0,
        0,
        2,
        0.333,
        0,
        0,
        0.367,
        0.5,
        2,
        6.133,
        0.5,
        2,
        6.333,
        0.5,
        2,
        7.333,
        0.5,
        2,
        7.633,
        0.5,
        0,
        7.667,
        0,
        2,
        8,
        0
      ]
    },
    {
      "Target": "Parameter",
      "Id": "PARAM_HAND_L_02",
      "Segments": [
        0,
        0,
        0,
        0.633,
        1,
        0,
        0.833,
        -1,
        2,
        6.133,
        -1,
        2,
        6.333,
        -1,
        2,
        7.333,
        -1,
        0,
        8,
        0
      ]
    },
    {
      "Target": "Parameter",
      "Id": "PARAM_HAND_L_LEVEL",
      "Segments": [
        0,
        0,
        2,
        0.133,
        0,
        2,
        0.167,
        1,
        2,
        0.5,
        1,
        2,
        6.133,
        1,
        2,
        6.333,
        1,
        2,
        7.333,
        1,
        2,
        7.833,
        1,
        0,
        8,
        0
      ]
    },
    {
      "Target": "Parameter",
      "Id": "PARAM_RIGHT_ARM",
      "Segments": [
        0,
        0,
        2,
        0.6,
        0,
        0,
        1.167,
        0.198,
        0,
        1.833,
        0,
        1,
        2.055,
        0,
        2.278,
        0.045,
        2.5,
        0.099,
        1,
        2.611,
        0.126,
        2.722,
        0.122,
        2.833,
        0.159,
        1,
        2.944,
        0.196,
        3.056,
        0.622,
        3.167,
        0.8,
        1,
        3.222,
        0.889,
        3.278,
        0.9,
        3.333,
        0.9,
        2,
        3.5,
        0.9,
        0,
        4,
        0.966,
        0,
        4.667,
        0.8,
        0,
        5.333,
        1,
        1,
        5.666,
        1,
        6,
        0.971,
        6.333,
        0.855,
        1,
        6.444,
        0.816,
        6.556,
        0.704,
        6.667,
        0.704,
        0,
        7.333,
        0.814,
        0,
        7.833,
        0,
        2,
        8,
        0
      ]
    },
    {
      "Target": "Parameter",
      "Id": "PARAM_ARM_R",
      "Segments": [
        0,
        2,
        0,
        1.167,
        1.945,
        0,
        2.5,
        2.003,
        0,
        2.833,
        1.865,
        0,
        3.167,
        4.315,
        0,
        3.333,
        4.2,
        2,
        3.5,
        4.2,
        0,
        4,
        4.135,
        0,
        4.667,
        4.2,
        0,
        5.333,
        4.125,
        1,
        5.666,
        4.125,
        6,
        4.152,
        6.333,
        4.303,
        1,
        6.444,
        4.353,
        6.556,
        4.74,
        6.667,
        4.74,
        1,
        6.889,
        4.74,
        7.111,
        4.755,
        7.333,
        4.63,
        1,
        7.5,
        4.536,
        7.666,
        2,
        7.833,
        2,
        2,
        8,
        2
      ]
    },
    {
      "Target": "Parameter",
      "Id": "PARAM_TOUSHI_R",
      "Segments": [
        0,
        0.285,
        0,
        0.6,
        0,
        0,
        2.833,
        0.285,
        2,
        6.333,
        0.285,
        2,
        6.667,
        0.285,
        2,
        7.333,
        0.285,
        2,
        7.833,
        0.285,
        2,
        8,
        0.285
      ]
    },
    {
      "Target": "Parameter",
      "Id": "PARAM_ARM_R_02",
      "Segments": [
        0,
        -1,
        2,
        0.6,
        -1,
        0,
        0.9,
        -0.894,
        0,
        1.167,
        -0.9,
        0,
        1.5,
        -0.881,
        0,
        1.833,
        -0.986,
        0,
        2.5,
        -0.9,
        0,
        2.833,
        -1,
        0,
        3,
        0.8,
        0,
        3.267,
        0.162,
        0,
        3.467,
        0.57,
        0,
        4,
        0.5,
        2,
        4.667,
        0.5,
        2,
        5.333,
        0.5,
        0,
        6.333,
        0.626,
        1,
        6.444,
        0.626,
        6.556,
        0.174,
        6.667,
        0.12,
        1,
        6.889,
        0.012,
        7.111,
        0.016,
        7.333,
        -0.108,
        1,
        7.5,
        -0.201,
        7.666,
        -1,
        7.833,
        -1,
        2,
        8,
        -1
      ]
    },
    {
      "Target": "Parameter",
      "Id": "PARAM_HAND_R",
      "Segments": [
        0,
        0,
        2,
        2.833,
        0,
        2,
        6.133,
        0,
        2,
        6.333,
        0,
        0,
        6.667,
        0.5,
        2,
        7.333,
        0.5,
        0,
        7.833,
        0,
        2,
        8,
        0
      ]
    },
    {
      "Target": "Parameter",
      "Id": "PARAM_HAND_R_02",
      "Segments": [
        0,
        0,
        2,
        2.833,
        0,
        2,
        6.133,
        0,
        2,
        6.333,
        0,
        0,
        6.667,
        -1,
        2,
        7.333,
        -1,
        0,
        7.833,
        0,
        2,
        8,
        0
      ]
    },
    {
      "Target": "Parameter",
      "Id": "PARAM_YIFU",
      "Segments": [
        0,
        0,
        2,
        0.4,
        0,
        2,
        0.6,
        0,
        2,
        0.867,
        0,
        1,
        1.067,
        0.333,
        1.267,
        0.667,
        1.467,
        1,
        2,
        1.5,
        0,
        1,
        1.711,
        0.333,
        1.922,
        0.667,
        2.133,
        1,
        2,
        2.167,
        0,
        1,
        2.378,
        0.333,
        2.589,
        0.667,
        2.8,
        1,
        2,
        2.833,
        0,
        1,
        3.044,
        0.333,
        3.256,
        0.667,
        3.467,
        1,
        2,
        3.5,
        0,
        1,
        3.711,
        0.333,
        3.922,
        0.667,
        4.133,
        1,
        2,
        4.167,
        0,
        1,
        4.378,
        0.333,
        4.589,
        0.667,
        4.8,
        1,
        2,
        4.833,
        0,
        1,
        5.055,
        0.333,
        5.278,
        0.667,
        5.5,
        1,
        2,
        5.533,
        0,
        1,
        5.722,
        0.333,
        5.911,
        0.667,
        6.1,
        1,
        2,
        6.133,
        0,
        2,
        6.333,
        0,
        2,
        8,
        0
      ]
    },
    {
      "Target": "Parameter",
      "Id": "PARAM_EYE_L_OPEN",
      "Segments": [
        0,
        1,
        0,
        0.4,
        0,
        2,
        0.6,
        0,
        2,
        6.133,
        0,
        2,
        6.333,
        0,
        2,
        6.667,
        0,
        2,
        7.333,
        0,
        0,
        8,
        1
      ]
    },
    {
      "Target": "Parameter",
      "Id": "PARAM_EYE_L_FORM",
      "Segments": [
        0,
        0.5,
        2,
        6.133,
        0.5,
        2,
        6.333,
        0.5,
        0,
        6.667,
        0,
        2,
        7.333,
        0,
        0,
        8,
        0.5
      ]
    },
    {
      "Target": "Parameter",
      "Id": "PARAM_EYE_R_OPEN",
      "Segments": [
        0,
        1,
        0,
        0.4,
        0,
        2,
        0.6,
        0,
        2,
        6.133,
        0,
        2,
        6.333,
        0,
        0,
        6.667,
        1,
        2,
        7.333,
        1,
        2,
        8,
        1
      ]
    },
    {
      "Target": "Parameter",
      "Id": "PARAM_EYE_BALL_X",
      "Segments": [
        0,
        0,
        0,
        6.133,
        0.31,
        2,
        6.333,
        0.31,
        0,
        6.667,
        0.6,
        2,
        7.333,
        0.6,
        0,
        8,
        0
      ]
    },
    {
      "Target": "Parameter",
      "Id": "PARAM_EYE_BALL_Y",
      "Segments": [
        0,
        0,
        0,
        6.133,
        -0.08,
        2,
        6.333,
        -0.08,
        0,
        8,
        0
      ]
    },
    {
      "Target": "Parameter",
      "Id": "PARAM_BROW_L_Y",
      "Segments": [
        0,
        0,
        0,
        0.4,
        -1,
        2,
        6.133,
        -1,
        2,
        6.333,
        -1,
        2,
        6.667,
        -1,
        2,
        7.333,
        -1,
        0,
        8,
        0
      ]
    },
    {
      "Target": "Parameter",
      "Id": "PARAM_BROW_R_Y",
      "Segments": [
        0,
        0,
        0,
        0.4,
        -1,
        2,
        6.133,
        -1,
        2,
        6.333,
        -1,
        0,
        6.667,
        0,
        2,
        8,
        0
      ]
    },
    {
      "Target": "Parameter",
      "Id": "PARAM_MOUTH_OPEN",
      "Segments": [
        0,
        1.5,
        2,
        6.133,
        1.5,
        2,
        6.333,
        1.5,
        0,
        6.667,
        0,
        2,
        7.333,
        0,
        0,
        8,
        1.5
      ]
    },
    {
      "Target": "PartOpacity",
      "Id": "PARTS_01_BODY",
      "Segments": [
        0,
        1,
        2,
        8,
        1
      ]
    },
    {
      "Target": "PartOpacity",
      "Id": "PARTS_01_NECK",
      "Segments": [
        0,
        1,
        2,
        8,
        1
      ]
    },
    {
      "Target": "PartOpacity",
      "Id": "PARTS_01_HAIR_BACK_001",
      "Segments": [
        0,
        1,
        2,
        8,
        1
      ]
    },
    {
      "Target": "PartOpacity",
      "Id": "PARTS_01_HAIR_SIDE_001",
      "Segments": [
        0,
        1,
        2,
        8,
        1
      ]
    },
    {
      "Target": "PartOpacity",
      "Id": "PARTS_01_HAIR_FRONT_001",
      "Segments": [
        0,
        1,
        2,
        8,
        1
      ]
    },
    {
      "Target": "PartOpacity",
      "Id": "PARTS_01_EAR_001",
      "Segments": [
        0,
        1,
        2,
        8,
        1
      ]
    },
    {
      "Target": "PartOpacity",
      "Id": "PARTS_01_NOSE_001",
      "Segments": [
        0,
        1,
        2,
        8,
        1
      ]
    },
    {
      "Target": "PartOpacity",
      "Id": "PARTS_01_MOUTH_001",
      "Segments": [
        0,
        1,
        2,
        8,
        1
      ]
    },
    {
      "Target": "PartOpacity",
      "Id": "PARTS_01_BROW_001",
      "Segments": [
        0,
        1,
        2,
        8,
        1
      ]
    },
    {
      "Target": "PartOpacity",
      "Id": "PARTS_01_EYE_BALL_001",
      "Segments": [
        0,
        1,
        2,
        8,
        1
      ]
    },
    {
      "Target": "PartOpacity",
      "Id": "PARTS_01_EYE_001",
      "Segments": [
        0,
        1,
        2,
        8,
        1
      ]
    },
    {
      "Target": "PartOpacity",
      "Id": "PARTS_01_FACE_001",
      "Segments": [
        0,
        1,
        2,
        8,
        1
      ]
    },
    {
      "Target": "PartOpacity",
      "Id": "ROUGH",
      "Segments": [
        0,
        1,
        2,
        8,
        1
      ]
    },
    {
      "Target": "Model",
      "Id": "Opacity",
      "Segments": [
        0,
        1,
        0,
        8,
        1
      ]
    },
    {
      "Target": "Parameter",
      "Id": "PARAM_ARM_L_TOUSHI2",
      "Segments": [
        0,
        0,
        0,
        8,
        0
      ]
    },
    {
      "Target": "Parameter",
      "Id": "PARAM_TOUSHI_L",
      "Segments": [
        0,
        0,
        0,
        8,
        0
      ]
    },
    {
      "Target": "Parameter",
      "Id": "PARAM_HAND_L2",
      "Segments": [
        0,
        0,
        0,
        8,
        0
      ]
    },
    {
      "Target": "Parameter",
      "Id": "PARAM_TANGDIE",
      "Segments": [
        0,
        0,
        0,
        8,
        0
      ]
    },
    {
      "Target": "Parameter",
      "Id": "PARAM_ARM_R_TOUSHI2",
      "Segments": [
        0,
        0,
        0,
        8,
        0
      ]
    },
    {
      "Target": "Parameter",
      "Id": "PARAM_HAND_R2",
      "Segments": [
        0,
        0,
        0,
        8,
        0
      ]
    },
    {
      "Target": "Parameter",
      "Id": "PARAM_HAND_R_LEVEL",
      "Segments": [
        0,
        1,
        0,
        8,
        1
      ]
    },
    {
      "Target": "Parameter",
      "Id": "PARAM_CHICKEN",
      "Segments": [
        0,
        0,
        0,
        8,
        0
      ]
    },
    {
      "Target": "Parameter",
      "Id": "PARAM_CHICKEN_MOVE",
      "Segments": [
        0,
        0,
        0,
        8,
        0
      ]
    },
    {
      "Target": "Parameter",
      "Id": "PARAM_BANSHOU",
      "Segments": [
        0,
        0,
        0,
        8,
        0
      ]
    },
    {
      "Target": "Parameter",
      "Id": "PARAM_BANSHOU_MOVE",
      "Segments": [
        0,
        0,
        0,
        8,
        0
      ]
    },
    {
      "Target": "Parameter",
      "Id": "PARAM_BANSHOU_MOVE_01",
      "Segments": [
        0,
        0,
        0,
        8,
        0
      ]
    },
    {
      "Target": "Parameter",
      "Id": "PARAM_SHAOZI",
      "Segments": [
        0,
        0,
        0,
        8,
        0
      ]
    },
    {
      "Target": "Parameter",
      "Id": "PARAM_SHAOZI_MOVE",
      "Segments": [
        0,
        0,
        0,
        8,
        0
      ]
    },
    {
      "Target": "Parameter",
      "Id": "PARAM_SHAOZI_MOVE_01",
      "Segments": [
        0,
        0,
        0,
        8,
        0
      ]
    },
    {
      "Target": "Parameter",
      "Id": "PARAM_SOUP",
      "Segments": [
        0,
        0,
        0,
        8,
        0
      ]
    },
    {
      "Target": "Parameter",
      "Id": "PARAM_EYE_R_FORM",
      "Segments": [
        0,
        0.5,
        0,
        8,
        0.5
      ]
    },
    {
      "Target": "Parameter",
      "Id": "PARAM_EYE_BALL_FORM",
      "Segments": [
        0,
        0,
        0,
        8,
        0
      ]
    },
    {
      "Target": "Parameter",
      "Id": "PARAM_EYE_BALL_SAD",
      "Segments": [
        0,
        0,
        0,
        8,
        0
      ]
    },
    {
      "Target": "Parameter",
      "Id": "PARAM_EYE_BALL_BAIYAN",
      "Segments": [
        0,
        0,
        0,
        8,
        0
      ]
    },
    {
      "Target": "Parameter",
      "Id": "PARAM_EYE_BALL_KIRAKIRA",
      "Segments": [
        0,
        0,
        0,
        8,
        0
      ]
    },
    {
      "Target": "Parameter",
      "Id": "PARAM_EYE_kira_R1",
      "Segments": [
        0,
        1,
        0,
        8,
        1
      ]
    },
    {
      "Target": "Parameter",
      "Id": "PARAM_EYE_kira_R2",
      "Segments": [
        0,
        0.5,
        0,
        8,
        0.5
      ]
    },
    {
      "Target": "Parameter",
      "Id": "PARAM_EYE_kira_L1",
      "Segments": [
        0,
        1,
        0,
        8,
        1
      ]
    },
    {
      "Target": "Parameter",
      "Id": "PARAM_EYE_kira_L2",
      "Segments": [
        0,
        0.5,
        0,
        8,
        0.5
      ]
    },
    {
      "Target": "Parameter",
      "Id": "PARAM_EYE_TI1",
      "Segments": [
        0,
        0,
        0,
        8,
        0
      ]
    },
    {
      "Target": "Parameter",
      "Id": "PARAM_EYE_TI2",
      "Segments": [
        0,
        0,
        0,
        8,
        0
      ]
    },
    {
      "Target": "Parameter",
      "Id": "PARAM_EYE_SPECIAL",
      "Segments": [
        0,
        0,
        0,
        8,
        0
      ]
    },
    {
      "Target": "Parameter",
      "Id": "PARAM_EYE_DEFROM",
      "Segments": [
        0,
        0,
        0,
        8,
        0
      ]
    },
    {
      "Target": "Parameter",
      "Id": "PARAM_BROW_L_X",
      "Segments": [
        0,
        0,
        0,
        8,
        0
      ]
    },
    {
      "Target": "Parameter",
      "Id": "PARAM_BROW_R_X",
      "Segments": [
        0,
        0,
        0,
        8,
        0
      ]
    },
    {
      "Target": "Parameter",
      "Id": "PARAM_BROW_L_ANGLE",
      "Segments": [
        0,
        0,
        0,
        8,
        0
      ]
    },
    {
      "Target": "Parameter",
      "Id": "PARAM_BROW_R_ANGLE",
      "Segments": [
        0,
        0,
        0,
        8,
        0
      ]
    },
    {
      "Target": "Parameter",
      "Id": "PARAM_BROW_L_FORM",
      "Segments": [
        0,
        0.5,
        0,
        8,
        0.5
      ]
    },
    {
      "Target": "Parameter",
      "Id": "PARAM_BROW_R_FORM",
      "Segments": [
        0,
        0.5,
        0,
        8,
        0.5
      ]
    },
    {
      "Target": "Parameter",
      "Id": "PARAM_MOUTH_FORM",
      "Segments": [
        0,
        -1,
        0,
        8,
        -1
      ]
    },
    {
      "Target": "Parameter",
      "Id": "PARAM_MOUTH_SPECIAL",
      "Segments": [
        0,
        0,
        0,
        8,
        0
      ]
    },
    {
      "Target": "Parameter",
      "Id": "PARAM_MOUTH_SIZE",
      "Segments": [
        0,
        -0.5,
        0,
        8,
        -0.5
      ]
    },
    {
      "Target": "Parameter",
      "Id": "PARAM_MOUTH_DEFORM_SPECIAL",
      "Segments": [
        0,
        0,
        0,
        8,
        0
      ]
    },
    {
      "Target": "Parameter",
      "Id": "PARAM_MOUTH_X",
      "Segments": [
        0,
        0,
        0,
        8,
        0
      ]
    },
    {
      "Target": "Parameter",
      "Id": "PARAM_MOUTH_Y",
      "Segments": [
        0,
        0,
        0,
        8,
        0
      ]
    },
    {
      "Target": "Parameter",
      "Id": "PARAM_SHY",
      "Segments": [
        0,
        0,
        0,
        8,
        0
      ]
    },
    {
      "Target": "Parameter",
      "Id": "PARAM_TERE",
      "Segments": [
        0,
        0.6,
        0,
        8,
        0.6
      ]
    },
    {
      "Target": "Parameter",
      "Id": "PARAM_TERE2",
      "Segments": [
        0,
        0,
        0,
        8,
        0
      ]
    },
    {
      "Target": "Parameter",
      "Id": "PARAM_WATER",
      "Segments": [
        0,
        0,
        0,
        8,
        0
      ]
    },
    {
      "Target": "Parameter",
      "Id": "PARAM_HAN",
      "Segments": [
        0,
        0,
        0,
        8,
        0
      ]
    },
    {
      "Target": "Parameter",
      "Id": "PARAM_ANGRY",
      "Segments": [
        0,
        0,
        0,
        8,
        0
      ]
    },
    {
      "Target": "Parameter",
      "Id": "PARAM_HEI",
      "Segments": [
        0,
        -1,
        0,
        8,
        -1
      ]
    },
    {
      "Target": "Parameter",
      "Id": "PARAM_LIANHEIXIAN",
      "Segments": [
        0,
        0,
        0,
        8,
        0
      ]
    },
    {
      "Target": "Parameter",
      "Id": "PARAM_FAT",
      "Segments": [
        0,
        0,
        0,
        8,
        0
      ]
    },
    {
      "Target": "Parameter",
      "Id": "PARAM_HEIXIAN",
      "Segments": [
        0,
        0,
        0,
        8,
        0
      ]
    },
    {
      "Target": "Parameter",
      "Id": "PARAM_YINYING",
      "Segments": [
        0,
        0,
        0,
        8,
        0
      ]
    },
    {
      "Target": "Parameter",
      "Id": "PARAM_TANQI",
      "Segments": [
        0,
        0,
        0,
        8,
        0
      ]
    },
    {
      "Target": "Parameter",
      "Id": "PARAM_ZHAMAO",
      "Segments": [
        0,
        0,
        0,
        8,
        0
      ]
    },
    {
      "Target": "Parameter",
      "Id": "PARAM_RU_X",
      "Segments": [
        0,
        0,
        0,
        8,
        0
      ]
    },
    {
      "Target": "Parameter",
      "Id": "PARAM_RU_Y",
      "Segments": [
        0,
        0,
        0,
        8,
        0
      ]
    },
    {
      "Target": "Parameter",
      "Id": "PARAM_BREATH",
      "Segments": [
        0,
        0,
        0,
        8,
        0
      ]
    },
    {
      "Target": "Parameter",
      "Id": "PARAM_HAIR_FRONT",
      "Segments": [
        0,
        0,
        0,
        8,
        0
      ]
    },
    {
      "Target": "Parameter",
      "Id": "PARAM_HAIR_FROUT_2",
      "Segments": [
        0,
        0,
        0,
        8,
        0
      ]
    },
    {
      "Target": "Parameter",
      "Id": "PARAM_HAIR_SIDE_R",
      "Segments": [
        0,
        0,
        0,
        8,
        0
      ]
    },
    {
      "Target": "Parameter",
      "Id": "PARAM_HAIR_SIDE_R2",
      "Segments": [
        0,
        0,
        0,
        8,
        0
      ]
    },
    {
      "Target": "Parameter",
      "Id": "PARAM_HAIR_SIDE_R3",
      "Segments": [
        0,
        0,
        0,
        8,
        0
      ]
    },
    {
      "Target": "Parameter",
      "Id": "PARAM_HAIR_SIDE_L",
      "Segments": [
        0,
        0,
        0,
        8,
        0
      ]
    },
    {
      "Target": "Parameter",
      "Id": "PARAM_HAIR_SIDE_L3",
      "Segments": [
        0,
        0,
        0,
        8,
        0
      ]
    }
  ],
  "UserData": []
}