{
  "Version": 3,
  "Meta": {
    "Duration": 6.17,
    "Fps": 30.0,
    "Loop": true,
    "AreBeziersRestricted": true,
    "CurveCount": 134,
    "TotalSegmentCount": 668,
    "TotalPointCount": 1028,
    "UserDataCount": 0,
    "TotalUserDataSize": 0
  },
  "Curves": [
    {
      "Target": "Parameter",
      "Id": "PARAM_ANGLE_X",
      "Segments": [
        0,
        -4,
        1,
        0.044,
        -4,
        0.089,
        -4.55,
        0.133,
        -5,
        1,
        0.211,
        -5.788,
        0.289,
        -6,
        0.367,
        -6,
        1,
        0.545,
        -6,
        0.722,
        -6.029,
        0.9,
        -5.983,
        1,
        2.078,
        -5.68,
        3.255,
        -4.896,
        4.433,
        -4.298,
        1,
        4.511,
        -4.259,
        4.589,
        8.19,
        4.667,
        8.19,
        0,
        4.767,
        -33.676,
        0,
        4.867,
        11.74,
        0,
        4.967,
        -29.937,
        0,
        5.067,
        5.555,
        1,
        5.1,
        5.555,
        5.134,
        -29.594,
        5.167,
        -29.594,
        1,
        5.189,
        -29.594,
        5.211,
        1.724,
        5.233,
        1.724,
        0,
        5.333,
        -25.756,
        0,
        5.433,
        -0.19,
        0,
        5.7,
        -13.885,
        0,
        6.167,
        -4
      ]
    },
    {
      "Target": "Parameter",
      "Id": "PARAM_ANGLE_Y",
      "Segments": [
        0,
        -8,
        0,
        0.133,
        -24,
        0,
        0.367,
        30,
        0,
        0.533,
        5,
        1,
        0.655,
        5,
        0.778,
        4.943,
        0.9,
        6.838,
        1,
        0.989,
        8.217,
        1.078,
        30,
        1.167,
        30,
        1,
        1.2,
        30,
        1.234,
        28.578,
        1.267,
        21,
        1,
        1.345,
        3.317,
        1.422,
        -9,
        1.5,
        -9,
        0,
        2,
        30,
        0,
        2.333,
        2.599,
        0,
        2.667,
        23.39,
        1,
        2.822,
        23.39,
        2.978,
        -18.526,
        3.133,
        -22.524,
        1,
        3.333,
        -27.664,
        3.533,
        -27.556,
        3.733,
        -27.556,
        0,
        4.433,
        -19.54,
        0,
        4.733,
        -26,
        1,
        5.011,
        -26,
        5.289,
        -25.779,
        5.567,
        -23.869,
        1,
        5.678,
        -23.105,
        5.789,
        1.071,
        5.9,
        1.071,
        0,
        6.167,
        -8
      ]
    },
    {
      "Target": "Parameter",
      "Id": "PARAM_ANGLE_Z",
      "Segments": [
        0,
        -8,
        0,
        0.2,
        -15,
        1,
        0.311,
        -15,
        0.422,
        -6.711,
        0.533,
        -5,
        1,
        0.655,
        -3.118,
        0.778,
        -3.383,
        0.9,
        -1.452,
        1,
        1.022,
        0.479,
        1.145,
        9,
        1.267,
        9,
        0,
        1.767,
        -19,
        0,
        2.3,
        9,
        0,
        2.767,
        -3,
        0,
        3.567,
        9,
        1,
        3.856,
        9,
        4.144,
        3.592,
        4.433,
        -3.064,
        1,
        4.733,
        -9.975,
        5.033,
        -12,
        5.333,
        -12,
        0,
        6.167,
        -8
      ]
    },
    {
      "Target": "Parameter",
      "Id": "PARAM_BODY_ANGLE_X",
      "Segments": [
        0,
        -0.047,
        0,
        0.533,
        7,
        1,
        0.655,
        7,
        0.778,
        7.072,
        0.9,
        6.47,
        1,
        1.022,
        5.869,
        1.145,
        2.633,
        1.267,
        0,
        1,
        1.345,
        -1.675,
        1.422,
        -4,
        1.5,
        -4,
        0,
        2,
        1,
        1,
        2.1,
        1,
        2.2,
        1.059,
        2.3,
        0,
        1,
        2.411,
        -1.177,
        2.522,
        -4,
        2.633,
        -4,
        0,
        2.967,
        0.351,
        0,
        3.033,
        -0.753,
        0,
        3.1,
        1.13,
        0,
        3.167,
        -1.18,
        0,
        3.233,
        0.452,
        0,
        3.3,
        -0.904,
        0,
        3.367,
        0.703,
        0,
        3.467,
        -0.753,
        0,
        3.533,
        0.351,
        0,
        3.667,
        -0.904,
        0,
        3.8,
        -0.276,
        0,
        4.133,
        -3.03,
        0,
        4.567,
        1.481,
        0,
        4.867,
        -3.917,
        0,
        5.433,
        1.406,
        0,
        6.167,
        -0.047
      ]
    },
    {
      "Target": "Parameter",
      "Id": "PARAM_BODY_ANGLE_Y",
      "Segments": [
        0,
        0,
        0,
        0.2,
        -8,
        1,
        0.256,
        -8,
        0.311,
        -1.709,
        0.367,
        3.69,
        1,
        0.422,
        9.09,
        0.478,
        10,
        0.533,
        10,
        0,
        0.9,
        0.494,
        0,
        1.267,
        10,
        1,
        1.411,
        10,
        1.556,
        -1.47,
        1.7,
        -3.477,
        1,
        1.9,
        -6.256,
        2.1,
        -6.267,
        2.3,
        -6.267,
        0,
        2.767,
        8,
        1,
        2.811,
        8,
        2.856,
        1.169,
        2.9,
        1,
        1,
        3.078,
        0.322,
        3.255,
        -0.239,
        3.433,
        -0.656,
        1,
        3.666,
        -1.203,
        3.9,
        -1.348,
        4.133,
        -1.348,
        1,
        4.233,
        -1.348,
        4.333,
        -1.642,
        4.433,
        -0.967,
        1,
        4.844,
        1.805,
        5.256,
        6.112,
        5.667,
        6.112,
        0,
        6.167,
        0
      ]
    },
    {
      "Target": "Parameter",
      "Id": "PARAM_BODY_ANGLE_Z",
      "Segments": [
        0,
        0,
        0,
        0.2,
        -2.985,
        1,
        0.311,
        -2.985,
        0.422,
        -0.019,
        0.533,
        0.671,
        1,
        0.655,
        1.431,
        0.778,
        1.279,
        0.9,
        2.071,
        1,
        1.022,
        2.863,
        1.145,
        6.395,
        1.267,
        6.395,
        1,
        1.378,
        6.395,
        1.489,
        4.647,
        1.6,
        2.707,
        1,
        1.789,
        -0.59,
        1.978,
        -1.705,
        2.167,
        -1.705,
        1,
        2.378,
        -1.705,
        2.589,
        0.467,
        2.8,
        1.083,
        1,
        3.344,
        2.673,
        3.889,
        3.948,
        4.433,
        4.876,
        1,
        4.478,
        4.952,
        4.522,
        4.903,
        4.567,
        4.903,
        0,
        6.167,
        0
      ]
    },
    {
      "Target": "Parameter",
      "Id": "PARAM_LEFT_ARM",
      "Segments": [
        0,
        0.349,
        0,
        0.233,
        0.459,
        0,
        0.533,
        0.399,
        1,
        0.655,
        0.399,
        0.778,
        0.427,
        0.9,
        0.453,
        1,
        1.022,
        0.479,
        1.145,
        0.481,
        1.267,
        0.513,
        1,
        1.345,
        0.533,
        1.422,
        1,
        1.5,
        1,
        0,
        1.967,
        0.739,
        0,
        2.767,
        1,
        1,
        2.945,
        1,
        3.122,
        0.803,
        3.3,
        0.62,
        1,
        3.444,
        0.472,
        3.589,
        0.454,
        3.733,
        0.454,
        1,
        3.966,
        0.454,
        4.2,
        0.49,
        4.433,
        0.557,
        1,
        4.489,
        0.573,
        4.544,
        0.579,
        4.6,
        0.579,
        0,
        6.167,
        0.349
      ]
    },
    {
      "Target": "Parameter",
      "Id": "PARAM_ARM_L",
      "Segments": [
        0,
        -1,
        2,
        0.167,
        -1,
        2,
        0.533,
        -1,
        1,
        0.655,
        -1,
        0.778,
        -1.037,
        0.9,
        -0.848,
        1,
        1.022,
        -0.66,
        1.145,
        3.165,
        1.267,
        3.361,
        1,
        1.311,
        3.433,
        1.356,
        3.389,
        1.4,
        3.426,
        1,
        1.433,
        3.453,
        1.467,
        4.123,
        1.5,
        4.123,
        0,
        1.567,
        3.519,
        0,
        1.7,
        4.368,
        0,
        1.833,
        3.414,
        0,
        2,
        4.132,
        0,
        2.167,
        3.572,
        0,
        2.333,
        4.25,
        0,
        2.5,
        3.664,
        0,
        2.667,
        4.132,
        0,
        2.8,
        3.583,
        0,
        2.933,
        3.711,
        1,
        3.055,
        3.711,
        3.178,
        3.135,
        3.3,
        3.117,
        1,
        3.644,
        3.066,
        3.989,
        3.042,
        4.333,
        3.002,
        1,
        4.366,
        2.998,
        4.4,
        2.983,
        4.433,
        2.976,
        1,
        4.755,
        2.913,
        5.078,
        2.874,
        5.4,
        2.791,
        1,
        5.511,
        2.762,
        5.622,
        -1,
        5.733,
        -1,
        2,
        6.167,
        -1
      ]
    },
    {
      "Target": "Parameter",
      "Id": "PARAM_TOUSHI_L",
      "Segments": [
        0,
        0,
        2,
        0.467,
        0,
        0,
        1.267,
        0.6,
        0,
        2.733,
        0,
        1,
        2.822,
        0,
        2.911,
        0.6,
        3,
        0.617,
        1,
        3.478,
        0.704,
        3.955,
        0.794,
        4.433,
        0.838,
        1,
        4.466,
        0.841,
        4.5,
        0.839,
        4.533,
        0.839,
        1,
        4.766,
        0.839,
        5,
        0.846,
        5.233,
        0.809,
        1,
        5.444,
        0.776,
        5.656,
        0,
        5.867,
        0,
        2,
        6.167,
        0
      ]
    },
    {
      "Target": "Parameter",
      "Id": "PARAM_ARM_L_02",
      "Segments": [
        0,
        0.9,
        0,
        0.533,
        1,
        1,
        0.655,
        1,
        0.778,
        1.014,
        0.9,
        0.868,
        1,
        0.989,
        0.761,
        1.078,
        -0.8,
        1.167,
        -0.8,
        1,
        1.2,
        -0.8,
        1.234,
        -0.308,
        1.267,
        -0.201,
        1,
        1.367,
        0.121,
        1.467,
        0.188,
        1.567,
        0.188,
        1,
        2.1,
        0.188,
        2.634,
        0.149,
        3.167,
        0.1,
        1,
        3.556,
        0.064,
        3.944,
        0.057,
        4.333,
        0.057,
        1,
        4.366,
        0.057,
        4.4,
        0.056,
        4.433,
        0.058,
        1,
        4.7,
        0.073,
        4.966,
        0.087,
        5.233,
        0.119,
        1,
        5.411,
        0.14,
        5.589,
        0.393,
        5.767,
        0.59,
        1,
        5.834,
        0.664,
        5.9,
        0.931,
        5.967,
        0.931,
        0,
        6.167,
        0.9
      ]
    },
    {
      "Target": "Parameter",
      "Id": "PARAM_HAND_L",
      "Segments": [
        0,
        0,
        2,
        1.167,
        0,
        0,
        1.267,
        0.5,
        2,
        5.5,
        0.5,
        0,
        5.667,
        0,
        2,
        6.167,
        0
      ]
    },
    {
      "Target": "Parameter",
      "Id": "PARAM_HAND_L2",
      "Segments": [
        0,
        0,
        2,
        1.167,
        0,
        0,
        1.267,
        1,
        2,
        5.5,
        1,
        0,
        5.667,
        0,
        2,
        6.167,
        0
      ]
    },
    {
      "Target": "Parameter",
      "Id": "PARAM_HAND_L_02",
      "Segments": [
        0,
        0,
        2,
        1.167,
        0,
        0,
        1.267,
        -1,
        2,
        5.5,
        -1,
        0,
        5.667,
        0,
        2,
        6.167,
        0
      ]
    },
    {
      "Target": "Parameter",
      "Id": "PARAM_HAND_L_LEVEL",
      "Segments": [
        0,
        0,
        0,
        0.167,
        1,
        2,
        0.467,
        1,
        2,
        0.9,
        1,
        2,
        1.167,
        1,
        2,
        1.267,
        1,
        2,
        2.433,
        1,
        2,
        3.4,
        1,
        2,
        4.433,
        1,
        2,
        5.7,
        1,
        2,
        5.733,
        0,
        2,
        6.167,
        0
      ]
    },
    {
      "Target": "Parameter",
      "Id": "PARAM_RIGHT_ARM",
      "Segments": [
        0,
        0,
        1,
        0.178,
        0,
        0.355,
        0.767,
        0.533,
        0.784,
        1,
        0.655,
        0.796,
        0.778,
        0.791,
        0.9,
        0.791,
        1,
        1,
        0.791,
        1.1,
        0.795,
        1.2,
        0.773,
        1,
        1.289,
        0.754,
        1.378,
        0.128,
        1.467,
        0.128,
        0,
        2.067,
        0.176,
        0,
        2.767,
        0.142,
        1,
        2.945,
        0.142,
        3.122,
        0.515,
        3.3,
        0.582,
        1,
        3.444,
        0.636,
        3.589,
        0.655,
        3.733,
        0.665,
        1,
        3.966,
        0.681,
        4.2,
        0.693,
        4.433,
        0.7,
        2,
        4.5,
        0.7,
        1,
        4.822,
        0.7,
        5.145,
        0.662,
        5.467,
        0.5,
        1,
        5.545,
        0.461,
        5.622,
        0,
        5.7,
        0,
        2,
        6.167,
        0
      ]
    },
    {
      "Target": "Parameter",
      "Id": "PARAM_ARM_R",
      "Segments": [
        0,
        2.28,
        1,
        0.144,
        2.28,
        0.289,
        2.677,
        0.433,
        3.192,
        1,
        0.466,
        3.31,
        0.5,
        3.403,
        0.533,
        3.406,
        1,
        0.655,
        3.416,
        0.778,
        3.415,
        0.9,
        3.431,
        1,
        1.022,
        3.447,
        1.145,
        3.702,
        1.267,
        3.882,
        1,
        1.311,
        3.948,
        1.356,
        4.103,
        1.4,
        4.318,
        1,
        1.433,
        4.478,
        1.467,
        5,
        1.5,
        5,
        0,
        1.567,
        4.326,
        0,
        1.7,
        5,
        0,
        1.833,
        4.342,
        0,
        2,
        4.855,
        0,
        2.167,
        4.323,
        0,
        2.333,
        4.726,
        0,
        2.5,
        4.221,
        0,
        2.667,
        4.713,
        0,
        2.8,
        4.303,
        0,
        2.933,
        4.437,
        1,
        3.055,
        4.437,
        3.178,
        3.866,
        3.3,
        3.843,
        1,
        3.644,
        3.777,
        3.989,
        3.744,
        4.333,
        3.694,
        1,
        4.366,
        3.69,
        4.4,
        3.682,
        4.433,
        3.68,
        1,
        4.778,
        3.669,
        5.122,
        3.662,
        5.467,
        3.648,
        1,
        5.567,
        3.643,
        5.667,
        2.484,
        5.767,
        2.111,
        1,
        5.789,
        2.028,
        5.811,
        2.055,
        5.833,
        2.055,
        0,
        6.167,
        2.28
      ]
    },
    {
      "Target": "Parameter",
      "Id": "PARAM_ARM_R_02",
      "Segments": [
        0,
        -1,
        0,
        0.133,
        -0.31,
        0,
        0.533,
        -0.39,
        2,
        0.9,
        -0.39,
        1,
        1.022,
        -0.39,
        1.145,
        -0.371,
        1.267,
        -0.351,
        1,
        1.345,
        -0.338,
        1.422,
        -0.094,
        1.5,
        -0.094,
        1,
        1.889,
        -0.094,
        2.278,
        -0.168,
        2.667,
        -0.186,
        1,
        2.834,
        -0.193,
        3,
        -0.193,
        3.167,
        -0.195,
        1,
        3.589,
        -0.197,
        4.011,
        -0.199,
        4.433,
        -0.201,
        1,
        4.566,
        -0.202,
        4.7,
        -0.202,
        4.833,
        -0.204,
        1,
        5.055,
        -0.208,
        5.278,
        -0.275,
        5.5,
        -0.374,
        1,
        5.722,
        -0.474,
        5.945,
        -1,
        6.167,
        -1
      ]
    },
    {
      "Target": "Parameter",
      "Id": "PARAM_HAND_R",
      "Segments": [
        0,
        0,
        2,
        0.367,
        0,
        0,
        0.533,
        0.5,
        2,
        5.5,
        0.5,
        0,
        5.667,
        0,
        2,
        6.167,
        0
      ]
    },
    {
      "Target": "Parameter",
      "Id": "PARAM_HAND_R2",
      "Segments": [
        0,
        0,
        2,
        0.367,
        0,
        0,
        0.533,
        1,
        2,
        5.5,
        1,
        0,
        5.667,
        0,
        2,
        6.167,
        0
      ]
    },
    {
      "Target": "Parameter",
      "Id": "PARAM_HAND_R_02",
      "Segments": [
        0,
        0,
        2,
        0.367,
        0,
        0,
        0.533,
        -1,
        2,
        5.5,
        -1,
        0,
        5.667,
        0,
        2,
        6.167,
        0
      ]
    },
    {
      "Target": "Parameter",
      "Id": "PARAM_EYE_L_OPEN",
      "Segments": [
        0,
        1,
        0,
        0.2,
        0,
        0,
        0.367,
        1,
        2,
        0.533,
        1,
        2,
        0.9,
        1,
        2,
        1,
        1,
        0,
        1.1,
        0,
        0,
        1.2,
        1,
        2,
        2.3,
        1,
        2,
        2.8,
        1,
        0,
        2.9,
        0.011,
        0,
        3.133,
        1,
        2,
        3.567,
        1,
        2,
        4.433,
        1,
        0,
        4.733,
        0,
        2,
        5.367,
        0,
        1,
        5.411,
        0,
        5.456,
        0.886,
        5.5,
        0.92,
        1,
        5.6,
        0.996,
        5.7,
        1,
        5.8,
        1,
        2,
        6.167,
        1
      ]
    },
    {
      "Target": "Parameter",
      "Id": "PARAM_EYE_L_FORM",
      "Segments": [
        0,
        0.9,
        0,
        0.2,
        1,
        1,
        0.256,
        1,
        0.311,
        0.833,
        0.367,
        0.5,
        1,
        0.422,
        0.167,
        0.478,
        0,
        0.533,
        0,
        1,
        0.655,
        0,
        0.778,
        -0.013,
        0.9,
        0.048,
        1,
        1.022,
        0.109,
        1.145,
        1,
        1.267,
        1,
        2,
        2.3,
        1,
        2,
        3.567,
        1,
        2,
        4.433,
        1,
        2,
        5.333,
        1,
        0,
        6.167,
        0.9
      ]
    },
    {
      "Target": "Parameter",
      "Id": "PARAM_EYE_R_OPEN",
      "Segments": [
        0,
        1,
        0,
        0.2,
        0,
        0,
        0.367,
        1,
        2,
        0.533,
        1,
        2,
        0.9,
        1,
        2,
        1,
        1,
        0,
        1.1,
        0,
        0,
        1.2,
        1,
        2,
        2.3,
        1,
        2,
        2.8,
        1,
        0,
        2.9,
        0.005,
        0,
        3.133,
        1,
        2,
        3.567,
        1,
        2,
        4.433,
        1,
        0,
        4.733,
        0,
        2,
        5.367,
        0,
        1,
        5.411,
        0,
        5.456,
        0.886,
        5.5,
        0.92,
        1,
        5.6,
        0.996,
        5.7,
        1,
        5.8,
        1,
        2,
        6.167,
        1
      ]
    },
    {
      "Target": "Parameter",
      "Id": "PARAM_EYE_R_FORM",
      "Segments": [
        0,
        0.9,
        0,
        0.2,
        1,
        1,
        0.256,
        1,
        0.311,
        0.853,
        0.367,
        0.52,
        1,
        0.422,
        0.187,
        0.478,
        0,
        0.533,
        0,
        1,
        0.655,
        0,
        0.778,
        -0.013,
        0.9,
        0.048,
        1,
        1.022,
        0.109,
        1.145,
        1,
        1.267,
        1,
        2,
        2.3,
        1,
        2,
        3.567,
        1,
        2,
        4.433,
        1,
        2,
        5.333,
        1,
        0,
        6.167,
        0.9
      ]
    },
    {
      "Target": "Parameter",
      "Id": "PARAM_EYE_BALL_X",
      "Segments": [
        0,
        0.31,
        0,
        0.367,
        0.1,
        0,
        0.533,
        0.31,
        1,
        0.655,
        0.31,
        0.778,
        0.311,
        0.9,
        0.307,
        1,
        1.022,
        0.302,
        1.145,
        0.24,
        1.267,
        0.24,
        2,
        2.3,
        0.24,
        2,
        3.567,
        0.24,
        2,
        4.433,
        0.24,
        2,
        5.333,
        0.24,
        0,
        6.167,
        0.31
      ]
    },
    {
      "Target": "Parameter",
      "Id": "PARAM_EYE_BALL_Y",
      "Segments": [
        0,
        -0.08,
        2,
        0.533,
        -0.08,
        1,
        0.655,
        -0.08,
        0.778,
        -0.076,
        0.9,
        -0.096,
        1,
        1.022,
        -0.117,
        1.145,
        -0.42,
        1.267,
        -0.42,
        2,
        2.3,
        -0.42,
        2,
        3.567,
        -0.42,
        2,
        4.433,
        -0.42,
        2,
        5.333,
        -0.42,
        0,
        6.167,
        -0.08
      ]
    },
    {
      "Target": "Parameter",
      "Id": "PARAM_EYE_BALL_BAIYAN",
      "Segments": [
        0,
        0,
        2,
        0.9,
        0,
        2,
        2.833,
        0,
        0,
        2.933,
        1,
        2,
        4.433,
        1,
        2,
        5.333,
        1,
        0,
        5.4,
        0,
        2,
        6.167,
        0
      ]
    },
    {
      "Target": "Parameter",
      "Id": "PARAM_EYE_kira_R2",
      "Segments": [
        0,
        0.5,
        0,
        0.533,
        0.51,
        2,
        0.9,
        0.51,
        2,
        1.267,
        0.51,
        2,
        2.3,
        0.51,
        0,
        3.567,
        0.5,
        1,
        3.856,
        0.5,
        4.144,
        0.503,
        4.433,
        0.506,
        1,
        4.733,
        0.509,
        5.033,
        0.51,
        5.333,
        0.51,
        0,
        6.167,
        0.5
      ]
    },
    {
      "Target": "Parameter",
      "Id": "PARAM_EYE_kira_L2",
      "Segments": [
        0,
        0.5,
        0,
        0.533,
        0.52,
        2,
        0.9,
        0.52,
        2,
        1.267,
        0.52,
        2,
        2.3,
        0.52,
        2,
        3.567,
        0.52,
        2,
        4.433,
        0.52,
        2,
        5.333,
        0.52,
        0,
        6.167,
        0.5
      ]
    },
    {
      "Target": "Parameter",
      "Id": "PARAM_EYE_TI1",
      "Segments": [
        0,
        0,
        2,
        0.9,
        0,
        2,
        2.7,
        0,
        0,
        2.933,
        1,
        2,
        4.433,
        1,
        2,
        5.333,
        1,
        0,
        6.167,
        0
      ]
    },
    {
      "Target": "Parameter",
      "Id": "PARAM_EYE_TI2",
      "Segments": [
        0,
        0,
        2,
        0.9,
        0,
        2,
        2.7,
        0,
        0,
        2.933,
        -1,
        2,
        4.433,
        -1,
        2,
        5.333,
        -1,
        0,
        6.167,
        0
      ]
    },
    {
      "Target": "Parameter",
      "Id": "PARAM_EYE_SPECIAL",
      "Segments": [
        0,
        0,
        2,
        0.9,
        0,
        2,
        2.7,
        0,
        2,
        2.833,
        0,
        0,
        2.933,
        1,
        2,
        4.433,
        1,
        0,
        4.633,
        0,
        2,
        4.733,
        0,
        2,
        5.333,
        0,
        0,
        5.367,
        0.016,
        0,
        6.167,
        0
      ]
    },
    {
      "Target": "Parameter",
      "Id": "PARAM_BROW_L_X",
      "Segments": [
        0,
        0,
        0,
        0.533,
        -0.36,
        2,
        0.9,
        -0.36,
        2,
        1.267,
        -0.36,
        2,
        2.3,
        -0.36,
        2,
        3.567,
        -0.36,
        2,
        4.433,
        -0.36,
        2,
        5.333,
        -0.36,
        0,
        6.167,
        0
      ]
    },
    {
      "Target": "Parameter",
      "Id": "PARAM_BROW_L_Y",
      "Segments": [
        0,
        -0.4,
        0,
        0.2,
        -1,
        0,
        0.367,
        -0.21,
        1,
        0.422,
        -0.21,
        0.478,
        -0.893,
        0.533,
        -0.9,
        1,
        0.655,
        -0.915,
        0.778,
        -0.914,
        0.9,
        -0.931,
        1,
        1.022,
        -0.948,
        1.145,
        -1,
        1.267,
        -1,
        2,
        2.8,
        -1,
        0,
        3.133,
        0.126,
        1,
        3.566,
        0.126,
        4,
        0.116,
        4.433,
        0.082,
        1,
        4.5,
        0.077,
        4.566,
        -0.332,
        4.633,
        -0.5,
        1,
        4.666,
        -0.584,
        4.7,
        -0.6,
        4.733,
        -0.6,
        2,
        5.333,
        -0.6,
        0,
        5.6,
        -0.1,
        0,
        6.167,
        -0.4
      ]
    },
    {
      "Target": "Parameter",
      "Id": "PARAM_BROW_R_X",
      "Segments": [
        0,
        0,
        0,
        0.367,
        -0.27,
        0,
        0.533,
        0.25,
        1,
        0.655,
        0.25,
        0.778,
        0.251,
        0.9,
        0.246,
        1,
        1.022,
        0.241,
        1.145,
        0.17,
        1.267,
        0.17,
        2,
        2.3,
        0.17,
        2,
        3.567,
        0.17,
        2,
        4.433,
        0.17,
        2,
        5.333,
        0.17,
        0,
        6.167,
        0
      ]
    },
    {
      "Target": "Parameter",
      "Id": "PARAM_BROW_R_Y",
      "Segments": [
        0,
        -0.4,
        0,
        0.2,
        -1,
        0,
        0.367,
        -0.21,
        1,
        0.422,
        -0.21,
        0.478,
        -0.893,
        0.533,
        -0.9,
        1,
        0.655,
        -0.915,
        0.778,
        -0.914,
        0.9,
        -0.931,
        1,
        1.022,
        -0.948,
        1.145,
        -1,
        1.267,
        -1,
        2,
        2.3,
        -1,
        2,
        2.533,
        -1,
        2,
        2.8,
        -1,
        1,
        2.911,
        -1,
        3.022,
        0.102,
        3.133,
        0.126,
        1,
        3.278,
        0.157,
        3.422,
        0.152,
        3.567,
        0.152,
        1,
        3.856,
        0.152,
        4.144,
        0.143,
        4.433,
        0.101,
        1,
        4.5,
        0.091,
        4.566,
        -0.6,
        4.633,
        -0.6,
        2,
        4.733,
        -0.6,
        2,
        5.333,
        -0.6,
        0,
        5.6,
        0,
        0,
        6.167,
        -0.4
      ]
    },
    {
      "Target": "Parameter",
      "Id": "PARAM_BROW_L_ANGLE",
      "Segments": [
        0,
        -0.6,
        0,
        0.367,
        -0.47,
        0,
        0.533,
        -1,
        2,
        0.9,
        -1,
        2,
        1.267,
        -1,
        2,
        2.3,
        -1,
        2,
        2.733,
        -1,
        0,
        3.133,
        0,
        0,
        3.567,
        -0.005,
        2,
        4.433,
        -0.005,
        0,
        4.733,
        0.3,
        1,
        4.933,
        0.3,
        5.133,
        0.239,
        5.333,
        -0.005,
        1,
        5.611,
        -0.345,
        5.889,
        -0.6,
        6.167,
        -0.6
      ]
    },
    {
      "Target": "Parameter",
      "Id": "PARAM_BROW_R_ANGLE",
      "Segments": [
        0,
        -0.6,
        0,
        0.367,
        -0.33,
        0,
        0.533,
        -1,
        2,
        0.9,
        -1,
        2,
        1.267,
        -1,
        2,
        2.3,
        -1,
        2,
        2.733,
        -1,
        0,
        3.133,
        0,
        0,
        3.567,
        -0.005,
        2,
        4.433,
        -0.005,
        0,
        4.733,
        0.3,
        1,
        4.933,
        0.3,
        5.133,
        0.239,
        5.333,
        -0.005,
        1,
        5.611,
        -0.345,
        5.889,
        -0.6,
        6.167,
        -0.6
      ]
    },
    {
      "Target": "Parameter",
      "Id": "PARAM_BROW_L_FORM",
      "Segments": [
        0,
        -0.3,
        1,
        0.122,
        -0.3,
        0.245,
        -0.304,
        0.367,
        -0.36,
        1,
        0.422,
        -0.386,
        0.478,
        -0.7,
        0.533,
        -0.7,
        1,
        0.655,
        -0.7,
        0.778,
        -0.7,
        0.9,
        -0.699,
        1,
        1.022,
        -0.698,
        1.145,
        -0.68,
        1.267,
        -0.68,
        2,
        2.3,
        -0.68,
        2,
        3.567,
        -0.68,
        2,
        4.433,
        -0.68,
        0,
        4.633,
        -1,
        0,
        5.333,
        -0.68,
        0,
        5.433,
        -0.7,
        1,
        5.466,
        -0.7,
        5.5,
        -0.634,
        5.533,
        -0.6,
        1,
        5.744,
        -0.385,
        5.956,
        -0.3,
        6.167,
        -0.3
      ]
    },
    {
      "Target": "Parameter",
      "Id": "PARAM_BROW_R_FORM",
      "Segments": [
        0,
        -0.3,
        0,
        0.367,
        -0.27,
        0,
        0.533,
        -0.7,
        1,
        0.655,
        -0.7,
        0.778,
        -0.7,
        0.9,
        -0.699,
        1,
        1.022,
        -0.698,
        1.145,
        -0.68,
        1.267,
        -0.68,
        2,
        2.3,
        -0.68,
        2,
        3.567,
        -0.68,
        2,
        4.433,
        -0.68,
        2,
        5.333,
        -0.68,
        1,
        5.4,
        -0.68,
        5.466,
        -0.68,
        5.533,
        -0.6,
        1,
        5.655,
        -0.454,
        5.778,
        -0.3,
        5.9,
        -0.3,
        2,
        6.167,
        -0.3
      ]
    },
    {
      "Target": "Parameter",
      "Id": "PARAM_MOUTH_OPEN",
      "Segments": [
        0,
        0,
        0,
        0.367,
        0.04,
        0,
        0.533,
        0,
        2,
        0.9,
        0,
        2,
        1.267,
        0,
        0,
        1.5,
        1,
        2,
        1.767,
        1,
        2,
        2.033,
        1,
        2,
        2.3,
        1,
        2,
        2.567,
        1,
        2,
        2.767,
        1,
        2,
        2.933,
        1,
        0,
        3.133,
        0,
        2,
        3.833,
        0,
        2,
        4.433,
        0,
        2,
        4.6,
        0,
        1,
        4.622,
        0,
        4.645,
        0.893,
        4.667,
        0.9,
        1,
        4.922,
        0.981,
        5.178,
        1.012,
        5.433,
        1.012,
        0,
        5.9,
        0,
        2,
        6.167,
        0
      ]
    },
    {
      "Target": "Parameter",
      "Id": "PARAM_MOUTH_FORM",
      "Segments": [
        0,
        0.6,
        0,
        0.367,
        1,
        1,
        0.422,
        1,
        0.478,
        0.32,
        0.533,
        0.3,
        1,
        0.655,
        0.257,
        0.778,
        0.259,
        0.9,
        0.209,
        1,
        1.022,
        0.16,
        1.145,
        0,
        1.267,
        0,
        0,
        1.5,
        0.1,
        1,
        1.978,
        0.1,
        2.455,
        0.076,
        2.933,
        0,
        1,
        3,
        -0.011,
        3.066,
        -1,
        3.133,
        -1,
        2,
        3.567,
        -1,
        2,
        4.433,
        -1,
        0,
        4.733,
        0,
        0,
        5.333,
        -1,
        0,
        5.4,
        0,
        2,
        5.5,
        0,
        2,
        5.533,
        0,
        0,
        6.167,
        0.6
      ]
    },
    {
      "Target": "Parameter",
      "Id": "PARAM_MOUTH_SPECIAL",
      "Segments": [
        0,
        0,
        2,
        0.9,
        0,
        2,
        1.4,
        0,
        0,
        1.5,
        1,
        2,
        2.933,
        1,
        2,
        3.167,
        1,
        2,
        3.567,
        1,
        2,
        4.433,
        1,
        0,
        4.733,
        0,
        2,
        5.4,
        0,
        2,
        5.533,
        0,
        2,
        6.167,
        0
      ]
    },
    {
      "Target": "Parameter",
      "Id": "PARAM_MOUTH_SIZE",
      "Segments": [
        0,
        -0.5,
        0,
        0.367,
        -1,
        2,
        0.533,
        -1,
        2,
        0.9,
        -1,
        2,
        1.267,
        -1,
        0,
        1.5,
        -0.607,
        0,
        1.767,
        -1,
        0,
        2.033,
        -0.579,
        0,
        2.3,
        -1,
        0,
        2.567,
        -0.577,
        0,
        2.767,
        -1,
        0,
        3.633,
        -0.732,
        1,
        3.9,
        -0.732,
        4.166,
        -0.736,
        4.433,
        -0.749,
        1,
        4.789,
        -0.765,
        5.144,
        -0.775,
        5.5,
        -0.775,
        0,
        6.167,
        -0.5
      ]
    },
    {
      "Target": "Parameter",
      "Id": "PARAM_MOUTH_DEFORM_SPECIAL",
      "Segments": [
        0,
        0,
        1,
        0.3,
        0,
        0.6,
        -0.038,
        0.9,
        0.089,
        1,
        1.789,
        0.463,
        2.678,
        1,
        3.567,
        1,
        1,
        3.856,
        1,
        4.144,
        1.026,
        4.433,
        0.85,
        1,
        5.011,
        0.498,
        5.589,
        0,
        6.167,
        0
      ]
    },
    {
      "Target": "Parameter",
      "Id": "PARAM_SHY",
      "Segments": [
        0,
        0,
        0,
        0.3,
        1,
        2,
        0.9,
        1,
        2,
        3.133,
        1,
        1,
        3.566,
        1,
        4,
        0.947,
        4.433,
        0.674,
        1,
        5.011,
        0.31,
        5.589,
        0,
        6.167,
        0
      ]
    },
    {
      "Target": "Parameter",
      "Id": "PARAM_TERE",
      "Segments": [
        0,
        0.1,
        0,
        0.533,
        0.6,
        2,
        0.9,
        0.6,
        2,
        1.267,
        0.6,
        2,
        2.3,
        0.6,
        2,
        3.567,
        0.6,
        2,
        4.433,
        0.6,
        2,
        5.333,
        0.6,
        0,
        6.167,
        0.1
      ]
    },
    {
      "Target": "Parameter",
      "Id": "PARAM_ANGRY",
      "Segments": [
        0,
        0,
        1,
        0.3,
        0,
        0.6,
        0.233,
        0.9,
        1.042,
        1,
        1.067,
        1.492,
        1.233,
        2,
        1.4,
        2,
        0,
        1.667,
        0.995,
        0,
        1.933,
        2,
        0,
        2.167,
        1.016,
        0,
        2.4,
        1.989,
        0,
        2.733,
        0,
        2,
        3.4,
        0,
        2,
        4.433,
        0,
        2,
        6.167,
        0
      ]
    },
    {
      "Target": "Parameter",
      "Id": "PARAM_HEI",
      "Segments": [
        0,
        -1,
        1,
        0.3,
        -1,
        0.6,
        -0.97,
        0.9,
        -0.869,
        1,
        1.056,
        -0.818,
        1.211,
        -0.76,
        1.367,
        -0.76,
        0,
        2.333,
        -0.765,
        1,
        2.466,
        -0.765,
        2.6,
        -0.763,
        2.733,
        -0.69,
        1,
        2.8,
        -0.653,
        2.866,
        -0.033,
        2.933,
        -0.033,
        2,
        3.333,
        -0.033,
        2,
        3.967,
        -0.033,
        1,
        4.122,
        -0.033,
        4.278,
        -0.033,
        4.433,
        -0.056,
        1,
        4.533,
        -0.07,
        4.633,
        -0.139,
        4.733,
        -0.219,
        1,
        5,
        -0.432,
        5.266,
        -0.981,
        5.533,
        -0.994,
        1,
        5.744,
        -1.003,
        5.956,
        -1,
        6.167,
        -1
      ]
    },
    {
      "Target": "Parameter",
      "Id": "PARAM_FAT",
      "Segments": [
        0,
        0,
        1,
        0.3,
        0,
        0.6,
        -0.007,
        0.9,
        0.099,
        1,
        1.367,
        0.263,
        1.833,
        0.5,
        2.3,
        0.5,
        1,
        3.011,
        0.5,
        3.722,
        0.38,
        4.433,
        0.198,
        1,
        5.011,
        0.05,
        5.589,
        0,
        6.167,
        0
      ]
    },
    {
      "Target": "Parameter",
      "Id": "PARAM_YINYING",
      "Segments": [
        0,
        0,
        2,
        0.9,
        0,
        2,
        1.267,
        0,
        0,
        1.5,
        1,
        0,
        3.567,
        0,
        2,
        4.433,
        0,
        2,
        6.167,
        0
      ]
    },
    {
      "Target": "Parameter",
      "Id": "PARAM_ZHAMAO",
      "Segments": [
        0,
        0,
        2,
        0.533,
        0,
        2,
        0.9,
        0,
        2,
        1.267,
        0,
        0,
        1.5,
        1,
        2,
        3.2,
        1,
        1,
        3.611,
        1,
        4.022,
        0.649,
        4.433,
        0.305,
        1,
        4.755,
        0.035,
        5.078,
        0,
        5.4,
        0,
        2,
        6.167,
        0
      ]
    },
    {
      "Target": "PartOpacity",
      "Id": "PARTS_GUDIAN",
      "Segments": [
        0,
        1,
        2,
        6.17,
        1
      ]
    },
    {
      "Target": "PartOpacity",
      "Id": "PARTS_01_ARM_L_01",
      "Segments": [
        0,
        1,
        2,
        6.17,
        1
      ]
    },
    {
      "Target": "PartOpacity",
      "Id": "PARTS_01_ARM_R_01",
      "Segments": [
        0,
        1,
        2,
        6.17,
        1
      ]
    },
    {
      "Target": "PartOpacity",
      "Id": "PARTS_01_BODY",
      "Segments": [
        0,
        1,
        2,
        0.9,
        1,
        2,
        4.43,
        1,
        2,
        6.17,
        1
      ]
    },
    {
      "Target": "PartOpacity",
      "Id": "PARTS_01_NECK",
      "Segments": [
        0,
        1,
        2,
        0.9,
        1,
        2,
        4.43,
        1,
        2,
        6.17,
        1
      ]
    },
    {
      "Target": "PartOpacity",
      "Id": "PARTS_01_HAIR_BACK_001",
      "Segments": [
        0,
        1,
        2,
        0.9,
        1,
        2,
        4.43,
        1,
        2,
        6.17,
        1
      ]
    },
    {
      "Target": "PartOpacity",
      "Id": "PARTS_01_HAIR_SIDE_001",
      "Segments": [
        0,
        1,
        2,
        0.9,
        1,
        2,
        4.43,
        1,
        2,
        6.17,
        1
      ]
    },
    {
      "Target": "PartOpacity",
      "Id": "PARTS_01_HAIR_FRONT_001",
      "Segments": [
        0,
        1,
        2,
        0.9,
        1,
        2,
        4.43,
        1,
        2,
        6.17,
        1
      ]
    },
    {
      "Target": "PartOpacity",
      "Id": "PARTS_01_EAR_001",
      "Segments": [
        0,
        1,
        2,
        0.9,
        1,
        2,
        4.43,
        1,
        2,
        6.17,
        1
      ]
    },
    {
      "Target": "PartOpacity",
      "Id": "PARTS_01_NOSE_001",
      "Segments": [
        0,
        1,
        2,
        0.9,
        1,
        2,
        4.43,
        1,
        2,
        6.17,
        1
      ]
    },
    {
      "Target": "PartOpacity",
      "Id": "PARTS_01_MOUTH_001",
      "Segments": [
        0,
        1,
        2,
        0.9,
        1,
        2,
        4.43,
        1,
        2,
        6.17,
        1
      ]
    },
    {
      "Target": "PartOpacity",
      "Id": "PARTS_01_BROW_001",
      "Segments": [
        0,
        1,
        2,
        0.9,
        1,
        2,
        4.43,
        1,
        2,
        6.17,
        1
      ]
    },
    {
      "Target": "PartOpacity",
      "Id": "PARTS_01_EYE_BALL_001",
      "Segments": [
        0,
        1,
        2,
        0.9,
        1,
        2,
        4.43,
        1,
        2,
        6.17,
        1
      ]
    },
    {
      "Target": "PartOpacity",
      "Id": "PARTS_01_EYE_001",
      "Segments": [
        0,
        1,
        2,
        0.9,
        1,
        2,
        4.43,
        1,
        2,
        6.17,
        1
      ]
    },
    {
      "Target": "PartOpacity",
      "Id": "PARTS_01_FACE_001",
      "Segments": [
        0,
        1,
        2,
        0.9,
        1,
        2,
        4.43,
        1,
        2,
        6.17,
        1
      ]
    },
    {
      "Target": "PartOpacity",
      "Id": "ROUGH",
      "Segments": [
        0,
        1,
        2,
        0.9,
        1,
        2,
        4.43,
        1,
        2,
        6.17,
        1
      ]
    },
    {
      "Target": "Model",
      "Id": "Opacity",
      "Segments": [
        0,
        1,
        0,
        6.17,
        1
      ]
    },
    {
      "Target": "Parameter",
      "Id": "PARAM_UPPER_BODY",
      "Segments": [
        0,
        0,
        0,
        6.17,
        0
      ]
    },
    {
      "Target": "Parameter",
      "Id": "PARAM_LEFT_ARM_TAI",
      "Segments": [
        0,
        0,
        0,
        6.17,
        0
      ]
    },
    {
      "Target": "Parameter",
      "Id": "PARAM_ARM_L_TOUSHI2",
      "Segments": [
        0,
        0,
        0,
        6.17,
        0
      ]
    },
    {
      "Target": "Parameter",
      "Id": "PARAM_TANGDIE",
      "Segments": [
        0,
        0,
        0,
        6.17,
        0
      ]
    },
    {
      "Target": "Parameter",
      "Id": "PARAM_RIGHT_ARM_TAI",
      "Segments": [
        0,
        0.5,
        0,
        6.17,
        0.5
      ]
    },
    {
      "Target": "Parameter",
      "Id": "PARAM_ARM_R_TOUSHI2",
      "Segments": [
        0,
        0,
        0,
        6.17,
        0
      ]
    },
    {
      "Target": "Parameter",
      "Id": "PARAM_TOUSHI_R",
      "Segments": [
        0,
        0.285,
        0,
        6.17,
        0.285
      ]
    },
    {
      "Target": "Parameter",
      "Id": "PARAM_HAND_R_LEVEL",
      "Segments": [
        0,
        1,
        0,
        6.17,
        1
      ]
    },
    {
      "Target": "Parameter",
      "Id": "PARAM_YIFU",
      "Segments": [
        0,
        0,
        0,
        6.17,
        0
      ]
    },
    {
      "Target": "Parameter",
      "Id": "PARAM_CHICKEN",
      "Segments": [
        0,
        0,
        0,
        6.17,
        0
      ]
    },
    {
      "Target": "Parameter",
      "Id": "PARAM_CHICKEN_MOVE",
      "Segments": [
        0,
        0,
        0,
        6.17,
        0
      ]
    },
    {
      "Target": "Parameter",
      "Id": "PARAM_BANSHOU",
      "Segments": [
        0,
        0,
        0,
        6.17,
        0
      ]
    },
    {
      "Target": "Parameter",
      "Id": "PARAM_BANSHOU_MOVE",
      "Segments": [
        0,
        0,
        0,
        6.17,
        0
      ]
    },
    {
      "Target": "Parameter",
      "Id": "PARAM_BANSHOU_MOVE_01",
      "Segments": [
        0,
        0,
        0,
        6.17,
        0
      ]
    },
    {
      "Target": "Parameter",
      "Id": "PARAM_SHAOZI",
      "Segments": [
        0,
        0,
        0,
        6.17,
        0
      ]
    },
    {
      "Target": "Parameter",
      "Id": "PARAM_SHAOZI_MOVE",
      "Segments": [
        0,
        0,
        0,
        6.17,
        0
      ]
    },
    {
      "Target": "Parameter",
      "Id": "PARAM_SHAOZI_MOVE_01",
      "Segments": [
        0,
        0,
        0,
        6.17,
        0
      ]
    },
    {
      "Target": "Parameter",
      "Id": "PARAM_SOUP",
      "Segments": [
        0,
        0,
        0,
        6.17,
        0
      ]
    },
    {
      "Target": "Parameter",
      "Id": "PARAM_JITA_CHUXIAN",
      "Segments": [
        0,
        0,
        0,
        6.17,
        0
      ]
    },
    {
      "Target": "Parameter",
      "Id": "PARAM_JITA_LEVEL",
      "Segments": [
        0,
        0,
        0,
        6.17,
        0
      ]
    },
    {
      "Target": "Parameter",
      "Id": "PARAM_JITA_MOVE_X",
      "Segments": [
        0,
        0,
        0,
        6.17,
        0
      ]
    },
    {
      "Target": "Parameter",
      "Id": "PARAM_JITA_MOVE_Y",
      "Segments": [
        0,
        0,
        0,
        6.17,
        0
      ]
    },
    {
      "Target": "Parameter",
      "Id": "PARAM_JITA_Z",
      "Segments": [
        0,
        0,
        0,
        6.17,
        0
      ]
    },
    {
      "Target": "Parameter",
      "Id": "PARAM_JITA_X",
      "Segments": [
        0,
        0,
        0,
        6.17,
        0
      ]
    },
    {
      "Target": "Parameter",
      "Id": "PARAM_JITA_Y",
      "Segments": [
        0,
        0,
        0,
        6.17,
        0
      ]
    },
    {
      "Target": "Parameter",
      "Id": "PARAM_JINADAI_X",
      "Segments": [
        0,
        0,
        0,
        6.17,
        0
      ]
    },
    {
      "Target": "Parameter",
      "Id": "PARAM_JIANDAI_Y",
      "Segments": [
        0,
        0,
        0,
        6.17,
        0
      ]
    },
    {
      "Target": "Parameter",
      "Id": "PARAM_JIANDAI_BACK_X",
      "Segments": [
        0,
        0,
        0,
        6.17,
        0
      ]
    },
    {
      "Target": "Parameter",
      "Id": "PARAM_JIANDAI_BACK_Y",
      "Segments": [
        0,
        0,
        0,
        6.17,
        0
      ]
    },
    {
      "Target": "Parameter",
      "Id": "PARAM_EYE_BALL_FORM",
      "Segments": [
        0,
        0,
        0,
        6.17,
        0
      ]
    },
    {
      "Target": "Parameter",
      "Id": "PARAM_EYE_BALL_SAD",
      "Segments": [
        0,
        0,
        0,
        6.17,
        0
      ]
    },
    {
      "Target": "Parameter",
      "Id": "PARAM_EYE_BALL_KIRAKIRA",
      "Segments": [
        0,
        0,
        0,
        6.17,
        0
      ]
    },
    {
      "Target": "Parameter",
      "Id": "PARAM_EYE_kira_R1",
      "Segments": [
        0,
        1,
        0,
        6.17,
        1
      ]
    },
    {
      "Target": "Parameter",
      "Id": "PARAM_EYE_kira_L1",
      "Segments": [
        0,
        1,
        0,
        6.17,
        1
      ]
    },
    {
      "Target": "Parameter",
      "Id": "PARAM_EYE_DEFROM",
      "Segments": [
        0,
        0,
        0,
        6.17,
        0
      ]
    },
    {
      "Target": "Parameter",
      "Id": "PARAM_MOUTH_WIDTH",
      "Segments": [
        0,
        1,
        0,
        6.17,
        1
      ]
    },
    {
      "Target": "Parameter",
      "Id": "PARAM_MOUTH_X",
      "Segments": [
        0,
        0,
        0,
        6.17,
        0
      ]
    },
    {
      "Target": "Parameter",
      "Id": "PARAM_MOUTH_Y",
      "Segments": [
        0,
        0,
        0,
        6.17,
        0
      ]
    },
    {
      "Target": "Parameter",
      "Id": "PARAM_TERE2",
      "Segments": [
        0,
        0,
        0,
        6.17,
        0
      ]
    },
    {
      "Target": "Parameter",
      "Id": "PARAM_WATER",
      "Segments": [
        0,
        0,
        0,
        6.17,
        0
      ]
    },
    {
      "Target": "Parameter",
      "Id": "PARAM_HAN",
      "Segments": [
        0,
        0,
        0,
        6.17,
        0
      ]
    },
    {
      "Target": "Parameter",
      "Id": "PARAM_LIANHEIXIAN",
      "Segments": [
        0,
        0,
        0,
        6.17,
        0
      ]
    },
    {
      "Target": "Parameter",
      "Id": "PARAM_HEIXIAN",
      "Segments": [
        0,
        0,
        0,
        6.17,
        0
      ]
    },
    {
      "Target": "Parameter",
      "Id": "PARAM_TANQI",
      "Segments": [
        0,
        0,
        0,
        6.17,
        0
      ]
    },
    {
      "Target": "Parameter",
      "Id": "PARAM_RU_X",
      "Segments": [
        0,
        0,
        0,
        6.17,
        0
      ]
    },
    {
      "Target": "Parameter",
      "Id": "PARAM_RU_Y",
      "Segments": [
        0,
        0,
        0,
        6.17,
        0
      ]
    },
    {
      "Target": "Parameter",
      "Id": "PARAM_BREATH",
      "Segments": [
        0,
        0,
        0,
        6.17,
        0
      ]
    },
    {
      "Target": "Parameter",
      "Id": "PARAM_HAIR_FRONT",
      "Segments": [
        0,
        0,
        0,
        6.17,
        0
      ]
    },
    {
      "Target": "Parameter",
      "Id": "PARAM_HAIR_FROUT_2",
      "Segments": [
        0,
        0,
        0,
        6.17,
        0
      ]
    },
    {
      "Target": "Parameter",
      "Id": "PARAM_HAIR_FROUT_WAVE",
      "Segments": [
        0,
        0,
        0,
        6.17,
        0
      ]
    },
    {
      "Target": "Parameter",
      "Id": "PARAM_HAIR_SIDE_R",
      "Segments": [
        0,
        0,
        0,
        6.17,
        0
      ]
    },
    {
      "Target": "Parameter",
      "Id": "PARAM_HAIR_SIDE_R2",
      "Segments": [
        0,
        0,
        0,
        6.17,
        0
      ]
    },
    {
      "Target": "Parameter",
      "Id": "PARAM_HAIR_SIDE_WAVE",
      "Segments": [
        0,
        0,
        0,
        6.17,
        0
      ]
    },
    {
      "Target": "Parameter",
      "Id": "PARAM_HAIR_SIDE_R3",
      "Segments": [
        0,
        0,
        0,
        6.17,
        0
      ]
    },
    {
      "Target": "Parameter",
      "Id": "PARAM_HAIR_SIDE_L",
      "Segments": [
        0,
        0,
        0,
        6.17,
        0
      ]
    },
    {
      "Target": "Parameter",
      "Id": "PARAM_HAIR_SIDE_L3",
      "Segments": [
        0,
        0,
        0,
        6.17,
        0
      ]
    },
    {
      "Target": "Parameter",
      "Id": "PARAM_HAIR_BACK_WAVE",
      "Segments": [
        0,
        0,
        0,
        6.17,
        0
      ]
    },
    {
      "Target": "Parameter",
      "Id": "PARAM_XIANQUNZI_1",
      "Segments": [
        0,
        0,
        0,
        6.17,
        0
      ]
    },
    {
      "Target": "Parameter",
      "Id": "PARAM_XIANQUNZI_2",
      "Segments": [
        0,
        0,
        0,
        6.17,
        0
      ]
    },
    {
      "Target": "Parameter",
      "Id": "PARAM_YICENGQUN_YIDUAN_SHAKE",
      "Segments": [
        0,
        0,
        0,
        6.17,
        0
      ]
    },
    {
      "Target": "Parameter",
      "Id": "PARAM_PARAM_YICENGQUN_ERDUAN_SHAKE",
      "Segments": [
        0,
        0,
        0,
        6.17,
        0
      ]
    },
    {
      "Target": "Parameter",
      "Id": "PARAM_YICENGSHA_1DUAN_SHAKE",
      "Segments": [
        0,
        0,
        0,
        6.17,
        0
      ]
    },
    {
      "Target": "Parameter",
      "Id": "PARAM_YICESHA_2DUAN_SHAKE",
      "Segments": [
        0,
        0,
        0,
        6.17,
        0
      ]
    },
    {
      "Target": "Parameter",
      "Id": "PARAM_ERCENGSHA_1DUAN_SHAKE",
      "Segments": [
        0,
        0,
        0,
        6.17,
        0
      ]
    },
    {
      "Target": "Parameter",
      "Id": "PARAM_ERCENGSAHA_2DUAN_SHAKE",
      "Segments": [
        0,
        0,
        0,
        6.17,
        0
      ]
    }
  ],
  "UserData": []
}