{
  "Version": 3,
  "Meta": {
    "Duration": 2.0,
    "Fps": 30.0,
    "Loop": true,
    "AreBeziersRestricted": true,
    "CurveCount": 131,
    "TotalSegmentCount": 168,
    "TotalPointCount": 230,
    "UserDataCount": 0,
    "TotalUserDataSize": 0
  },
  "Curves": [
    {
      "Target": "Parameter",
      "Id": "PARAM_ANGLE_Y",
      "Segments": [
        0,
        -8,
        1,
        0.167,
        -12.077,
        0.333,
        -13,
        0.5,
        -13,
        1,
        0.667,
        -13,
        0.833,
        -12.077,
        1,
        -8,
        1,
        1.167,
        -3.923,
        1.333,
        0,
        1.5,
        0,
        1,
        1.667,
        0,
        1.833,
        -3.923,
        2,
        -8
      ]
    },
    {
      "Target": "Parameter",
      "Id": "PARAM_ANGLE_Z",
      "Segments": [
        0,
        -8,
        1,
        0.167,
        -13.333,
        0.333,
        -16,
        0.5,
        -16,
        1,
        0.667,
        -16,
        0.833,
        -13.333,
        1,
        -8,
        1,
        1.167,
        -2.667,
        1.333,
        0,
        1.5,
        0,
        1,
        1.667,
        0,
        1.833,
        -2.667,
        2,
        -8
      ]
    },
    {
      "Target": "Parameter",
      "Id": "PARAM_BODY_ANGLE_X",
      "Segments": [
        0,
        -0.047,
        1,
        0.167,
        1.386,
        0.333,
        2.339,
        0.5,
        2.339,
        1,
        0.667,
        2.339,
        0.833,
        1.438,
        1,
        0,
        1,
        1.167,
        -1.438,
        1.333,
        -2.003,
        1.5,
        -2.003,
        1,
        1.667,
        -2.003,
        1.833,
        -1.479,
        2,
        -0.047
      ]
    },
    {
      "Target": "Parameter",
      "Id": "PARAM_BODY_ANGLE_Y",
      "Segments": [
        0,
        0,
        0,
        1,
        10,
        0,
        2,
        0
      ]
    },
    {
      "Target": "Parameter",
      "Id": "PARAM_BODY_ANGLE_Z",
      "Segments": [
        0,
        0,
        1,
        0.167,
        0.652,
        0.333,
        0.903,
        0.5,
        0.903,
        1,
        0.667,
        0.903,
        0.833,
        0.652,
        1,
        0,
        1,
        1.167,
        -0.652,
        1.333,
        -1.068,
        1.5,
        -1.068,
        1,
        1.667,
        -1.068,
        1.833,
        -0.652,
        2,
        0
      ]
    },
    {
      "Target": "Parameter",
      "Id": "PARAM_UPPER_BODY",
      "Segments": [
        0,
        0,
        1,
        0.167,
        -0.531,
        0.333,
        -0.64,
        0.5,
        -0.64,
        1,
        0.667,
        -0.64,
        0.833,
        -0.179,
        1,
        0.367,
        1,
        1.167,
        0.913,
        1.333,
        1.057,
        1.5,
        1.057,
        1,
        1.667,
        1.057,
        1.833,
        0.531,
        2,
        0
      ]
    },
    {
      "Target": "Parameter",
      "Id": "PARAM_LEFT_ARM",
      "Segments": [
        0,
        0.349,
        0,
        1,
        0.492,
        0,
        2,
        0.349
      ]
    },
    {
      "Target": "Parameter",
      "Id": "PARAM_ARM_L",
      "Segments": [
        0,
        -1,
        0,
        1,
        -0.906,
        0,
        2,
        -1
      ]
    },
    {
      "Target": "Parameter",
      "Id": "PARAM_ARM_L_02",
      "Segments": [
        0,
        1,
        0,
        0.567,
        0.738,
        1,
        0.867,
        0.738,
        1.167,
        0.801,
        1.467,
        0.91,
        1,
        1.645,
        0.975,
        1.822,
        1,
        2,
        1
      ]
    },
    {
      "Target": "Parameter",
      "Id": "PARAM_RIGHT_ARM",
      "Segments": [
        0,
        0,
        0,
        1,
        0.007,
        0,
        1.933,
        0,
        2,
        2,
        0
      ]
    },
    {
      "Target": "Parameter",
      "Id": "PARAM_ARM_R",
      "Segments": [
        0,
        2.151,
        1,
        0.167,
        2.232,
        0.333,
        2.238,
        0.5,
        2.238,
        1,
        0.667,
        2.238,
        0.833,
        2.199,
        1,
        2.154,
        1,
        1.167,
        2.108,
        1.333,
        2.096,
        1.5,
        2.096,
        0,
        2,
        2.151
      ]
    },
    {
      "Target": "Parameter",
      "Id": "PARAM_ARM_R_02",
      "Segments": [
        0,
        -1,
        0,
        0.5,
        -0.94,
        0,
        1,
        -1,
        2,
        1.5,
        -1,
        2,
        2,
        -1
      ]
    },
    {
      "Target": "Parameter",
      "Id": "PARAM_HAND_R_02",
      "Segments": [
        0,
        0,
        0,
        1,
        0.51,
        0,
        2,
        0
      ]
    },
    {
      "Target": "Parameter",
      "Id": "PARAM_BROW_L_Y",
      "Segments": [
        0,
        -0.4,
        1,
        0.178,
        -0.4,
        0.355,
        -0.423,
        0.533,
        -0.455,
        1,
        0.6,
        -0.467,
        0.666,
        -0.473,
        0.733,
        -0.482,
        1,
        0.822,
        -0.494,
        0.911,
        -0.5,
        1,
        -0.5,
        0,
        2,
        -0.4
      ]
    },
    {
      "Target": "Parameter",
      "Id": "PARAM_BROW_R_Y",
      "Segments": [
        0,
        -0.4,
        1,
        0.178,
        -0.4,
        0.355,
        -0.423,
        0.533,
        -0.455,
        1,
        0.6,
        -0.467,
        0.666,
        -0.473,
        0.733,
        -0.482,
        1,
        0.822,
        -0.494,
        0.911,
        -0.5,
        1,
        -0.5,
        0,
        2,
        -0.4
      ]
    },
    {
      "Target": "Parameter",
      "Id": "PARAM_MOUTH_SIZE",
      "Segments": [
        0,
        0,
        0,
        1,
        -0.5,
        0,
        2,
        0
      ]
    },
    {
      "Target": "PartOpacity",
      "Id": "PARTS_01_BODY",
      "Segments": [
        0,
        1,
        2,
        2,
        1
      ]
    },
    {
      "Target": "PartOpacity",
      "Id": "PARTS_01_NECK",
      "Segments": [
        0,
        1,
        2,
        2,
        1
      ]
    },
    {
      "Target": "PartOpacity",
      "Id": "PARTS_01_HAIR_BACK_001",
      "Segments": [
        0,
        1,
        2,
        2,
        1
      ]
    },
    {
      "Target": "PartOpacity",
      "Id": "PARTS_01_HAIR_SIDE_001",
      "Segments": [
        0,
        1,
        2,
        2,
        1
      ]
    },
    {
      "Target": "PartOpacity",
      "Id": "PARTS_01_HAIR_FRONT_001",
      "Segments": [
        0,
        1,
        2,
        2,
        1
      ]
    },
    {
      "Target": "PartOpacity",
      "Id": "PARTS_01_EAR_001",
      "Segments": [
        0,
        1,
        2,
        2,
        1
      ]
    },
    {
      "Target": "PartOpacity",
      "Id": "PARTS_01_NOSE_001",
      "Segments": [
        0,
        1,
        2,
        2,
        1
      ]
    },
    {
      "Target": "PartOpacity",
      "Id": "PARTS_01_MOUTH_001",
      "Segments": [
        0,
        1,
        2,
        2,
        1
      ]
    },
    {
      "Target": "PartOpacity",
      "Id": "PARTS_01_BROW_001",
      "Segments": [
        0,
        1,
        2,
        2,
        1
      ]
    },
    {
      "Target": "PartOpacity",
      "Id": "PARTS_01_EYE_BALL_001",
      "Segments": [
        0,
        1,
        2,
        2,
        1
      ]
    },
    {
      "Target": "PartOpacity",
      "Id": "PARTS_01_EYE_001",
      "Segments": [
        0,
        1,
        2,
        2,
        1
      ]
    },
    {
      "Target": "PartOpacity",
      "Id": "PARTS_01_FACE_001",
      "Segments": [
        0,
        1,
        2,
        2,
        1
      ]
    },
    {
      "Target": "PartOpacity",
      "Id": "ROUGH",
      "Segments": [
        0,
        1,
        2,
        2,
        1
      ]
    },
    {
      "Target": "Model",
      "Id": "Opacity",
      "Segments": [
        0,
        1,
        0,
        2,
        1
      ]
    },
    {
      "Target": "Parameter",
      "Id": "PARAM_ANGLE_X",
      "Segments": [
        0,
        -4,
        0,
        2,
        -4
      ]
    },
    {
      "Target": "Parameter",
      "Id": "PARAM_LEFT_ARM_TAI",
      "Segments": [
        0,
        0,
        0,
        2,
        0
      ]
    },
    {
      "Target": "Parameter",
      "Id": "PARAM_ARM_L_TOUSHI2",
      "Segments": [
        0,
        0,
        0,
        2,
        0
      ]
    },
    {
      "Target": "Parameter",
      "Id": "PARAM_TOUSHI_L",
      "Segments": [
        0,
        0,
        0,
        2,
        0
      ]
    },
    {
      "Target": "Parameter",
      "Id": "PARAM_HAND_L",
      "Segments": [
        0,
        0,
        0,
        2,
        0
      ]
    },
    {
      "Target": "Parameter",
      "Id": "PARAM_HAND_L2",
      "Segments": [
        0,
        0,
        0,
        2,
        0
      ]
    },
    {
      "Target": "Parameter",
      "Id": "PARAM_HAND_L_02",
      "Segments": [
        0,
        0,
        0,
        2,
        0
      ]
    },
    {
      "Target": "Parameter",
      "Id": "PARAM_HAND_L_LEVEL",
      "Segments": [
        0,
        0,
        0,
        2,
        0
      ]
    },
    {
      "Target": "Parameter",
      "Id": "PARAM_TANGDIE",
      "Segments": [
        0,
        0,
        0,
        2,
        0
      ]
    },
    {
      "Target": "Parameter",
      "Id": "PARAM_RIGHT_ARM_TAI",
      "Segments": [
        0,
        0.5,
        0,
        2,
        0.5
      ]
    },
    {
      "Target": "Parameter",
      "Id": "PARAM_ARM_R_TOUSHI2",
      "Segments": [
        0,
        0,
        0,
        2,
        0
      ]
    },
    {
      "Target": "Parameter",
      "Id": "PARAM_TOUSHI_R",
      "Segments": [
        0,
        0.285,
        0,
        2,
        0.285
      ]
    },
    {
      "Target": "Parameter",
      "Id": "PARAM_HAND_R",
      "Segments": [
        0,
        0,
        0,
        2,
        0
      ]
    },
    {
      "Target": "Parameter",
      "Id": "PARAM_HAND_R2",
      "Segments": [
        0,
        0,
        0,
        2,
        0
      ]
    },
    {
      "Target": "Parameter",
      "Id": "PARAM_HAND_R_LEVEL",
      "Segments": [
        0,
        1,
        0,
        2,
        1
      ]
    },
    {
      "Target": "Parameter",
      "Id": "PARAM_YIFU",
      "Segments": [
        0,
        0,
        0,
        2,
        0
      ]
    },
    {
      "Target": "Parameter",
      "Id": "PARAM_CHICKEN",
      "Segments": [
        0,
        0,
        0,
        2,
        0
      ]
    },
    {
      "Target": "Parameter",
      "Id": "PARAM_CHICKEN_MOVE",
      "Segments": [
        0,
        0,
        0,
        2,
        0
      ]
    },
    {
      "Target": "Parameter",
      "Id": "PARAM_BANSHOU",
      "Segments": [
        0,
        0,
        0,
        2,
        0
      ]
    },
    {
      "Target": "Parameter",
      "Id": "PARAM_BANSHOU_MOVE",
      "Segments": [
        0,
        0,
        0,
        2,
        0
      ]
    },
    {
      "Target": "Parameter",
      "Id": "PARAM_BANSHOU_MOVE_01",
      "Segments": [
        0,
        0,
        0,
        2,
        0
      ]
    },
    {
      "Target": "Parameter",
      "Id": "PARAM_SHAOZI",
      "Segments": [
        0,
        0,
        0,
        2,
        0
      ]
    },
    {
      "Target": "Parameter",
      "Id": "PARAM_SHAOZI_MOVE",
      "Segments": [
        0,
        0,
        0,
        2,
        0
      ]
    },
    {
      "Target": "Parameter",
      "Id": "PARAM_SHAOZI_MOVE_01",
      "Segments": [
        0,
        0,
        0,
        2,
        0
      ]
    },
    {
      "Target": "Parameter",
      "Id": "PARAM_SOUP",
      "Segments": [
        0,
        0,
        0,
        2,
        0
      ]
    },
    {
      "Target": "Parameter",
      "Id": "PARAM_JITA_CHUXIAN",
      "Segments": [
        0,
        0,
        0,
        2,
        0
      ]
    },
    {
      "Target": "Parameter",
      "Id": "PARAM_JITA_LEVEL",
      "Segments": [
        0,
        0,
        0,
        2,
        0
      ]
    },
    {
      "Target": "Parameter",
      "Id": "PARAM_JITA_MOVE_X",
      "Segments": [
        0,
        0,
        0,
        2,
        0
      ]
    },
    {
      "Target": "Parameter",
      "Id": "PARAM_JITA_MOVE_Y",
      "Segments": [
        0,
        0,
        0,
        2,
        0
      ]
    },
    {
      "Target": "Parameter",
      "Id": "PARAM_JITA_Z",
      "Segments": [
        0,
        0,
        0,
        2,
        0
      ]
    },
    {
      "Target": "Parameter",
      "Id": "PARAM_JITA_X",
      "Segments": [
        0,
        0,
        0,
        2,
        0
      ]
    },
    {
      "Target": "Parameter",
      "Id": "PARAM_JITA_Y",
      "Segments": [
        0,
        0,
        0,
        2,
        0
      ]
    },
    {
      "Target": "Parameter",
      "Id": "PARAM_JINADAI_X",
      "Segments": [
        0,
        0,
        0,
        2,
        0
      ]
    },
    {
      "Target": "Parameter",
      "Id": "PARAM_JIANDAI_Y",
      "Segments": [
        0,
        0,
        0,
        2,
        0
      ]
    },
    {
      "Target": "Parameter",
      "Id": "PARAM_JIANDAI_BACK_X",
      "Segments": [
        0,
        0,
        0,
        2,
        0
      ]
    },
    {
      "Target": "Parameter",
      "Id": "PARAM_JIANDAI_BACK_Y",
      "Segments": [
        0,
        0,
        0,
        2,
        0
      ]
    },
    {
      "Target": "Parameter",
      "Id": "PARAM_EYE_L_OPEN",
      "Segments": [
        0,
        0.93,
        0,
        2,
        0.93
      ]
    },
    {
      "Target": "Parameter",
      "Id": "PARAM_EYE_L_FORM",
      "Segments": [
        0,
        1,
        0,
        2,
        1
      ]
    },
    {
      "Target": "Parameter",
      "Id": "PARAM_EYE_R_OPEN",
      "Segments": [
        0,
        0.935,
        0,
        2,
        0.935
      ]
    },
    {
      "Target": "Parameter",
      "Id": "PARAM_EYE_R_FORM",
      "Segments": [
        0,
        1,
        0,
        2,
        1
      ]
    },
    {
      "Target": "Parameter",
      "Id": "PARAM_EYE_BALL_X",
      "Segments": [
        0,
        0.31,
        0,
        2,
        0.31
      ]
    },
    {
      "Target": "Parameter",
      "Id": "PARAM_EYE_BALL_Y",
      "Segments": [
        0,
        -0.08,
        0,
        2,
        -0.08
      ]
    },
    {
      "Target": "Parameter",
      "Id": "PARAM_EYE_BALL_FORM",
      "Segments": [
        0,
        0,
        0,
        2,
        0
      ]
    },
    {
      "Target": "Parameter",
      "Id": "PARAM_EYE_BALL_SAD",
      "Segments": [
        0,
        0,
        0,
        2,
        0
      ]
    },
    {
      "Target": "Parameter",
      "Id": "PARAM_EYE_BALL_BAIYAN",
      "Segments": [
        0,
        1,
        0,
        2,
        1
      ]
    },
    {
      "Target": "Parameter",
      "Id": "PARAM_EYE_BALL_KIRAKIRA",
      "Segments": [
        0,
        0,
        0,
        2,
        0
      ]
    },
    {
      "Target": "Parameter",
      "Id": "PARAM_EYE_kira_R1",
      "Segments": [
        0,
        1,
        0,
        2,
        1
      ]
    },
    {
      "Target": "Parameter",
      "Id": "PARAM_EYE_kira_R2",
      "Segments": [
        0,
        0.5,
        0,
        2,
        0.5
      ]
    },
    {
      "Target": "Parameter",
      "Id": "PARAM_EYE_kira_L1",
      "Segments": [
        0,
        1,
        0,
        2,
        1
      ]
    },
    {
      "Target": "Parameter",
      "Id": "PARAM_EYE_kira_L2",
      "Segments": [
        0,
        0.5,
        0,
        2,
        0.5
      ]
    },
    {
      "Target": "Parameter",
      "Id": "PARAM_EYE_TI1",
      "Segments": [
        0,
        0,
        0,
        2,
        0
      ]
    },
    {
      "Target": "Parameter",
      "Id": "PARAM_EYE_TI2",
      "Segments": [
        0,
        0,
        0,
        2,
        0
      ]
    },
    {
      "Target": "Parameter",
      "Id": "PARAM_EYE_SPECIAL",
      "Segments": [
        0,
        0,
        0,
        2,
        0
      ]
    },
    {
      "Target": "Parameter",
      "Id": "PARAM_EYE_DEFROM",
      "Segments": [
        0,
        0,
        0,
        2,
        0
      ]
    },
    {
      "Target": "Parameter",
      "Id": "PARAM_BROW_L_X",
      "Segments": [
        0,
        0,
        0,
        2,
        0
      ]
    },
    {
      "Target": "Parameter",
      "Id": "PARAM_BROW_R_X",
      "Segments": [
        0,
        0,
        0,
        2,
        0
      ]
    },
    {
      "Target": "Parameter",
      "Id": "PARAM_BROW_L_ANGLE",
      "Segments": [
        0,
        -0.6,
        0,
        2,
        -0.6
      ]
    },
    {
      "Target": "Parameter",
      "Id": "PARAM_BROW_R_ANGLE",
      "Segments": [
        0,
        -0.6,
        0,
        2,
        -0.6
      ]
    },
    {
      "Target": "Parameter",
      "Id": "PARAM_BROW_L_FORM",
      "Segments": [
        0,
        -0.3,
        0,
        2,
        -0.3
      ]
    },
    {
      "Target": "Parameter",
      "Id": "PARAM_BROW_R_FORM",
      "Segments": [
        0,
        -0.3,
        0,
        2,
        -0.3
      ]
    },
    {
      "Target": "Parameter",
      "Id": "PARAM_MOUTH_OPEN",
      "Segments": [
        0,
        0.7,
        0,
        2,
        0.7
      ]
    },
    {
      "Target": "Parameter",
      "Id": "PARAM_MOUTH_FORM",
      "Segments": [
        0,
        0.6,
        0,
        2,
        0.6
      ]
    },
    {
      "Target": "Parameter",
      "Id": "PARAM_MOUTH_SPECIAL",
      "Segments": [
        0,
        0,
        0,
        2,
        0
      ]
    },
    {
      "Target": "Parameter",
      "Id": "PARAM_MOUTH_WIDTH",
      "Segments": [
        0,
        1,
        0,
        2,
        1
      ]
    },
    {
      "Target": "Parameter",
      "Id": "PARAM_MOUTH_DEFORM_SPECIAL",
      "Segments": [
        0,
        0,
        0,
        2,
        0
      ]
    },
    {
      "Target": "Parameter",
      "Id": "PARAM_MOUTH_X",
      "Segments": [
        0,
        0,
        0,
        2,
        0
      ]
    },
    {
      "Target": "Parameter",
      "Id": "PARAM_MOUTH_Y",
      "Segments": [
        0,
        0,
        0,
        2,
        0
      ]
    },
    {
      "Target": "Parameter",
      "Id": "PARAM_SHY",
      "Segments": [
        0,
        0,
        0,
        2,
        0
      ]
    },
    {
      "Target": "Parameter",
      "Id": "PARAM_TERE",
      "Segments": [
        0,
        0.1,
        0,
        2,
        0.1
      ]
    },
    {
      "Target": "Parameter",
      "Id": "PARAM_TERE2",
      "Segments": [
        0,
        0,
        0,
        2,
        0
      ]
    },
    {
      "Target": "Parameter",
      "Id": "PARAM_WATER",
      "Segments": [
        0,
        0,
        0,
        2,
        0
      ]
    },
    {
      "Target": "Parameter",
      "Id": "PARAM_HAN",
      "Segments": [
        0,
        0,
        0,
        2,
        0
      ]
    },
    {
      "Target": "Parameter",
      "Id": "PARAM_ANGRY",
      "Segments": [
        0,
        0,
        0,
        2,
        0
      ]
    },
    {
      "Target": "Parameter",
      "Id": "PARAM_HEI",
      "Segments": [
        0,
        -0.4,
        0,
        2,
        -0.4
      ]
    },
    {
      "Target": "Parameter",
      "Id": "PARAM_LIANHEIXIAN",
      "Segments": [
        0,
        0,
        0,
        2,
        0
      ]
    },
    {
      "Target": "Parameter",
      "Id": "PARAM_FAT",
      "Segments": [
        0,
        0,
        0,
        2,
        0
      ]
    },
    {
      "Target": "Parameter",
      "Id": "PARAM_HEIXIAN",
      "Segments": [
        0,
        0,
        0,
        2,
        0
      ]
    },
    {
      "Target": "Parameter",
      "Id": "PARAM_YINYING",
      "Segments": [
        0,
        0,
        0,
        2,
        0
      ]
    },
    {
      "Target": "Parameter",
      "Id": "PARAM_TANQI",
      "Segments": [
        0,
        0,
        0,
        2,
        0
      ]
    },
    {
      "Target": "Parameter",
      "Id": "PARAM_ZHAMAO",
      "Segments": [
        0,
        1,
        0,
        2,
        1
      ]
    },
    {
      "Target": "Parameter",
      "Id": "PARAM_RU_X",
      "Segments": [
        0,
        0,
        0,
        2,
        0
      ]
    },
    {
      "Target": "Parameter",
      "Id": "PARAM_RU_Y",
      "Segments": [
        0,
        0,
        0,
        2,
        0
      ]
    },
    {
      "Target": "Parameter",
      "Id": "PARAM_BREATH",
      "Segments": [
        0,
        0,
        0,
        2,
        0
      ]
    },
    {
      "Target": "Parameter",
      "Id": "PARAM_HAIR_FRONT",
      "Segments": [
        0,
        0,
        0,
        2,
        0
      ]
    },
    {
      "Target": "Parameter",
      "Id": "PARAM_HAIR_FROUT_2",
      "Segments": [
        0,
        0,
        0,
        2,
        0
      ]
    },
    {
      "Target": "Parameter",
      "Id": "PARAM_HAIR_FROUT_WAVE",
      "Segments": [
        0,
        0,
        0,
        2,
        0
      ]
    },
    {
      "Target": "Parameter",
      "Id": "PARAM_HAIR_SIDE_R",
      "Segments": [
        0,
        0,
        0,
        2,
        0
      ]
    },
    {
      "Target": "Parameter",
      "Id": "PARAM_HAIR_SIDE_R2",
      "Segments": [
        0,
        0,
        0,
        2,
        0
      ]
    },
    {
      "Target": "Parameter",
      "Id": "PARAM_HAIR_SIDE_WAVE",
      "Segments": [
        0,
        0,
        0,
        2,
        0
      ]
    },
    {
      "Target": "Parameter",
      "Id": "PARAM_HAIR_SIDE_R3",
      "Segments": [
        0,
        0,
        0,
        2,
        0
      ]
    },
    {
      "Target": "Parameter",
      "Id": "PARAM_HAIR_SIDE_L",
      "Segments": [
        0,
        0,
        0,
        2,
        0
      ]
    },
    {
      "Target": "Parameter",
      "Id": "PARAM_HAIR_SIDE_L3",
      "Segments": [
        0,
        0,
        0,
        2,
        0
      ]
    },
    {
      "Target": "Parameter",
      "Id": "PARAM_HAIR_BACK_WAVE",
      "Segments": [
        0,
        0,
        0,
        2,
        0
      ]
    },
    {
      "Target": "Parameter",
      "Id": "PARAM_XIANQUNZI_1",
      "Segments": [
        0,
        0,
        0,
        2,
        0
      ]
    },
    {
      "Target": "Parameter",
      "Id": "PARAM_XIANQUNZI_2",
      "Segments": [
        0,
        0,
        0,
        2,
        0
      ]
    },
    {
      "Target": "Parameter",
      "Id": "PARAM_YICENGQUN_YIDUAN_SHAKE",
      "Segments": [
        0,
        0,
        0,
        2,
        0
      ]
    },
    {
      "Target": "Parameter",
      "Id": "PARAM_PARAM_YICENGQUN_ERDUAN_SHAKE",
      "Segments": [
        0,
        0,
        0,
        2,
        0
      ]
    },
    {
      "Target": "Parameter",
      "Id": "PARAM_YICENGSHA_1DUAN_SHAKE",
      "Segments": [
        0,
        0,
        0,
        2,
        0
      ]
    },
    {
      "Target": "Parameter",
      "Id": "PARAM_YICESHA_2DUAN_SHAKE",
      "Segments": [
        0,
        0,
        0,
        2,
        0
      ]
    },
    {
      "Target": "Parameter",
      "Id": "PARAM_ERCENGSHA_1DUAN_SHAKE",
      "Segments": [
        0,
        0,
        0,
        2,
        0
      ]
    },
    {
      "Target": "Parameter",
      "Id": "PARAM_ERCENGSAHA_2DUAN_SHAKE",
      "Segments": [
        0,
        0,
        0,
        2,
        0
      ]
    }
  ],
  "UserData": []
}