{
  "Version": 3,
  "Meta": {
    "Duration": 3.83,
    "Fps": 30.0,
    "Loop": true,
    "AreBeziersRestricted": true,
    "CurveCount": 134,
    "TotalSegmentCount": 410,
    "TotalPointCount": 470,
    "UserDataCount": 0,
    "TotalUserDataSize": 0
  },
  "Curves": [
    {
      "Target": "Parameter",
      "Id": "PARAM_ANGLE_X",
      "Segments": [
        0,
        -4,
        0,
        0.4,
        0,
        2,
        1,
        0,
        0,
        1.5,
        -60,
        2,
        1.833,
        -60,
        0,
        2.167,
        -54.87,
        2,
        2.333,
        -54.87,
        0,
        2.667,
        -60,
        2,
        3.167,
        -60,
        0,
        3.833,
        -4
      ]
    },
    {
      "Target": "Parameter",
      "Id": "PARAM_ANGLE_Y",
      "Segments": [
        0,
        -8,
        0,
        0.167,
        -13,
        0,
        0.4,
        0,
        2,
        1,
        0,
        0,
        1.5,
        -30,
        2,
        1.833,
        -30,
        0,
        2.167,
        -23.94,
        2,
        2.333,
        -23.94,
        0,
        2.667,
        -30,
        2,
        3.167,
        -30,
        2,
        3.5,
        -30,
        0,
        3.833,
        -8
      ]
    },
    {
      "Target": "Parameter",
      "Id": "PARAM_ANGLE_Z",
      "Segments": [
        0,
        -8,
        0,
        0.167,
        -13,
        0,
        0.5,
        21,
        2,
        1,
        21,
        0,
        1.5,
        -18,
        2,
        1.833,
        -18,
        2,
        2.167,
        -18,
        2,
        2.333,
        -18,
        2,
        2.667,
        -18,
        2,
        3.167,
        -18,
        0,
        3.833,
        -8
      ]
    },
    {
      "Target": "Parameter",
      "Id": "PARAM_BODY_ANGLE_X",
      "Segments": [
        0,
        -0.047,
        1,
        0.133,
        -0.047,
        0.267,
        1.166,
        0.4,
        2,
        1,
        0.544,
        2.903,
        0.689,
        3,
        0.833,
        3,
        1,
        1,
        3,
        1.166,
        -1.998,
        1.333,
        -4.02,
        1,
        1.5,
        -6.042,
        1.666,
        -6,
        1.833,
        -6,
        0,
        2.167,
        -4.98,
        2,
        2.333,
        -4.98,
        1,
        2.444,
        -4.98,
        2.556,
        -5.35,
        2.667,
        -6,
        1,
        2.834,
        -6.975,
        3,
        -7.42,
        3.167,
        -7.42,
        0,
        3.833,
        -0.047
      ]
    },
    {
      "Target": "Parameter",
      "Id": "PARAM_BODY_ANGLE_Y",
      "Segments": [
        0,
        0,
        0,
        0.2,
        4,
        0,
        0.4,
        0,
        2,
        0.833,
        0,
        0,
        1.333,
        -3,
        0,
        1.833,
        0,
        2,
        2.167,
        0,
        0,
        2.667,
        -1.023,
        1,
        2.834,
        -1.023,
        3,
        -1.027,
        3.167,
        0,
        1,
        3.278,
        0.685,
        3.389,
        5,
        3.5,
        5,
        0,
        3.833,
        0
      ]
    },
    {
      "Target": "Parameter",
      "Id": "PARAM_BODY_ANGLE_Z",
      "Segments": [
        0,
        0,
        1,
        0.133,
        0,
        0.267,
        4.004,
        0.4,
        5,
        1,
        0.544,
        6.079,
        0.689,
        6,
        0.833,
        6,
        1,
        1,
        6,
        1.166,
        -2.531,
        1.333,
        -4.36,
        1,
        1.5,
        -6.189,
        1.666,
        -6,
        1.833,
        -6,
        0,
        2.167,
        -4.98,
        2,
        2.333,
        -4.98,
        0,
        2.667,
        -6,
        1,
        2.834,
        -6,
        3,
        -6.12,
        3.167,
        -4.92,
        1,
        3.389,
        -3.32,
        3.611,
        0,
        3.833,
        0
      ]
    },
    {
      "Target": "Parameter",
      "Id": "PARAM_UPPER_BODY",
      "Segments": [
        0,
        0,
        1,
        0.133,
        0,
        0.267,
        -0.016,
        0.4,
        1,
        1,
        0.544,
        2.101,
        0.689,
        4.28,
        0.833,
        4.28,
        1,
        1,
        4.28,
        1.166,
        -0.829,
        1.333,
        -2,
        1,
        1.5,
        -3.171,
        1.666,
        -3.04,
        1.833,
        -3.04,
        0,
        2.167,
        -2.02,
        2,
        2.333,
        -2.02,
        0,
        2.667,
        -3.04,
        2,
        3.167,
        -3.04,
        0,
        3.833,
        0
      ]
    },
    {
      "Target": "Parameter",
      "Id": "PARAM_LEFT_ARM",
      "Segments": [
        0,
        0.349,
        1,
        0.067,
        0.349,
        0.133,
        0.452,
        0.2,
        0.578,
        1,
        0.267,
        0.704,
        0.333,
        0.739,
        0.4,
        0.739,
        2,
        0.833,
        0.739,
        0,
        1.333,
        0.594,
        2,
        3.167,
        0.594,
        0,
        3.5,
        0.676,
        0,
        3.833,
        0.349
      ]
    },
    {
      "Target": "Parameter",
      "Id": "PARAM_ARM_L",
      "Segments": [
        0,
        -1,
        0,
        0.4,
        1.064,
        2,
        0.833,
        1.064,
        0,
        1.333,
        0.979,
        2,
        3.167,
        0.979,
        0,
        3.833,
        -1
      ]
    },
    {
      "Target": "Parameter",
      "Id": "PARAM_ARM_L_TOUSHI2",
      "Segments": [
        0,
        0,
        0,
        0.4,
        0.5,
        2,
        0.833,
        0.5,
        2,
        1.333,
        0.5,
        2,
        3.167,
        0.5,
        0,
        3.833,
        0
      ]
    },
    {
      "Target": "Parameter",
      "Id": "PARAM_ARM_L_02",
      "Segments": [
        0,
        0.9,
        2,
        0.4,
        0.9,
        2,
        0.833,
        0.9,
        2,
        1.333,
        0.9,
        2,
        3.167,
        0.9,
        0,
        3.5,
        0.418,
        0,
        3.833,
        0.9
      ]
    },
    {
      "Target": "Parameter",
      "Id": "PARAM_HAND_L_LEVEL",
      "Segments": [
        0,
        0,
        2,
        0.4,
        0,
        2,
        0.833,
        0,
        2,
        1.333,
        0,
        2,
        3.167,
        0,
        2,
        3.5,
        0,
        0,
        3.567,
        1,
        0,
        3.833,
        0
      ]
    },
    {
      "Target": "Parameter",
      "Id": "PARAM_RIGHT_ARM",
      "Segments": [
        0,
        0,
        0,
        0.333,
        0.713,
        0,
        0.667,
        0.591,
        2,
        0.833,
        0.591,
        0,
        1.333,
        0.571,
        2,
        3.167,
        0.571,
        1,
        3.278,
        0.571,
        3.389,
        0.573,
        3.5,
        0.563,
        1,
        3.611,
        0.552,
        3.722,
        0,
        3.833,
        0
      ]
    },
    {
      "Target": "Parameter",
      "Id": "PARAM_ARM_R",
      "Segments": [
        0,
        2.28,
        0,
        0.167,
        1.155,
        0,
        0.667,
        1.955,
        2,
        0.833,
        1.955,
        0,
        1.333,
        1.729,
        2,
        3.167,
        1.729,
        0,
        3.5,
        0,
        0,
        3.833,
        2.28
      ]
    },
    {
      "Target": "Parameter",
      "Id": "PARAM_ARM_R_TOUSHI2",
      "Segments": [
        0,
        0,
        0,
        0.4,
        0.4,
        2,
        3.167,
        0.4,
        0,
        3.5,
        0,
        2,
        3.833,
        0
      ]
    },
    {
      "Target": "Parameter",
      "Id": "PARAM_TOUSHI_R",
      "Segments": [
        0,
        0.285,
        0,
        0.4,
        1,
        2,
        0.833,
        1,
        2,
        1.333,
        1,
        2,
        3.167,
        1,
        0,
        3.833,
        0.285
      ]
    },
    {
      "Target": "Parameter",
      "Id": "PARAM_ARM_R_02",
      "Segments": [
        0,
        -1,
        0,
        0.167,
        0.418,
        1,
        0.245,
        0.418,
        0.322,
        0.336,
        0.4,
        0.012,
        1,
        0.544,
        -0.59,
        0.689,
        -1,
        0.833,
        -1,
        2,
        1.333,
        -1,
        2,
        3.167,
        -1,
        0,
        3.5,
        0.122,
        0,
        3.833,
        -1
      ]
    },
    {
      "Target": "Parameter",
      "Id": "PARAM_HAND_R2",
      "Segments": [
        0,
        0,
        0,
        0.167,
        1,
        2,
        0.4,
        1,
        0,
        0.833,
        0,
        2,
        1.333,
        0,
        2,
        3.167,
        0,
        0,
        3.5,
        1,
        2,
        3.633,
        1,
        2,
        3.667,
        0,
        2,
        3.833,
        0
      ]
    },
    {
      "Target": "Parameter",
      "Id": "PARAM_HAND_R_02",
      "Segments": [
        0,
        0,
        0,
        0.167,
        -1,
        2,
        0.4,
        -1,
        0,
        0.833,
        0,
        2,
        1.333,
        0,
        2,
        3.167,
        0,
        0,
        3.333,
        0.9,
        0,
        3.633,
        -0.5,
        0,
        3.667,
        0,
        2,
        3.833,
        0
      ]
    },
    {
      "Target": "Parameter",
      "Id": "PARAM_HAND_R_LEVEL",
      "Segments": [
        0,
        1,
        2,
        0.133,
        1,
        2,
        0.167,
        0,
        2,
        0.4,
        0,
        2,
        0.833,
        0,
        2,
        1.333,
        0,
        2,
        3.167,
        0,
        2,
        3.5,
        0,
        2,
        3.533,
        1,
        2,
        3.833,
        1
      ]
    },
    {
      "Target": "Parameter",
      "Id": "PARAM_EYE_L_OPEN",
      "Segments": [
        0,
        1,
        0,
        0.167,
        0,
        2,
        0.2,
        1,
        2,
        0.4,
        1,
        2,
        0.833,
        1,
        2,
        1.167,
        1,
        0,
        1.5,
        0,
        2,
        1.833,
        0,
        0,
        2.167,
        0.9,
        2,
        2.333,
        0.9,
        0,
        2.667,
        0,
        2,
        3.167,
        0,
        2,
        3.5,
        0,
        0,
        3.833,
        1
      ]
    },
    {
      "Target": "Parameter",
      "Id": "PARAM_EYE_R_OPEN",
      "Segments": [
        0,
        1,
        0,
        0.167,
        0,
        2,
        0.2,
        1,
        2,
        0.4,
        1,
        2,
        0.833,
        1,
        2,
        1.167,
        1,
        0,
        1.5,
        0,
        2,
        1.833,
        0,
        0,
        2.167,
        0.9,
        2,
        2.333,
        0.9,
        0,
        2.667,
        0,
        2,
        3.167,
        0,
        2,
        3.5,
        0,
        0,
        3.833,
        1
      ]
    },
    {
      "Target": "Parameter",
      "Id": "PARAM_EYE_BALL_X",
      "Segments": [
        0,
        0,
        2,
        0.4,
        0,
        2,
        0.833,
        0,
        2,
        1.333,
        0,
        2,
        1.833,
        0,
        0,
        2.167,
        0.8,
        2,
        2.333,
        0.8,
        0,
        2.667,
        0,
        2,
        3.167,
        0,
        2,
        3.833,
        0
      ]
    },
    {
      "Target": "Parameter",
      "Id": "PARAM_EYE_BALL_Y",
      "Segments": [
        0,
        0,
        2,
        0.4,
        0,
        2,
        0.833,
        0,
        2,
        1.333,
        0,
        2,
        1.833,
        0,
        0,
        2.167,
        0.3,
        2,
        2.333,
        0.3,
        0,
        2.667,
        0,
        2,
        3.167,
        0,
        2,
        3.833,
        0
      ]
    },
    {
      "Target": "Parameter",
      "Id": "PARAM_EYE_kira_L1",
      "Segments": [
        0,
        1,
        0,
        0.4,
        0,
        2,
        0.833,
        0,
        2,
        1.333,
        0,
        2,
        3.167,
        0,
        0,
        3.833,
        1
      ]
    },
    {
      "Target": "Parameter",
      "Id": "PARAM_EYE_TI1",
      "Segments": [
        0,
        0,
        2,
        0.167,
        0,
        0,
        0.2,
        -1,
        2,
        0.4,
        -1,
        2,
        1.167,
        -1,
        2,
        1.2,
        -1,
        2,
        3.167,
        -1,
        0,
        3.833,
        0
      ]
    },
    {
      "Target": "Parameter",
      "Id": "PARAM_EYE_TI2",
      "Segments": [
        0,
        0,
        2,
        0.167,
        0,
        0,
        0.2,
        1,
        2,
        0.4,
        1,
        2,
        1.167,
        1,
        2,
        1.2,
        1,
        2,
        3.167,
        1,
        0,
        3.833,
        0
      ]
    },
    {
      "Target": "Parameter",
      "Id": "PARAM_EYE_SPECIAL",
      "Segments": [
        0,
        0,
        2,
        0.167,
        0,
        2,
        0.2,
        1,
        2,
        0.4,
        1,
        2,
        0.833,
        1,
        2,
        1.167,
        1,
        2,
        1.2,
        0,
        2,
        3.167,
        0,
        2,
        3.833,
        0
      ]
    },
    {
      "Target": "Parameter",
      "Id": "PARAM_BROW_L_Y",
      "Segments": [
        0,
        0,
        0,
        0.167,
        -1,
        0,
        0.4,
        0,
        2,
        0.833,
        0,
        2,
        1.167,
        0,
        0,
        1.5,
        -1,
        2,
        1.833,
        -1,
        0,
        2.167,
        0,
        0,
        2.667,
        -0.5,
        2,
        3.167,
        -0.5,
        0,
        3.5,
        -0.6,
        0,
        3.833,
        0
      ]
    },
    {
      "Target": "Parameter",
      "Id": "PARAM_BROW_R_Y",
      "Segments": [
        0,
        0,
        0,
        0.167,
        -1,
        0,
        0.4,
        0,
        2,
        0.833,
        0,
        2,
        1.167,
        0,
        0,
        1.5,
        -1,
        2,
        1.833,
        -1,
        0,
        2.167,
        0,
        0,
        2.667,
        -0.5,
        2,
        3.167,
        -0.5,
        0,
        3.5,
        -0.6,
        0,
        3.833,
        0
      ]
    },
    {
      "Target": "Parameter",
      "Id": "PARAM_BROW_L_ANGLE",
      "Segments": [
        0,
        0,
        0,
        0.4,
        0.6,
        2,
        0.833,
        0.6,
        2,
        1.333,
        0.6,
        2,
        2.667,
        0.6,
        2,
        3.167,
        0.6,
        0,
        3.833,
        0
      ]
    },
    {
      "Target": "Parameter",
      "Id": "PARAM_BROW_R_ANGLE",
      "Segments": [
        0,
        0,
        0,
        0.4,
        0.6,
        2,
        0.833,
        0.6,
        2,
        1.333,
        0.6,
        2,
        2.667,
        0.6,
        2,
        3.167,
        0.6,
        0,
        3.833,
        0
      ]
    },
    {
      "Target": "Parameter",
      "Id": "PARAM_BROW_L_FORM",
      "Segments": [
        0,
        0.5,
        2,
        0.4,
        0.5,
        2,
        0.833,
        0.5,
        0,
        1.333,
        -0.6,
        2,
        2.667,
        -0.6,
        1,
        2.834,
        -0.6,
        3,
        -0.632,
        3.167,
        -0.5,
        1,
        3.389,
        -0.324,
        3.611,
        0.5,
        3.833,
        0.5
      ]
    },
    {
      "Target": "Parameter",
      "Id": "PARAM_BROW_R_FORM",
      "Segments": [
        0,
        0.5,
        2,
        0.4,
        0.5,
        2,
        0.833,
        0.5,
        0,
        1.333,
        -0.6,
        2,
        2.667,
        -0.6,
        1,
        2.834,
        -0.6,
        3,
        -0.632,
        3.167,
        -0.5,
        1,
        3.389,
        -0.324,
        3.611,
        0.5,
        3.833,
        0.5
      ]
    },
    {
      "Target": "Parameter",
      "Id": "PARAM_MOUTH_OPEN",
      "Segments": [
        0,
        0,
        0,
        0.167,
        1,
        0,
        0.2,
        0,
        2,
        0.833,
        0,
        2,
        1.167,
        0,
        2,
        1.2,
        0,
        2,
        3.167,
        0,
        2,
        3.833,
        0
      ]
    },
    {
      "Target": "Parameter",
      "Id": "PARAM_MOUTH_FORM",
      "Segments": [
        0,
        -0.6,
        0,
        0.167,
        1,
        0,
        0.2,
        0,
        2,
        0.833,
        0,
        2,
        1.167,
        0,
        0,
        1.2,
        -1,
        2,
        3.167,
        -1,
        0,
        3.833,
        -0.6
      ]
    },
    {
      "Target": "Parameter",
      "Id": "PARAM_MOUTH_SPECIAL",
      "Segments": [
        0,
        0,
        2,
        0.167,
        0,
        2,
        0.2,
        1,
        2,
        0.833,
        1,
        2,
        1.167,
        1,
        2,
        1.2,
        0,
        2,
        3.167,
        0,
        2,
        3.833,
        0
      ]
    },
    {
      "Target": "Parameter",
      "Id": "PARAM_SHY",
      "Segments": [
        0,
        0,
        2,
        0.4,
        0,
        2,
        0.833,
        0,
        2,
        1.167,
        0,
        0,
        1.333,
        1,
        2,
        2.667,
        1,
        1,
        2.834,
        1,
        3,
        0.885,
        3.167,
        0.6,
        1,
        3.389,
        0.22,
        3.611,
        0,
        3.833,
        0
      ]
    },
    {
      "Target": "Parameter",
      "Id": "PARAM_TERE2",
      "Segments": [
        0,
        0,
        2,
        0.167,
        0,
        0,
        0.4,
        1,
        2,
        0.833,
        1,
        2,
        1.167,
        1,
        0,
        1.333,
        0,
        2,
        3.167,
        0,
        2,
        3.833,
        0
      ]
    },
    {
      "Target": "Parameter",
      "Id": "PARAM_BREATH",
      "Segments": [
        0,
        0,
        2,
        0.4,
        0,
        2,
        0.833,
        0,
        2,
        1.333,
        0,
        0,
        1.833,
        0.001,
        2,
        2.167,
        0.001,
        2,
        2.333,
        0.001,
        2,
        2.667,
        0.001,
        2,
        3.167,
        0.001,
        0,
        3.833,
        0
      ]
    },
    {
      "Target": "PartOpacity",
      "Id": "PARTS_GUDIAN",
      "Segments": [
        0,
        1,
        2,
        3.83,
        1
      ]
    },
    {
      "Target": "PartOpacity",
      "Id": "PARTS_01_ARM_L_01",
      "Segments": [
        0,
        1,
        2,
        3.83,
        1
      ]
    },
    {
      "Target": "PartOpacity",
      "Id": "PARTS_01_ARM_R_01",
      "Segments": [
        0,
        1,
        2,
        3.83,
        1
      ]
    },
    {
      "Target": "PartOpacity",
      "Id": "PARTS_01_BODY",
      "Segments": [
        0,
        1,
        2,
        3.83,
        1
      ]
    },
    {
      "Target": "PartOpacity",
      "Id": "PARTS_01_NECK",
      "Segments": [
        0,
        1,
        2,
        3.83,
        1
      ]
    },
    {
      "Target": "PartOpacity",
      "Id": "PARTS_01_HAIR_BACK_001",
      "Segments": [
        0,
        1,
        2,
        3.83,
        1
      ]
    },
    {
      "Target": "PartOpacity",
      "Id": "PARTS_01_HAIR_SIDE_001",
      "Segments": [
        0,
        1,
        2,
        3.83,
        1
      ]
    },
    {
      "Target": "PartOpacity",
      "Id": "PARTS_01_HAIR_FRONT_001",
      "Segments": [
        0,
        1,
        2,
        3.83,
        1
      ]
    },
    {
      "Target": "PartOpacity",
      "Id": "PARTS_01_EAR_001",
      "Segments": [
        0,
        1,
        2,
        3.83,
        1
      ]
    },
    {
      "Target": "PartOpacity",
      "Id": "PARTS_01_NOSE_001",
      "Segments": [
        0,
        1,
        2,
        3.83,
        1
      ]
    },
    {
      "Target": "PartOpacity",
      "Id": "PARTS_01_MOUTH_001",
      "Segments": [
        0,
        1,
        2,
        3.83,
        1
      ]
    },
    {
      "Target": "PartOpacity",
      "Id": "PARTS_01_BROW_001",
      "Segments": [
        0,
        1,
        2,
        3.83,
        1
      ]
    },
    {
      "Target": "PartOpacity",
      "Id": "PARTS_01_EYE_BALL_001",
      "Segments": [
        0,
        1,
        2,
        3.83,
        1
      ]
    },
    {
      "Target": "PartOpacity",
      "Id": "PARTS_01_EYE_001",
      "Segments": [
        0,
        1,
        2,
        3.83,
        1
      ]
    },
    {
      "Target": "PartOpacity",
      "Id": "PARTS_01_FACE_001",
      "Segments": [
        0,
        1,
        2,
        3.83,
        1
      ]
    },
    {
      "Target": "PartOpacity",
      "Id": "ROUGH",
      "Segments": [
        0,
        1,
        2,
        3.83,
        1
      ]
    },
    {
      "Target": "Model",
      "Id": "Opacity",
      "Segments": [
        0,
        1,
        0,
        3.83,
        1
      ]
    },
    {
      "Target": "Parameter",
      "Id": "PARAM_LEFT_ARM_TAI",
      "Segments": [
        0,
        0,
        0,
        3.83,
        0
      ]
    },
    {
      "Target": "Parameter",
      "Id": "PARAM_TOUSHI_L",
      "Segments": [
        0,
        0,
        0,
        3.83,
        0
      ]
    },
    {
      "Target": "Parameter",
      "Id": "PARAM_HAND_L",
      "Segments": [
        0,
        0,
        0,
        3.83,
        0
      ]
    },
    {
      "Target": "Parameter",
      "Id": "PARAM_HAND_L2",
      "Segments": [
        0,
        0,
        0,
        3.83,
        0
      ]
    },
    {
      "Target": "Parameter",
      "Id": "PARAM_HAND_L_02",
      "Segments": [
        0,
        0,
        0,
        3.83,
        0
      ]
    },
    {
      "Target": "Parameter",
      "Id": "PARAM_TANGDIE",
      "Segments": [
        0,
        0,
        0,
        3.83,
        0
      ]
    },
    {
      "Target": "Parameter",
      "Id": "PARAM_RIGHT_ARM_TAI",
      "Segments": [
        0,
        0.5,
        0,
        3.83,
        0.5
      ]
    },
    {
      "Target": "Parameter",
      "Id": "PARAM_HAND_R",
      "Segments": [
        0,
        0,
        0,
        3.83,
        0
      ]
    },
    {
      "Target": "Parameter",
      "Id": "PARAM_YIFU",
      "Segments": [
        0,
        0,
        0,
        3.83,
        0
      ]
    },
    {
      "Target": "Parameter",
      "Id": "PARAM_CHICKEN",
      "Segments": [
        0,
        0,
        0,
        3.83,
        0
      ]
    },
    {
      "Target": "Parameter",
      "Id": "PARAM_CHICKEN_MOVE",
      "Segments": [
        0,
        0,
        0,
        3.83,
        0
      ]
    },
    {
      "Target": "Parameter",
      "Id": "PARAM_BANSHOU",
      "Segments": [
        0,
        0,
        0,
        3.83,
        0
      ]
    },
    {
      "Target": "Parameter",
      "Id": "PARAM_BANSHOU_MOVE",
      "Segments": [
        0,
        0,
        0,
        3.83,
        0
      ]
    },
    {
      "Target": "Parameter",
      "Id": "PARAM_BANSHOU_MOVE_01",
      "Segments": [
        0,
        0,
        0,
        3.83,
        0
      ]
    },
    {
      "Target": "Parameter",
      "Id": "PARAM_SHAOZI",
      "Segments": [
        0,
        0,
        0,
        3.83,
        0
      ]
    },
    {
      "Target": "Parameter",
      "Id": "PARAM_SHAOZI_MOVE",
      "Segments": [
        0,
        0,
        0,
        3.83,
        0
      ]
    },
    {
      "Target": "Parameter",
      "Id": "PARAM_SHAOZI_MOVE_01",
      "Segments": [
        0,
        0,
        0,
        3.83,
        0
      ]
    },
    {
      "Target": "Parameter",
      "Id": "PARAM_SOUP",
      "Segments": [
        0,
        0,
        0,
        3.83,
        0
      ]
    },
    {
      "Target": "Parameter",
      "Id": "PARAM_JITA_CHUXIAN",
      "Segments": [
        0,
        0,
        0,
        3.83,
        0
      ]
    },
    {
      "Target": "Parameter",
      "Id": "PARAM_JITA_LEVEL",
      "Segments": [
        0,
        0,
        0,
        3.83,
        0
      ]
    },
    {
      "Target": "Parameter",
      "Id": "PARAM_JITA_MOVE_X",
      "Segments": [
        0,
        0,
        0,
        3.83,
        0
      ]
    },
    {
      "Target": "Parameter",
      "Id": "PARAM_JITA_MOVE_Y",
      "Segments": [
        0,
        0,
        0,
        3.83,
        0
      ]
    },
    {
      "Target": "Parameter",
      "Id": "PARAM_JITA_Z",
      "Segments": [
        0,
        0,
        0,
        3.83,
        0
      ]
    },
    {
      "Target": "Parameter",
      "Id": "PARAM_JITA_X",
      "Segments": [
        0,
        0,
        0,
        3.83,
        0
      ]
    },
    {
      "Target": "Parameter",
      "Id": "PARAM_JITA_Y",
      "Segments": [
        0,
        0,
        0,
        3.83,
        0
      ]
    },
    {
      "Target": "Parameter",
      "Id": "PARAM_JINADAI_X",
      "Segments": [
        0,
        0,
        0,
        3.83,
        0
      ]
    },
    {
      "Target": "Parameter",
      "Id": "PARAM_JIANDAI_Y",
      "Segments": [
        0,
        0,
        0,
        3.83,
        0
      ]
    },
    {
      "Target": "Parameter",
      "Id": "PARAM_JIANDAI_BACK_X",
      "Segments": [
        0,
        0,
        0,
        3.83,
        0
      ]
    },
    {
      "Target": "Parameter",
      "Id": "PARAM_JIANDAI_BACK_Y",
      "Segments": [
        0,
        0,
        0,
        3.83,
        0
      ]
    },
    {
      "Target": "Parameter",
      "Id": "PARAM_EYE_L_FORM",
      "Segments": [
        0,
        0.5,
        0,
        3.83,
        0.5
      ]
    },
    {
      "Target": "Parameter",
      "Id": "PARAM_EYE_R_FORM",
      "Segments": [
        0,
        0.5,
        0,
        3.83,
        0.5
      ]
    },
    {
      "Target": "Parameter",
      "Id": "PARAM_EYE_BALL_FORM",
      "Segments": [
        0,
        0,
        0,
        3.83,
        0
      ]
    },
    {
      "Target": "Parameter",
      "Id": "PARAM_EYE_BALL_SAD",
      "Segments": [
        0,
        0,
        0,
        3.83,
        0
      ]
    },
    {
      "Target": "Parameter",
      "Id": "PARAM_EYE_BALL_BAIYAN",
      "Segments": [
        0,
        0,
        0,
        3.83,
        0
      ]
    },
    {
      "Target": "Parameter",
      "Id": "PARAM_EYE_BALL_KIRAKIRA",
      "Segments": [
        0,
        0,
        0,
        3.83,
        0
      ]
    },
    {
      "Target": "Parameter",
      "Id": "PARAM_EYE_kira_R1",
      "Segments": [
        0,
        1,
        0,
        3.83,
        1
      ]
    },
    {
      "Target": "Parameter",
      "Id": "PARAM_EYE_kira_R2",
      "Segments": [
        0,
        0.5,
        0,
        3.83,
        0.5
      ]
    },
    {
      "Target": "Parameter",
      "Id": "PARAM_EYE_kira_L2",
      "Segments": [
        0,
        0.5,
        0,
        3.83,
        0.5
      ]
    },
    {
      "Target": "Parameter",
      "Id": "PARAM_EYE_DEFROM",
      "Segments": [
        0,
        0,
        0,
        3.83,
        0
      ]
    },
    {
      "Target": "Parameter",
      "Id": "PARAM_BROW_L_X",
      "Segments": [
        0,
        0,
        0,
        3.83,
        0
      ]
    },
    {
      "Target": "Parameter",
      "Id": "PARAM_BROW_R_X",
      "Segments": [
        0,
        0,
        0,
        3.83,
        0
      ]
    },
    {
      "Target": "Parameter",
      "Id": "PARAM_MOUTH_WIDTH",
      "Segments": [
        0,
        1,
        0,
        3.83,
        1
      ]
    },
    {
      "Target": "Parameter",
      "Id": "PARAM_MOUTH_SIZE",
      "Segments": [
        0,
        -0.5,
        0,
        3.83,
        -0.5
      ]
    },
    {
      "Target": "Parameter",
      "Id": "PARAM_MOUTH_DEFORM_SPECIAL",
      "Segments": [
        0,
        0,
        0,
        3.83,
        0
      ]
    },
    {
      "Target": "Parameter",
      "Id": "PARAM_MOUTH_X",
      "Segments": [
        0,
        0,
        0,
        3.83,
        0
      ]
    },
    {
      "Target": "Parameter",
      "Id": "PARAM_MOUTH_Y",
      "Segments": [
        0,
        0,
        0,
        3.83,
        0
      ]
    },
    {
      "Target": "Parameter",
      "Id": "PARAM_TERE",
      "Segments": [
        0,
        0.6,
        0,
        3.83,
        0.6
      ]
    },
    {
      "Target": "Parameter",
      "Id": "PARAM_WATER",
      "Segments": [
        0,
        0,
        0,
        3.83,
        0
      ]
    },
    {
      "Target": "Parameter",
      "Id": "PARAM_HAN",
      "Segments": [
        0,
        0,
        0,
        3.83,
        0
      ]
    },
    {
      "Target": "Parameter",
      "Id": "PARAM_ANGRY",
      "Segments": [
        0,
        0,
        0,
        3.83,
        0
      ]
    },
    {
      "Target": "Parameter",
      "Id": "PARAM_HEI",
      "Segments": [
        0,
        -1,
        0,
        3.83,
        -1
      ]
    },
    {
      "Target": "Parameter",
      "Id": "PARAM_LIANHEIXIAN",
      "Segments": [
        0,
        0,
        0,
        3.83,
        0
      ]
    },
    {
      "Target": "Parameter",
      "Id": "PARAM_FAT",
      "Segments": [
        0,
        0,
        0,
        3.83,
        0
      ]
    },
    {
      "Target": "Parameter",
      "Id": "PARAM_HEIXIAN",
      "Segments": [
        0,
        0,
        0,
        3.83,
        0
      ]
    },
    {
      "Target": "Parameter",
      "Id": "PARAM_YINYING",
      "Segments": [
        0,
        0,
        0,
        3.83,
        0
      ]
    },
    {
      "Target": "Parameter",
      "Id": "PARAM_TANQI",
      "Segments": [
        0,
        0,
        0,
        3.83,
        0
      ]
    },
    {
      "Target": "Parameter",
      "Id": "PARAM_ZHAMAO",
      "Segments": [
        0,
        0,
        0,
        3.83,
        0
      ]
    },
    {
      "Target": "Parameter",
      "Id": "PARAM_RU_X",
      "Segments": [
        0,
        0,
        0,
        3.83,
        0
      ]
    },
    {
      "Target": "Parameter",
      "Id": "PARAM_RU_Y",
      "Segments": [
        0,
        0,
        0,
        3.83,
        0
      ]
    },
    {
      "Target": "Parameter",
      "Id": "PARAM_HAIR_FRONT",
      "Segments": [
        0,
        0,
        0,
        3.83,
        0
      ]
    },
    {
      "Target": "Parameter",
      "Id": "PARAM_HAIR_FROUT_2",
      "Segments": [
        0,
        0,
        0,
        3.83,
        0
      ]
    },
    {
      "Target": "Parameter",
      "Id": "PARAM_HAIR_FROUT_WAVE",
      "Segments": [
        0,
        0,
        0,
        3.83,
        0
      ]
    },
    {
      "Target": "Parameter",
      "Id": "PARAM_HAIR_SIDE_R",
      "Segments": [
        0,
        0,
        0,
        3.83,
        0
      ]
    },
    {
      "Target": "Parameter",
      "Id": "PARAM_HAIR_SIDE_R2",
      "Segments": [
        0,
        0,
        0,
        3.83,
        0
      ]
    },
    {
      "Target": "Parameter",
      "Id": "PARAM_HAIR_SIDE_WAVE",
      "Segments": [
        0,
        0,
        0,
        3.83,
        0
      ]
    },
    {
      "Target": "Parameter",
      "Id": "PARAM_HAIR_SIDE_R3",
      "Segments": [
        0,
        0,
        0,
        3.83,
        0
      ]
    },
    {
      "Target": "Parameter",
      "Id": "PARAM_HAIR_SIDE_L",
      "Segments": [
        0,
        0,
        0,
        3.83,
        0
      ]
    },
    {
      "Target": "Parameter",
      "Id": "PARAM_HAIR_SIDE_L3",
      "Segments": [
        0,
        0,
        0,
        3.83,
        0
      ]
    },
    {
      "Target": "Parameter",
      "Id": "PARAM_HAIR_BACK_WAVE",
      "Segments": [
        0,
        0,
        0,
        3.83,
        0
      ]
    },
    {
      "Target": "Parameter",
      "Id": "PARAM_XIANQUNZI_1",
      "Segments": [
        0,
        0,
        0,
        3.83,
        0
      ]
    },
    {
      "Target": "Parameter",
      "Id": "PARAM_XIANQUNZI_2",
      "Segments": [
        0,
        0,
        0,
        3.83,
        0
      ]
    },
    {
      "Target": "Parameter",
      "Id": "PARAM_YICENGQUN_YIDUAN_SHAKE",
      "Segments": [
        0,
        0,
        0,
        3.83,
        0
      ]
    },
    {
      "Target": "Parameter",
      "Id": "PARAM_PARAM_YICENGQUN_ERDUAN_SHAKE",
      "Segments": [
        0,
        0,
        0,
        3.83,
        0
      ]
    },
    {
      "Target": "Parameter",
      "Id": "PARAM_YICENGSHA_1DUAN_SHAKE",
      "Segments": [
        0,
        0,
        0,
        3.83,
        0
      ]
    },
    {
      "Target": "Parameter",
      "Id": "PARAM_YICESHA_2DUAN_SHAKE",
      "Segments": [
        0,
        0,
        0,
        3.83,
        0
      ]
    },
    {
      "Target": "Parameter",
      "Id": "PARAM_ERCENGSHA_1DUAN_SHAKE",
      "Segments": [
        0,
        0,
        0,
        3.83,
        0
      ]
    },
    {
      "Target": "Parameter",
      "Id": "PARAM_ERCENGSAHA_2DUAN_SHAKE",
      "Segments": [
        0,
        0,
        0,
        3.83,
        0
      ]
    }
  ],
  "UserData": []
}