{
  "Version": 3,
  "Meta": {
    "Duration": 12.0,
    "Fps": 30.0,
    "Loop": true,
    "AreBeziersRestricted": true,
    "CurveCount": 134,
    "TotalSegmentCount": 954,
    "TotalPointCount": 1196,
    "UserDataCount": 0,
    "TotalUserDataSize": 0
  },
  "Curves": [
    {
      "Target": "Parameter",
      "Id": "PARAM_ANGLE_X",
      "Segments": [
        0,
        -4,
        0,
        0.5,
        -35,
        2,
        0.667,
        -35,
        0,
        1,
        23.977,
        2,
        1.667,
        23.977,
        0,
        2,
        -4,
        0,
        2.3,
        -1,
        0,
        2.633,
        -30,
        2,
        3.467,
        -30,
        0,
        3.733,
        -34,
        0,
        3.933,
        -30,
        0,
        4.133,
        -34,
        0,
        4.333,
        -30,
        0,
        4.533,
        -34,
        0,
        4.767,
        -30,
        0,
        4.967,
        -34,
        0,
        5.3,
        -30,
        0,
        5.767,
        -34,
        0,
        5.967,
        -30,
        0,
        6.167,
        -34,
        0,
        6.367,
        -30,
        0,
        6.567,
        -34,
        0,
        6.767,
        -30,
        0,
        7,
        -34,
        0,
        7.2,
        -30,
        0,
        7.4,
        -34,
        0,
        7.6,
        -30,
        0,
        7.933,
        -36,
        1,
        8.044,
        -36,
        8.156,
        -32.271,
        8.267,
        -18,
        1,
        8.322,
        -10.865,
        8.378,
        0,
        8.433,
        0,
        0,
        8.6,
        -16,
        0,
        8.767,
        -2.07,
        0,
        8.933,
        -14.04,
        0,
        9.1,
        -4,
        0,
        9.267,
        -12,
        1,
        9.378,
        -12,
        9.489,
        -11.595,
        9.6,
        -9.901,
        1,
        9.633,
        -9.393,
        9.667,
        -6,
        9.7,
        -6,
        0,
        9.867,
        -10,
        1,
        9.922,
        -10,
        9.978,
        -8.241,
        10.033,
        -8,
        1,
        10.689,
        -5.153,
        11.344,
        -4,
        12,
        -4
      ]
    },
    {
      "Target": "Parameter",
      "Id": "PARAM_ANGLE_Y",
      "Segments": [
        0,
        -8,
        0,
        0.1,
        -14,
        0,
        0.333,
        -1,
        0,
        0.567,
        -13,
        0,
        0.767,
        -6,
        1,
        0.834,
        -6,
        0.9,
        -5.917,
        0.967,
        -7,
        1,
        1.034,
        -8.083,
        1.1,
        -12.668,
        1.167,
        -12.668,
        2,
        1.667,
        -12.668,
        0,
        2,
        -30,
        2,
        2.3,
        -30,
        0,
        2.633,
        0,
        0,
        3.133,
        -17,
        0,
        3.5,
        11,
        1,
        3.556,
        11,
        3.611,
        -19.541,
        3.667,
        -25,
        1,
        3.722,
        -30.459,
        3.778,
        -30,
        3.833,
        -30,
        0,
        4.033,
        -25,
        0,
        4.233,
        -30,
        0,
        4.433,
        -25,
        0,
        4.633,
        -30,
        0,
        4.867,
        -25,
        0,
        5.067,
        -30,
        0,
        5.7,
        10.38,
        0,
        5.867,
        -30,
        0,
        6.067,
        -25,
        0,
        6.267,
        -30,
        0,
        6.467,
        -25,
        0,
        6.667,
        -30,
        0,
        6.9,
        -25,
        0,
        7.1,
        -30,
        0,
        7.3,
        -25,
        0,
        7.5,
        -30,
        2,
        7.933,
        -30,
        1,
        8.044,
        -30,
        8.156,
        -22.939,
        8.267,
        -13,
        1,
        8.6,
        16.816,
        8.934,
        30,
        9.267,
        30,
        2,
        9.6,
        30,
        2,
        10.167,
        30,
        1,
        10.267,
        30,
        10.367,
        11.994,
        10.467,
        -13,
        1,
        10.522,
        -26.886,
        10.578,
        -30,
        10.633,
        -30,
        0,
        11.3,
        0.496,
        0,
        12,
        -8
      ]
    },
    {
      "Target": "Parameter",
      "Id": "PARAM_ANGLE_Z",
      "Segments": [
        0,
        -8,
        0,
        0.5,
        0,
        2,
        0.667,
        0,
        0,
        1,
        -10.998,
        2,
        1.667,
        -10.998,
        0,
        2,
        -8,
        0,
        2.167,
        -30,
        0,
        2.567,
        10.19,
        0,
        2.967,
        -12.336,
        1,
        3.745,
        -12.336,
        4.522,
        -12.991,
        5.3,
        -8,
        1,
        6.133,
        -2.653,
        6.967,
        19,
        7.8,
        19,
        0,
        8.033,
        -12.22,
        0,
        8.433,
        -4,
        2,
        9.6,
        -4,
        2,
        10.033,
        -4,
        0,
        10.9,
        -4.804,
        0,
        11.5,
        1.153,
        0,
        12,
        -8
      ]
    },
    {
      "Target": "Parameter",
      "Id": "PARAM_BODY_ANGLE_X",
      "Segments": [
        0,
        -0.047,
        0,
        0.5,
        -4.96,
        2,
        0.667,
        -4.96,
        0,
        1,
        3.999,
        2,
        1.667,
        3.999,
        1,
        1.778,
        3.999,
        1.889,
        2.987,
        2,
        0,
        1,
        2.022,
        -0.597,
        2.045,
        -3,
        2.067,
        -3,
        0,
        2.4,
        3,
        1,
        2.511,
        3,
        2.622,
        0.322,
        2.733,
        0,
        1,
        3.033,
        -0.871,
        3.333,
        -1,
        3.633,
        -1,
        1,
        4.189,
        -1,
        4.744,
        -0.799,
        5.3,
        0,
        1,
        6.1,
        1.15,
        6.9,
        2,
        7.7,
        2,
        0,
        7.933,
        -4,
        2,
        8.2,
        -4,
        0,
        8.5,
        0,
        2,
        9.6,
        0,
        2,
        10.033,
        0,
        0,
        12,
        -0.047
      ]
    },
    {
      "Target": "Parameter",
      "Id": "PARAM_BODY_ANGLE_Y",
      "Segments": [
        0,
        0,
        0,
        0.233,
        6,
        0,
        0.667,
        -1,
        0,
        1,
        5,
        0,
        1.667,
        0,
        2,
        2,
        0,
        0,
        2.3,
        10,
        1,
        2.411,
        10,
        2.522,
        -0.307,
        2.633,
        -1,
        1,
        2.8,
        -2.04,
        2.966,
        -2,
        3.133,
        -2,
        0,
        3.4,
        10,
        1,
        3.456,
        10,
        3.511,
        5.602,
        3.567,
        5,
        1,
        3.911,
        1.268,
        4.256,
        0,
        4.6,
        0,
        0,
        5.633,
        10,
        1,
        5.689,
        10,
        5.744,
        5.314,
        5.8,
        5,
        1,
        6.433,
        1.418,
        7.067,
        0,
        7.7,
        0,
        2,
        8.5,
        0,
        0,
        9.267,
        10,
        2,
        9.6,
        10,
        2,
        10.267,
        10,
        0,
        10.567,
        -5.459,
        1,
        10.734,
        -5.459,
        10.9,
        -5.656,
        11.067,
        -4.854,
        1,
        11.378,
        -3.356,
        11.689,
        0,
        12,
        0
      ]
    },
    {
      "Target": "Parameter",
      "Id": "PARAM_BODY_ANGLE_Z",
      "Segments": [
        0,
        0,
        0,
        0.5,
        -3,
        2,
        0.667,
        -3,
        0,
        1,
        0.999,
        2,
        1.667,
        0.999,
        0,
        2,
        0,
        0,
        2.3,
        3,
        0,
        2.633,
        0,
        0,
        3.467,
        1.42,
        0,
        3.8,
        1,
        0,
        5.3,
        2,
        0,
        5.667,
        0,
        1,
        5.722,
        0,
        5.778,
        0.936,
        5.833,
        1,
        1,
        6.455,
        1.72,
        7.078,
        2,
        7.7,
        2,
        0,
        7.933,
        -3,
        2,
        8.2,
        -3,
        1,
        8.3,
        -3,
        8.4,
        -1.201,
        8.5,
        0,
        1,
        8.756,
        3.07,
        9.011,
        4,
        9.267,
        4,
        1,
        9.411,
        4,
        9.556,
        3.931,
        9.7,
        3.612,
        1,
        10.2,
        2.507,
        10.7,
        0.233,
        11.2,
        0.055,
        1,
        11.467,
        -0.04,
        11.733,
        0,
        12,
        0
      ]
    },
    {
      "Target": "Parameter",
      "Id": "PARAM_UPPER_BODY",
      "Segments": [
        0,
        0,
        0,
        0.5,
        -2,
        2,
        0.667,
        -2,
        0,
        1,
        1,
        2,
        1.667,
        1,
        1,
        1.778,
        1,
        1.889,
        0.82,
        2,
        0,
        1,
        2.033,
        -0.246,
        2.067,
        -2,
        2.1,
        -2,
        0,
        2.433,
        1.52,
        0,
        2.767,
        -1.48,
        0,
        3.467,
        1.04,
        0,
        3.8,
        0,
        0,
        5.3,
        1,
        1,
        5.422,
        1,
        5.545,
        0.582,
        5.667,
        0,
        1,
        5.722,
        -0.264,
        5.778,
        -0.577,
        5.833,
        -0.62,
        1,
        6.455,
        -1.105,
        7.078,
        -1.473,
        7.7,
        -1.98,
        1,
        7.778,
        -2.043,
        7.855,
        -4,
        7.933,
        -4,
        2,
        8.2,
        -4,
        0,
        8.5,
        0,
        1,
        8.756,
        0,
        9.011,
        -0.771,
        9.267,
        -1,
        1,
        9.378,
        -1.099,
        9.489,
        -1.024,
        9.6,
        -1.119,
        1,
        9.967,
        -1.433,
        10.333,
        -1.94,
        10.7,
        -1.94,
        0,
        12,
        0
      ]
    },
    {
      "Target": "Parameter",
      "Id": "PARAM_LEFT_ARM",
      "Segments": [
        0,
        0.349,
        0,
        0.5,
        0.09,
        2,
        0.667,
        0.09,
        0,
        1,
        0.191,
        0,
        1.667,
        0.177,
        0,
        2,
        0.349,
        0,
        2.133,
        0.3,
        0,
        2.467,
        0.358,
        0,
        2.967,
        0.3,
        0,
        3.467,
        0.4,
        1,
        3.578,
        0.4,
        3.689,
        0.31,
        3.8,
        0.3,
        1,
        4.3,
        0.254,
        4.8,
        0.242,
        5.3,
        0.242,
        0,
        5.667,
        0.299,
        1,
        5.778,
        0.299,
        5.889,
        0.291,
        6,
        0.274,
        1,
        6.567,
        0.187,
        7.133,
        0.143,
        7.7,
        0.143,
        0,
        8,
        0.283,
        0,
        8.167,
        0.251,
        0,
        8.567,
        0.271,
        1,
        8.911,
        0.271,
        9.256,
        0.232,
        9.6,
        0.188,
        1,
        9.8,
        0.163,
        10,
        0.161,
        10.2,
        0.161,
        1,
        10.322,
        0.161,
        10.445,
        0.206,
        10.567,
        0.365,
        1,
        10.6,
        0.408,
        10.634,
        0.531,
        10.667,
        0.531,
        0,
        12,
        0.349
      ]
    },
    {
      "Target": "Parameter",
      "Id": "PARAM_ARM_L",
      "Segments": [
        0,
        -1,
        2,
        1,
        -1,
        2,
        1.667,
        -1,
        2,
        2,
        -1,
        2,
        7.7,
        -1,
        2,
        8,
        -1,
        1,
        8.056,
        -1,
        8.111,
        -1.165,
        8.167,
        -0.59,
        1,
        8.334,
        1.135,
        8.5,
        3.6,
        8.667,
        3.6,
        1,
        8.978,
        3.6,
        9.289,
        3.601,
        9.6,
        3.589,
        1,
        9.867,
        3.579,
        10.133,
        3.511,
        10.4,
        3.467,
        1,
        10.422,
        3.463,
        10.445,
        3.101,
        10.467,
        2.693,
        1,
        10.5,
        2.082,
        10.534,
        -0.436,
        10.567,
        -0.468,
        1,
        10.967,
        -0.851,
        11.367,
        -1,
        11.767,
        -1,
        2,
        12,
        -1
      ]
    },
    {
      "Target": "Parameter",
      "Id": "PARAM_ARM_L_TOUSHI2",
      "Segments": [
        0,
        0,
        2,
        1.667,
        0,
        2,
        8,
        0,
        0,
        8.433,
        0.384,
        2,
        10.4,
        0.384,
        0,
        11.267,
        0,
        2,
        12,
        0
      ]
    },
    {
      "Target": "Parameter",
      "Id": "PARAM_TOUSHI_L",
      "Segments": [
        0,
        0,
        2,
        1,
        0,
        2,
        1.667,
        0,
        2,
        2,
        0,
        2,
        7.7,
        0,
        2,
        8,
        0,
        0,
        8.433,
        0.993,
        2,
        10.4,
        0.993,
        0,
        11.267,
        0,
        2,
        11.767,
        0,
        2,
        12,
        0
      ]
    },
    {
      "Target": "Parameter",
      "Id": "PARAM_ARM_L_02",
      "Segments": [
        0,
        0.9,
        0,
        0.667,
        0.668,
        2,
        1,
        0.668,
        2,
        1.667,
        0.668,
        1,
        1.878,
        0.668,
        2.089,
        0.686,
        2.3,
        0.8,
        1,
        2.411,
        0.86,
        2.522,
        1,
        2.633,
        1,
        0,
        3.133,
        0.8,
        0,
        3.633,
        0.9,
        1,
        3.744,
        0.9,
        3.856,
        0.82,
        3.967,
        0.8,
        1,
        4.411,
        0.722,
        4.856,
        0.7,
        5.3,
        0.7,
        0,
        5.833,
        0.9,
        1,
        5.944,
        0.9,
        6.056,
        0.817,
        6.167,
        0.8,
        1,
        6.678,
        0.723,
        7.189,
        0.7,
        7.7,
        0.7,
        0,
        8.167,
        0.712,
        1,
        8.556,
        0.712,
        8.944,
        0.299,
        9.333,
        0.263,
        1,
        9.422,
        0.254,
        9.511,
        0.263,
        9.6,
        0.258,
        1,
        9.867,
        0.24,
        10.133,
        0.099,
        10.4,
        0,
        1,
        10.444,
        -0.017,
        10.489,
        -0.323,
        10.533,
        -0.323,
        1,
        10.566,
        -0.323,
        10.6,
        0.347,
        10.633,
        0.39,
        1,
        10.978,
        0.832,
        11.322,
        1,
        11.667,
        1,
        0,
        12,
        0.9
      ]
    },
    {
      "Target": "Parameter",
      "Id": "PARAM_HAND_L",
      "Segments": [
        0,
        0,
        2,
        1,
        0,
        2,
        1.667,
        0,
        2,
        2,
        0,
        2,
        7.7,
        0,
        2,
        8.133,
        0,
        0,
        8.167,
        0.5,
        2,
        9.6,
        0.5,
        2,
        10.4,
        0.5,
        0,
        10.667,
        0.003,
        1,
        11.034,
        0,
        11.4,
        0,
        11.767,
        0,
        2,
        12,
        0
      ]
    },
    {
      "Target": "Parameter",
      "Id": "PARAM_HAND_L2",
      "Segments": [
        0,
        0,
        2,
        1,
        0,
        2,
        1.667,
        0,
        2,
        2,
        0,
        2,
        7.7,
        0,
        2,
        8.133,
        0,
        2,
        8.167,
        1,
        2,
        9.6,
        1,
        2,
        10.4,
        1,
        0,
        10.667,
        0.003,
        1,
        11.034,
        0,
        11.4,
        0,
        11.767,
        0,
        2,
        12,
        0
      ]
    },
    {
      "Target": "Parameter",
      "Id": "PARAM_HAND_L_02",
      "Segments": [
        0,
        0,
        2,
        1,
        0,
        2,
        1.667,
        0,
        2,
        2,
        0,
        2,
        7.7,
        0,
        2,
        8.167,
        0,
        0,
        8.5,
        -1,
        2,
        9.6,
        -1,
        2,
        10.4,
        -1,
        0,
        11.767,
        0,
        2,
        12,
        0
      ]
    },
    {
      "Target": "Parameter",
      "Id": "PARAM_HAND_L_LEVEL",
      "Segments": [
        0,
        0,
        2,
        1,
        0,
        2,
        1.667,
        0,
        2,
        2,
        0,
        2,
        5.3,
        0,
        2,
        7.7,
        0,
        2,
        7.967,
        0,
        2,
        8,
        1,
        2,
        8.167,
        1,
        2,
        8.433,
        1,
        2,
        9.6,
        1,
        2,
        10.4,
        1,
        2,
        11.333,
        1,
        2,
        11.367,
        0,
        2,
        12,
        0
      ]
    },
    {
      "Target": "Parameter",
      "Id": "PARAM_RIGHT_ARM",
      "Segments": [
        0,
        0,
        0,
        0.5,
        0.716,
        2,
        0.667,
        0.716,
        0,
        1,
        0.992,
        2,
        1.667,
        0.992,
        0,
        2,
        0,
        0,
        2.3,
        0.7,
        0,
        2.467,
        0.5,
        0,
        3.133,
        0.568,
        0,
        3.467,
        0.488,
        1,
        3.522,
        0.488,
        3.578,
        0.563,
        3.633,
        0.57,
        1,
        4.189,
        0.637,
        4.744,
        0.663,
        5.3,
        0.663,
        0,
        5.667,
        0.595,
        0,
        5.833,
        0.797,
        1,
        6.455,
        0.798,
        7.078,
        0.799,
        7.7,
        0.8,
        0,
        7.933,
        1,
        2,
        8.167,
        1,
        0,
        8.467,
        0.719,
        0,
        9.267,
        1,
        2,
        9.6,
        1,
        1,
        9.9,
        0.998,
        10.2,
        0.852,
        10.5,
        0.761,
        1,
        10.556,
        0.744,
        10.611,
        0.523,
        10.667,
        0.514,
        1,
        10.778,
        0.495,
        10.889,
        0.49,
        11,
        0.475,
        1,
        11.1,
        0.461,
        11.2,
        0.457,
        11.3,
        0.426,
        1,
        11.444,
        0.382,
        11.589,
        0.174,
        11.733,
        0.074,
        1,
        11.822,
        0.013,
        11.911,
        0,
        12,
        0
      ]
    },
    {
      "Target": "Parameter",
      "Id": "PARAM_ARM_R",
      "Segments": [
        0,
        2.28,
        0,
        0.5,
        3.91,
        2,
        0.667,
        3.91,
        0,
        1,
        3.625,
        2,
        1.667,
        3.625,
        1,
        1.778,
        3.625,
        1.889,
        3.151,
        2,
        2,
        1,
        2.044,
        1.54,
        2.089,
        1.18,
        2.133,
        1.18,
        1,
        2.278,
        1.18,
        2.422,
        3.72,
        2.567,
        3.9,
        1,
        2.756,
        4.136,
        2.944,
        4.11,
        3.133,
        4.11,
        0,
        3.467,
        3.925,
        0,
        3.633,
        4.014,
        1,
        4.189,
        4.014,
        4.744,
        4.003,
        5.3,
        3.964,
        1,
        5.422,
        3.956,
        5.545,
        3.92,
        5.667,
        3.92,
        0,
        5.833,
        4.119,
        2,
        7.7,
        4.119,
        0,
        7.933,
        4.5,
        2,
        8.167,
        4.5,
        1,
        8.256,
        4.5,
        8.344,
        4.015,
        8.433,
        4.01,
        1,
        8.822,
        3.989,
        9.211,
        3.977,
        9.6,
        3.958,
        1,
        9.867,
        3.944,
        10.133,
        3.925,
        10.4,
        3.906,
        1,
        10.422,
        3.904,
        10.445,
        3.344,
        10.467,
        2.699,
        1,
        10.5,
        1.732,
        10.534,
        0,
        10.567,
        0,
        1,
        10.8,
        0,
        11.034,
        -0.005,
        11.267,
        0.135,
        1,
        11.422,
        0.229,
        11.578,
        1.38,
        11.733,
        1.904,
        1,
        11.822,
        2.203,
        11.911,
        2.28,
        12,
        2.28
      ]
    },
    {
      "Target": "Parameter",
      "Id": "PARAM_ARM_R_TOUSHI2",
      "Segments": [
        0,
        0,
        0,
        0.5,
        0.5,
        2,
        7.7,
        0.5,
        2,
        10.3,
        0.5,
        0,
        12,
        0
      ]
    },
    {
      "Target": "Parameter",
      "Id": "PARAM_TOUSHI_R",
      "Segments": [
        0,
        0.285,
        0,
        0.5,
        0.669,
        2,
        0.667,
        0.669,
        0,
        1,
        0.722,
        1,
        1.222,
        0.722,
        1.445,
        0.678,
        1.667,
        0.6,
        1,
        1.778,
        0.561,
        1.889,
        0.515,
        2,
        0.491,
        1,
        2.378,
        0.41,
        2.755,
        0.381,
        3.133,
        0.381,
        0,
        3.467,
        0.7,
        0,
        3.633,
        0.35,
        2,
        5.3,
        0.35,
        0,
        5.833,
        0.5,
        2,
        7.7,
        0.5,
        1,
        7.944,
        0.5,
        8.189,
        0.547,
        8.433,
        0.7,
        1,
        8.711,
        0.874,
        8.989,
        1,
        9.267,
        1,
        2,
        9.6,
        1,
        2,
        10.3,
        1,
        0,
        10.567,
        0,
        0,
        10.733,
        0.285,
        2,
        12,
        0.285
      ]
    },
    {
      "Target": "Parameter",
      "Id": "PARAM_ARM_R_02",
      "Segments": [
        0,
        -1,
        0,
        0.333,
        0.543,
        1,
        0.444,
        0.543,
        0.556,
        0.244,
        0.667,
        0.142,
        1,
        0.722,
        0.091,
        0.778,
        0.108,
        0.833,
        0.108,
        0,
        1.167,
        0.196,
        2,
        1.667,
        0.196,
        0,
        1.967,
        0.018,
        1,
        1.978,
        0.018,
        1.989,
        0.143,
        2,
        0.16,
        1,
        2.156,
        0.4,
        2.311,
        0.5,
        2.467,
        0.5,
        0,
        2.7,
        0.23,
        2,
        3.3,
        0.23,
        0,
        3.467,
        0.4,
        0,
        3.633,
        0.1,
        2,
        5.3,
        0.1,
        0,
        5.733,
        0.5,
        0,
        5.9,
        0.4,
        2,
        7.833,
        0.4,
        0,
        8,
        -0.122,
        0,
        8.433,
        0.024,
        1,
        8.822,
        0.024,
        9.211,
        0.028,
        9.6,
        -0.058,
        1,
        9.911,
        -0.127,
        10.222,
        -0.438,
        10.533,
        -0.438,
        1,
        10.589,
        -0.438,
        10.644,
        -0.373,
        10.7,
        -0.232,
        1,
        10.811,
        0.05,
        10.922,
        0.196,
        11.033,
        0.196,
        0,
        12,
        -1
      ]
    },
    {
      "Target": "Parameter",
      "Id": "PARAM_HAND_R",
      "Segments": [
        0,
        0,
        2,
        0.3,
        0,
        0,
        0.333,
        0.5,
        2,
        1.967,
        0.5,
        2,
        2,
        0.5,
        2,
        7.833,
        0.5,
        2,
        7.867,
        0.5,
        2,
        8.433,
        0.5,
        2,
        10.533,
        0.5,
        0,
        10.6,
        0,
        2,
        11.667,
        0,
        2,
        11.733,
        0,
        2,
        12,
        0
      ]
    },
    {
      "Target": "Parameter",
      "Id": "PARAM_HAND_R2",
      "Segments": [
        0,
        0,
        2,
        0.3,
        0,
        2,
        0.333,
        1,
        2,
        1.967,
        1,
        2,
        2,
        1,
        2,
        7.833,
        1,
        2,
        7.867,
        1,
        2,
        8.433,
        1,
        2,
        10.533,
        1,
        2,
        10.6,
        1,
        2,
        11.667,
        1,
        0,
        11.733,
        0,
        2,
        12,
        0
      ]
    },
    {
      "Target": "Parameter",
      "Id": "PARAM_HAND_R_02",
      "Segments": [
        0,
        0,
        0,
        0.5,
        1,
        2,
        0.667,
        1,
        0,
        1,
        0.999,
        2,
        1.667,
        0.999,
        2,
        1.967,
        0.999,
        2,
        2,
        -1,
        2,
        2.633,
        -1,
        2,
        3.467,
        -1,
        2,
        5.3,
        -1,
        2,
        7.7,
        -1,
        2,
        7.833,
        -1,
        0,
        7.867,
        0.2,
        0,
        8.433,
        -1,
        2,
        9.6,
        -1,
        2,
        10.567,
        -1,
        0,
        10.733,
        0,
        2,
        12,
        0
      ]
    },
    {
      "Target": "Parameter",
      "Id": "PARAM_HAND_R_LEVEL",
      "Segments": [
        0,
        1,
        2,
        1,
        1,
        2,
        1.667,
        1,
        2,
        1.967,
        1,
        2,
        2,
        1,
        2,
        5.3,
        1,
        2,
        7.7,
        1,
        2,
        9.6,
        1,
        2,
        10.567,
        1,
        0,
        10.633,
        0.9,
        2,
        10.667,
        0.9,
        0,
        10.733,
        1,
        2,
        12,
        1
      ]
    },
    {
      "Target": "Parameter",
      "Id": "PARAM_CHICKEN",
      "Segments": [
        0,
        0,
        2,
        1,
        0,
        2,
        1.667,
        0,
        2,
        1.967,
        0,
        0,
        2,
        0.25,
        2,
        3.467,
        0.25,
        0,
        3.567,
        0.5,
        2,
        5.3,
        0.5,
        2,
        5.767,
        0.5,
        0,
        5.8,
        0.75,
        2,
        7.7,
        0.75,
        2,
        7.933,
        0.75,
        0,
        8.1,
        1,
        2,
        9.6,
        1,
        2,
        10.033,
        1,
        2,
        10.067,
        0,
        2,
        12,
        0
      ]
    },
    {
      "Target": "Parameter",
      "Id": "PARAM_CHICKEN_MOVE",
      "Segments": [
        0,
        0,
        2,
        1,
        0,
        2,
        1.667,
        0,
        2,
        2,
        0,
        2,
        2.633,
        0,
        2,
        3.467,
        0,
        2,
        5.3,
        0,
        2,
        7.7,
        0,
        2,
        7.933,
        0,
        1,
        7.989,
        0,
        8.044,
        3.442,
        8.1,
        3.5,
        1,
        8.6,
        4.021,
        9.1,
        4.55,
        9.6,
        4.913,
        1,
        9.744,
        5.017,
        9.889,
        5,
        10.033,
        5,
        0,
        12,
        0
      ]
    },
    {
      "Target": "Parameter",
      "Id": "PARAM_EYE_L_OPEN",
      "Segments": [
        0,
        1,
        0,
        0.1,
        0,
        0,
        0.233,
        1,
        2,
        1,
        1,
        0,
        1.133,
        0,
        0,
        1.267,
        0.9,
        2,
        2,
        0.9,
        0,
        2.467,
        1,
        2,
        3.467,
        1,
        0,
        3.633,
        0,
        2,
        5.3,
        0,
        2,
        7.7,
        0,
        2,
        7.933,
        0,
        2,
        8.267,
        0,
        2,
        9.6,
        0,
        2,
        10.033,
        0,
        2,
        10.633,
        0,
        0,
        10.8,
        0.996,
        0,
        11.4,
        0.9,
        0,
        12,
        1
      ]
    },
    {
      "Target": "Parameter",
      "Id": "PARAM_EYE_L_FORM",
      "Segments": [
        0,
        0.5,
        2,
        1,
        0.5,
        2,
        1.267,
        0.5,
        2,
        2,
        0.5,
        2,
        2.467,
        0.5,
        2,
        5.3,
        0.5,
        2,
        7.7,
        0.5,
        2,
        7.933,
        0.5,
        0,
        8.267,
        1,
        2,
        9.6,
        1,
        2,
        10.033,
        1,
        0,
        12,
        0.5
      ]
    },
    {
      "Target": "Parameter",
      "Id": "PARAM_EYE_R_OPEN",
      "Segments": [
        0,
        1,
        0,
        0.1,
        0,
        0,
        0.233,
        1,
        2,
        1,
        1,
        0,
        1.133,
        0,
        0,
        1.267,
        0.9,
        2,
        2,
        0.9,
        0,
        2.467,
        1,
        2,
        3.467,
        1,
        0,
        3.633,
        0,
        2,
        5.3,
        0,
        2,
        7.7,
        0,
        2,
        7.933,
        0,
        2,
        8.267,
        0,
        2,
        9.6,
        0,
        2,
        10.033,
        0,
        2,
        10.633,
        0,
        0,
        10.8,
        0.996,
        0,
        11.4,
        0.9,
        0,
        12,
        1
      ]
    },
    {
      "Target": "Parameter",
      "Id": "PARAM_EYE_R_FORM",
      "Segments": [
        0,
        0.5,
        2,
        1,
        0.5,
        2,
        1.267,
        0.5,
        2,
        2,
        0.5,
        2,
        2.467,
        0.5,
        2,
        5.3,
        0.5,
        2,
        7.7,
        0.5,
        2,
        7.933,
        0.5,
        0,
        8.267,
        1,
        2,
        9.6,
        1,
        2,
        10.033,
        1,
        0,
        12,
        0.5
      ]
    },
    {
      "Target": "Parameter",
      "Id": "PARAM_EYE_BALL_X",
      "Segments": [
        0,
        0,
        0,
        0.5,
        -0.5,
        2,
        0.667,
        -0.5,
        0,
        1,
        0.4,
        2,
        1.667,
        0.4,
        1,
        1.778,
        0.4,
        1.889,
        0.388,
        2,
        0.31,
        1,
        2.1,
        0.24,
        2.2,
        0.183,
        2.3,
        0,
        1,
        2.411,
        -0.203,
        2.522,
        -1,
        2.633,
        -1,
        0,
        2.8,
        -0.5,
        0,
        2.967,
        -1,
        0,
        3.133,
        -0.5,
        0,
        3.3,
        -1,
        0,
        5.3,
        -0.4,
        2,
        7.7,
        -0.4,
        2,
        9.6,
        -0.4,
        2,
        10.033,
        -0.4,
        0,
        12,
        0
      ]
    },
    {
      "Target": "Parameter",
      "Id": "PARAM_EYE_BALL_Y",
      "Segments": [
        0,
        0,
        2,
        0.5,
        0,
        2,
        0.667,
        0,
        0,
        1,
        -0.002,
        2,
        1.667,
        -0.002,
        0,
        2,
        -1,
        2,
        2.3,
        -1,
        2,
        2.633,
        -1,
        2,
        3.467,
        -1,
        2,
        5.3,
        -1,
        2,
        7.7,
        -1,
        2,
        9.6,
        -1,
        2,
        10.033,
        -1,
        0,
        12,
        0
      ]
    },
    {
      "Target": "Parameter",
      "Id": "PARAM_EYE_BALL_KIRAKIRA",
      "Segments": [
        0,
        0,
        2,
        1,
        0,
        2,
        1.667,
        0,
        2,
        2,
        0,
        2,
        2.633,
        0,
        0,
        2.8,
        1,
        2,
        3.8,
        1,
        2,
        5.3,
        1,
        2,
        7.7,
        1,
        0,
        9.6,
        0,
        2,
        12,
        0
      ]
    },
    {
      "Target": "Parameter",
      "Id": "PARAM_EYE_kira_R2",
      "Segments": [
        0,
        0.5,
        2,
        1,
        0.5,
        2,
        1.667,
        0.5,
        2,
        2,
        0.5,
        2,
        2.633,
        0.5,
        0,
        2.8,
        1,
        0,
        3.133,
        0,
        0,
        3.467,
        1,
        0,
        3.633,
        0,
        0,
        3.8,
        1,
        2,
        5.3,
        1,
        2,
        7.7,
        1,
        2,
        9.6,
        1,
        2,
        10.033,
        1,
        0,
        12,
        0.5
      ]
    },
    {
      "Target": "Parameter",
      "Id": "PARAM_EYE_kira_L2",
      "Segments": [
        0,
        0.5,
        2,
        1,
        0.5,
        2,
        1.667,
        0.5,
        2,
        2,
        0.5,
        2,
        2.633,
        0.5,
        0,
        2.8,
        0,
        0,
        3.133,
        1,
        0,
        3.467,
        0,
        0,
        3.633,
        1,
        0,
        3.8,
        0,
        2,
        5.3,
        0,
        2,
        7.7,
        0,
        2,
        9.6,
        0,
        2,
        10.033,
        0,
        0,
        12,
        0.5
      ]
    },
    {
      "Target": "Parameter",
      "Id": "PARAM_BROW_L_Y",
      "Segments": [
        0,
        0,
        0,
        0.1,
        -1,
        0,
        0.233,
        0,
        2,
        1,
        0,
        0,
        1.133,
        -1,
        0,
        1.267,
        0,
        2,
        1.667,
        0,
        2,
        2,
        0,
        0,
        2.467,
        1,
        2,
        3.467,
        1,
        0,
        3.633,
        -1,
        2,
        8.467,
        -1,
        0,
        9.3,
        0,
        2,
        9.6,
        0,
        2,
        10.033,
        0,
        0,
        10.567,
        -1,
        0,
        10.8,
        0.1,
        0,
        12,
        0
      ]
    },
    {
      "Target": "Parameter",
      "Id": "PARAM_BROW_R_Y",
      "Segments": [
        0,
        0,
        0,
        0.1,
        -1,
        0,
        0.233,
        0,
        2,
        1,
        0,
        0,
        1.133,
        -1,
        0,
        1.267,
        0,
        2,
        1.667,
        0,
        2,
        2,
        0,
        0,
        2.467,
        1,
        2,
        3.467,
        1,
        0,
        3.633,
        -1,
        2,
        8.467,
        -1,
        0,
        9.3,
        0,
        2,
        9.6,
        0,
        2,
        10.033,
        0,
        0,
        10.567,
        -1,
        0,
        10.8,
        0.1,
        0,
        12,
        0
      ]
    },
    {
      "Target": "Parameter",
      "Id": "PARAM_BROW_L_ANGLE",
      "Segments": [
        0,
        0,
        2,
        1,
        0,
        2,
        1.667,
        0,
        2,
        2,
        0,
        2,
        5.3,
        0,
        2,
        7.7,
        0,
        2,
        8.6,
        0,
        0,
        9.3,
        0.5,
        2,
        9.6,
        0.5,
        2,
        10.033,
        0.5,
        2,
        10.567,
        0.5,
        0,
        12,
        0
      ]
    },
    {
      "Target": "Parameter",
      "Id": "PARAM_BROW_R_ANGLE",
      "Segments": [
        0,
        0,
        2,
        1,
        0,
        2,
        1.667,
        0,
        2,
        2,
        0,
        2,
        5.3,
        0,
        2,
        7.7,
        0,
        2,
        8.6,
        0,
        0,
        9.3,
        0.5,
        2,
        9.6,
        0.5,
        2,
        10.033,
        0.5,
        2,
        10.567,
        0.5,
        0,
        12,
        0
      ]
    },
    {
      "Target": "Parameter",
      "Id": "PARAM_BROW_L_FORM",
      "Segments": [
        0,
        0.5,
        0,
        1,
        1,
        2,
        1.667,
        1,
        2,
        2,
        1,
        0,
        5.3,
        0.5,
        2,
        7.7,
        0.5,
        2,
        8.6,
        0.5,
        0,
        9.3,
        -0.3,
        2,
        9.6,
        -0.3,
        2,
        10.033,
        -0.3,
        2,
        10.567,
        -0.3,
        0,
        12,
        0.5
      ]
    },
    {
      "Target": "Parameter",
      "Id": "PARAM_BROW_R_FORM",
      "Segments": [
        0,
        0.5,
        2,
        1,
        0.5,
        2,
        1.667,
        0.5,
        2,
        2,
        0.5,
        2,
        5.3,
        0.5,
        2,
        7.7,
        0.5,
        2,
        8.6,
        0.5,
        0,
        9.3,
        -0.3,
        2,
        9.6,
        -0.3,
        2,
        10.033,
        -0.3,
        2,
        10.567,
        -0.3,
        0,
        12,
        0.5
      ]
    },
    {
      "Target": "Parameter",
      "Id": "PARAM_MOUTH_OPEN",
      "Segments": [
        0,
        1.5,
        0,
        0.5,
        1,
        2,
        0.667,
        1,
        0,
        1,
        1.033,
        2,
        1.667,
        1.033,
        0,
        2,
        1.5,
        2,
        2.467,
        1.5,
        0,
        2.633,
        1,
        2,
        3.3,
        1,
        0,
        3.467,
        2,
        0,
        3.567,
        0,
        2,
        5.3,
        0,
        0,
        5.5,
        2,
        2,
        5.667,
        2,
        0,
        5.833,
        0,
        2,
        6,
        0,
        2,
        7.7,
        0,
        0,
        7.933,
        2,
        2,
        8.267,
        2,
        0,
        8.6,
        0,
        2,
        9.6,
        0,
        2,
        10.033,
        0,
        0,
        12,
        1.5
      ]
    },
    {
      "Target": "Parameter",
      "Id": "PARAM_MOUTH_FORM",
      "Segments": [
        0,
        -1,
        0,
        0.5,
        1,
        2,
        0.667,
        1,
        0,
        1,
        0.867,
        2,
        1.667,
        0.867,
        0,
        2,
        -1,
        2,
        2.467,
        -1,
        2,
        2.633,
        -1,
        2,
        3.3,
        -1,
        2,
        3.467,
        -1,
        0,
        3.567,
        1,
        2,
        5.3,
        1,
        0,
        5.5,
        0,
        2,
        5.667,
        0,
        0,
        5.833,
        1,
        2,
        6,
        1,
        2,
        7.7,
        1,
        0,
        7.933,
        -1,
        2,
        8.267,
        -1,
        2,
        8.6,
        -1,
        2,
        9.6,
        -1,
        2,
        10.033,
        -1,
        2,
        12,
        -1
      ]
    },
    {
      "Target": "Parameter",
      "Id": "PARAM_MOUTH_SPECIAL",
      "Segments": [
        0,
        0,
        2,
        1,
        0,
        2,
        1.667,
        0,
        2,
        2,
        0,
        2,
        2.467,
        0,
        0,
        2.633,
        1,
        2,
        3.3,
        1,
        2,
        3.467,
        1,
        2,
        3.567,
        1,
        2,
        5.3,
        1,
        0,
        5.5,
        0,
        2,
        5.667,
        0,
        0,
        5.833,
        1,
        2,
        6,
        1,
        2,
        7.7,
        1,
        0,
        7.933,
        0,
        2,
        8.267,
        0,
        2,
        9.6,
        0,
        2,
        10.033,
        0,
        2,
        12,
        0
      ]
    },
    {
      "Target": "Parameter",
      "Id": "PARAM_MOUTH_SIZE",
      "Segments": [
        0,
        -0.5,
        2,
        1,
        -0.5,
        2,
        1.667,
        -0.5,
        2,
        2,
        -0.5,
        2,
        2.467,
        -0.5,
        0,
        3.467,
        0,
        2,
        3.567,
        0,
        2,
        5.3,
        0,
        2,
        5.5,
        0,
        0,
        5.667,
        1,
        0,
        6,
        0,
        2,
        6.067,
        0,
        2,
        7.7,
        0,
        2,
        9.6,
        0,
        2,
        10.033,
        0,
        0,
        12,
        -0.5
      ]
    },
    {
      "Target": "Parameter",
      "Id": "PARAM_MOUTH_X",
      "Segments": [
        0,
        0,
        2,
        1,
        0,
        2,
        1.667,
        0,
        2,
        2,
        0,
        2,
        3.467,
        0,
        0,
        3.567,
        0.2,
        0,
        3.833,
        -0.2,
        0,
        4.1,
        0.2,
        0,
        4.367,
        -0.2,
        0,
        4.633,
        0.2,
        0,
        4.933,
        -0.2,
        0,
        5.2,
        0.2,
        2,
        5.3,
        0.2,
        2,
        6.067,
        0.2,
        0,
        6.333,
        -0.2,
        0,
        6.6,
        0.2,
        0,
        6.867,
        -0.2,
        0,
        7.133,
        0.2,
        2,
        7.433,
        0.2,
        2,
        7.7,
        0.2,
        0,
        7.933,
        -0.2,
        0,
        9.6,
        0,
        2,
        10.033,
        0,
        2,
        12,
        0
      ]
    },
    {
      "Target": "Parameter",
      "Id": "PARAM_MOUTH_Y",
      "Segments": [
        0,
        0,
        2,
        1,
        0,
        2,
        1.667,
        0,
        2,
        2,
        0,
        2,
        3.467,
        0,
        0,
        3.7,
        -0.2,
        0,
        3.967,
        0.2,
        0,
        4.233,
        -0.2,
        0,
        4.5,
        0.2,
        0,
        4.8,
        -0.2,
        0,
        5.067,
        0.2,
        0,
        5.3,
        -0.2,
        2,
        6.2,
        -0.2,
        0,
        6.467,
        0.2,
        0,
        6.733,
        -0.2,
        0,
        7,
        0.2,
        2,
        7.3,
        0.2,
        0,
        7.7,
        -0.2,
        1,
        7.778,
        -0.2,
        7.855,
        -0.11,
        7.933,
        -0.1,
        1,
        8.489,
        -0.025,
        9.044,
        0,
        9.6,
        0,
        2,
        10.033,
        0,
        2,
        12,
        0
      ]
    },
    {
      "Target": "Parameter",
      "Id": "PARAM_SHY",
      "Segments": [
        0,
        0,
        2,
        1,
        0,
        2,
        1.667,
        0,
        2,
        2,
        0,
        2,
        5.3,
        0,
        2,
        7.7,
        0,
        0,
        7.933,
        1,
        2,
        8.267,
        1,
        2,
        9.6,
        1,
        2,
        10.033,
        1,
        0,
        12,
        0
      ]
    },
    {
      "Target": "Parameter",
      "Id": "PARAM_TERE",
      "Segments": [
        0,
        0.6,
        2,
        1,
        0.6,
        2,
        1.667,
        0.6,
        2,
        2,
        0.6,
        2,
        5.3,
        0.6,
        2,
        7.7,
        0.6,
        0,
        7.933,
        1,
        2,
        8.267,
        1,
        2,
        9.6,
        1,
        2,
        10.033,
        1,
        0,
        12,
        0.6
      ]
    },
    {
      "Target": "Parameter",
      "Id": "PARAM_FAT",
      "Segments": [
        0,
        0,
        2,
        1,
        0,
        2,
        1.667,
        0,
        2,
        2,
        0,
        2,
        3.567,
        0,
        0,
        3.633,
        1,
        0,
        5.3,
        0,
        2,
        5.8,
        0,
        2,
        5.833,
        1,
        0,
        7.7,
        0,
        2,
        9.6,
        0,
        2,
        10.033,
        0,
        2,
        12,
        0
      ]
    },
    {
      "Target": "Parameter",
      "Id": "PARAM_BREATH",
      "Segments": [
        0,
        0,
        2,
        1,
        0,
        2,
        1.667,
        0,
        2,
        2,
        0,
        2,
        3.633,
        0,
        0,
        3.967,
        0.5,
        0,
        4.3,
        0,
        0,
        4.633,
        0.5,
        0,
        4.967,
        0,
        0,
        5.3,
        0.5,
        0,
        5.5,
        0,
        0,
        5.833,
        0.5,
        0,
        6.167,
        0,
        0,
        6.5,
        0.5,
        0,
        6.833,
        0,
        0,
        7.167,
        0.5,
        0,
        7.5,
        0,
        0,
        7.7,
        0.5,
        1,
        8.333,
        0.5,
        8.967,
        0.315,
        9.6,
        0.057,
        1,
        9.744,
        -0.002,
        9.889,
        0,
        10.033,
        0,
        2,
        12,
        0
      ]
    },
    {
      "Target": "PartOpacity",
      "Id": "PARTS_GUDIAN",
      "Segments": [
        0,
        1,
        2,
        12,
        1
      ]
    },
    {
      "Target": "PartOpacity",
      "Id": "PARTS_01_ARM_L_01",
      "Segments": [
        0,
        1,
        2,
        12,
        1
      ]
    },
    {
      "Target": "PartOpacity",
      "Id": "PARTS_01_ARM_R_01",
      "Segments": [
        0,
        1,
        2,
        12,
        1
      ]
    },
    {
      "Target": "PartOpacity",
      "Id": "PARTS_01_BODY",
      "Segments": [
        0,
        1,
        2,
        2,
        1,
        2,
        9.6,
        1,
        2,
        12,
        1
      ]
    },
    {
      "Target": "PartOpacity",
      "Id": "PARTS_01_NECK",
      "Segments": [
        0,
        1,
        2,
        2,
        1,
        2,
        9.6,
        1,
        2,
        12,
        1
      ]
    },
    {
      "Target": "PartOpacity",
      "Id": "PARTS_01_HAIR_BACK_001",
      "Segments": [
        0,
        1,
        2,
        2,
        1,
        2,
        9.6,
        1,
        2,
        12,
        1
      ]
    },
    {
      "Target": "PartOpacity",
      "Id": "PARTS_01_HAIR_SIDE_001",
      "Segments": [
        0,
        1,
        2,
        2,
        1,
        2,
        9.6,
        1,
        2,
        12,
        1
      ]
    },
    {
      "Target": "PartOpacity",
      "Id": "PARTS_01_HAIR_FRONT_001",
      "Segments": [
        0,
        1,
        2,
        2,
        1,
        2,
        9.6,
        1,
        2,
        12,
        1
      ]
    },
    {
      "Target": "PartOpacity",
      "Id": "PARTS_01_EAR_001",
      "Segments": [
        0,
        1,
        2,
        2,
        1,
        2,
        9.6,
        1,
        2,
        12,
        1
      ]
    },
    {
      "Target": "PartOpacity",
      "Id": "PARTS_01_NOSE_001",
      "Segments": [
        0,
        1,
        2,
        2,
        1,
        2,
        9.6,
        1,
        2,
        12,
        1
      ]
    },
    {
      "Target": "PartOpacity",
      "Id": "PARTS_01_MOUTH_001",
      "Segments": [
        0,
        1,
        2,
        2,
        1,
        2,
        9.6,
        1,
        2,
        12,
        1
      ]
    },
    {
      "Target": "PartOpacity",
      "Id": "PARTS_01_BROW_001",
      "Segments": [
        0,
        1,
        2,
        2,
        1,
        2,
        9.6,
        1,
        2,
        12,
        1
      ]
    },
    {
      "Target": "PartOpacity",
      "Id": "PARTS_01_EYE_BALL_001",
      "Segments": [
        0,
        1,
        2,
        2,
        1,
        2,
        9.6,
        1,
        2,
        12,
        1
      ]
    },
    {
      "Target": "PartOpacity",
      "Id": "PARTS_01_EYE_001",
      "Segments": [
        0,
        1,
        2,
        2,
        1,
        2,
        9.6,
        1,
        2,
        12,
        1
      ]
    },
    {
      "Target": "PartOpacity",
      "Id": "PARTS_01_FACE_001",
      "Segments": [
        0,
        1,
        2,
        2,
        1,
        2,
        9.6,
        1,
        2,
        12,
        1
      ]
    },
    {
      "Target": "PartOpacity",
      "Id": "ROUGH",
      "Segments": [
        0,
        1,
        2,
        2,
        1,
        2,
        9.6,
        1,
        2,
        12,
        1
      ]
    },
    {
      "Target": "Model",
      "Id": "Opacity",
      "Segments": [
        0,
        1,
        0,
        12,
        1
      ]
    },
    {
      "Target": "Parameter",
      "Id": "PARAM_LEFT_ARM_TAI",
      "Segments": [
        0,
        0,
        0,
        12,
        0
      ]
    },
    {
      "Target": "Parameter",
      "Id": "PARAM_TANGDIE",
      "Segments": [
        0,
        0,
        0,
        12,
        0
      ]
    },
    {
      "Target": "Parameter",
      "Id": "PARAM_RIGHT_ARM_TAI",
      "Segments": [
        0,
        0.5,
        0,
        12,
        0.5
      ]
    },
    {
      "Target": "Parameter",
      "Id": "PARAM_YIFU",
      "Segments": [
        0,
        0,
        0,
        12,
        0
      ]
    },
    {
      "Target": "Parameter",
      "Id": "PARAM_BANSHOU",
      "Segments": [
        0,
        0,
        0,
        12,
        0
      ]
    },
    {
      "Target": "Parameter",
      "Id": "PARAM_BANSHOU_MOVE",
      "Segments": [
        0,
        0,
        0,
        12,
        0
      ]
    },
    {
      "Target": "Parameter",
      "Id": "PARAM_BANSHOU_MOVE_01",
      "Segments": [
        0,
        0,
        0,
        12,
        0
      ]
    },
    {
      "Target": "Parameter",
      "Id": "PARAM_SHAOZI",
      "Segments": [
        0,
        0,
        0,
        12,
        0
      ]
    },
    {
      "Target": "Parameter",
      "Id": "PARAM_SHAOZI_MOVE",
      "Segments": [
        0,
        0,
        0,
        12,
        0
      ]
    },
    {
      "Target": "Parameter",
      "Id": "PARAM_SHAOZI_MOVE_01",
      "Segments": [
        0,
        0,
        0,
        12,
        0
      ]
    },
    {
      "Target": "Parameter",
      "Id": "PARAM_SOUP",
      "Segments": [
        0,
        0,
        0,
        12,
        0
      ]
    },
    {
      "Target": "Parameter",
      "Id": "PARAM_JITA_CHUXIAN",
      "Segments": [
        0,
        0,
        0,
        12,
        0
      ]
    },
    {
      "Target": "Parameter",
      "Id": "PARAM_JITA_LEVEL",
      "Segments": [
        0,
        0,
        0,
        12,
        0
      ]
    },
    {
      "Target": "Parameter",
      "Id": "PARAM_JITA_MOVE_X",
      "Segments": [
        0,
        0,
        0,
        12,
        0
      ]
    },
    {
      "Target": "Parameter",
      "Id": "PARAM_JITA_MOVE_Y",
      "Segments": [
        0,
        0,
        0,
        12,
        0
      ]
    },
    {
      "Target": "Parameter",
      "Id": "PARAM_JITA_Z",
      "Segments": [
        0,
        0,
        0,
        12,
        0
      ]
    },
    {
      "Target": "Parameter",
      "Id": "PARAM_JITA_X",
      "Segments": [
        0,
        0,
        0,
        12,
        0
      ]
    },
    {
      "Target": "Parameter",
      "Id": "PARAM_JITA_Y",
      "Segments": [
        0,
        0,
        0,
        12,
        0
      ]
    },
    {
      "Target": "Parameter",
      "Id": "PARAM_JINADAI_X",
      "Segments": [
        0,
        0,
        0,
        12,
        0
      ]
    },
    {
      "Target": "Parameter",
      "Id": "PARAM_JIANDAI_Y",
      "Segments": [
        0,
        0,
        0,
        12,
        0
      ]
    },
    {
      "Target": "Parameter",
      "Id": "PARAM_JIANDAI_BACK_X",
      "Segments": [
        0,
        0,
        0,
        12,
        0
      ]
    },
    {
      "Target": "Parameter",
      "Id": "PARAM_JIANDAI_BACK_Y",
      "Segments": [
        0,
        0,
        0,
        12,
        0
      ]
    },
    {
      "Target": "Parameter",
      "Id": "PARAM_EYE_BALL_FORM",
      "Segments": [
        0,
        0,
        0,
        12,
        0
      ]
    },
    {
      "Target": "Parameter",
      "Id": "PARAM_EYE_BALL_SAD",
      "Segments": [
        0,
        0,
        0,
        12,
        0
      ]
    },
    {
      "Target": "Parameter",
      "Id": "PARAM_EYE_BALL_BAIYAN",
      "Segments": [
        0,
        0,
        0,
        12,
        0
      ]
    },
    {
      "Target": "Parameter",
      "Id": "PARAM_EYE_kira_R1",
      "Segments": [
        0,
        1,
        0,
        12,
        1
      ]
    },
    {
      "Target": "Parameter",
      "Id": "PARAM_EYE_kira_L1",
      "Segments": [
        0,
        1,
        0,
        12,
        1
      ]
    },
    {
      "Target": "Parameter",
      "Id": "PARAM_EYE_TI1",
      "Segments": [
        0,
        0,
        0,
        12,
        0
      ]
    },
    {
      "Target": "Parameter",
      "Id": "PARAM_EYE_TI2",
      "Segments": [
        0,
        0,
        0,
        12,
        0
      ]
    },
    {
      "Target": "Parameter",
      "Id": "PARAM_EYE_SPECIAL",
      "Segments": [
        0,
        0,
        0,
        12,
        0
      ]
    },
    {
      "Target": "Parameter",
      "Id": "PARAM_EYE_DEFROM",
      "Segments": [
        0,
        0,
        0,
        12,
        0
      ]
    },
    {
      "Target": "Parameter",
      "Id": "PARAM_BROW_L_X",
      "Segments": [
        0,
        0,
        0,
        12,
        0
      ]
    },
    {
      "Target": "Parameter",
      "Id": "PARAM_BROW_R_X",
      "Segments": [
        0,
        0,
        0,
        12,
        0
      ]
    },
    {
      "Target": "Parameter",
      "Id": "PARAM_MOUTH_WIDTH",
      "Segments": [
        0,
        1,
        0,
        12,
        1
      ]
    },
    {
      "Target": "Parameter",
      "Id": "PARAM_MOUTH_DEFORM_SPECIAL",
      "Segments": [
        0,
        0,
        0,
        12,
        0
      ]
    },
    {
      "Target": "Parameter",
      "Id": "PARAM_TERE2",
      "Segments": [
        0,
        0,
        0,
        12,
        0
      ]
    },
    {
      "Target": "Parameter",
      "Id": "PARAM_WATER",
      "Segments": [
        0,
        0,
        0,
        12,
        0
      ]
    },
    {
      "Target": "Parameter",
      "Id": "PARAM_HAN",
      "Segments": [
        0,
        0,
        0,
        12,
        0
      ]
    },
    {
      "Target": "Parameter",
      "Id": "PARAM_ANGRY",
      "Segments": [
        0,
        0,
        0,
        12,
        0
      ]
    },
    {
      "Target": "Parameter",
      "Id": "PARAM_HEI",
      "Segments": [
        0,
        -1,
        0,
        12,
        -1
      ]
    },
    {
      "Target": "Parameter",
      "Id": "PARAM_LIANHEIXIAN",
      "Segments": [
        0,
        0,
        0,
        12,
        0
      ]
    },
    {
      "Target": "Parameter",
      "Id": "PARAM_HEIXIAN",
      "Segments": [
        0,
        0,
        0,
        12,
        0
      ]
    },
    {
      "Target": "Parameter",
      "Id": "PARAM_YINYING",
      "Segments": [
        0,
        0,
        0,
        12,
        0
      ]
    },
    {
      "Target": "Parameter",
      "Id": "PARAM_TANQI",
      "Segments": [
        0,
        0,
        0,
        12,
        0
      ]
    },
    {
      "Target": "Parameter",
      "Id": "PARAM_ZHAMAO",
      "Segments": [
        0,
        0,
        0,
        12,
        0
      ]
    },
    {
      "Target": "Parameter",
      "Id": "PARAM_RU_X",
      "Segments": [
        0,
        0,
        0,
        12,
        0
      ]
    },
    {
      "Target": "Parameter",
      "Id": "PARAM_RU_Y",
      "Segments": [
        0,
        0,
        0,
        12,
        0
      ]
    },
    {
      "Target": "Parameter",
      "Id": "PARAM_HAIR_FRONT",
      "Segments": [
        0,
        0,
        0,
        12,
        0
      ]
    },
    {
      "Target": "Parameter",
      "Id": "PARAM_HAIR_FROUT_2",
      "Segments": [
        0,
        0,
        0,
        12,
        0
      ]
    },
    {
      "Target": "Parameter",
      "Id": "PARAM_HAIR_FROUT_WAVE",
      "Segments": [
        0,
        0,
        0,
        12,
        0
      ]
    },
    {
      "Target": "Parameter",
      "Id": "PARAM_HAIR_SIDE_R",
      "Segments": [
        0,
        0,
        0,
        12,
        0
      ]
    },
    {
      "Target": "Parameter",
      "Id": "PARAM_HAIR_SIDE_R2",
      "Segments": [
        0,
        0,
        0,
        12,
        0
      ]
    },
    {
      "Target": "Parameter",
      "Id": "PARAM_HAIR_SIDE_WAVE",
      "Segments": [
        0,
        0,
        0,
        12,
        0
      ]
    },
    {
      "Target": "Parameter",
      "Id": "PARAM_HAIR_SIDE_R3",
      "Segments": [
        0,
        0,
        0,
        12,
        0
      ]
    },
    {
      "Target": "Parameter",
      "Id": "PARAM_HAIR_SIDE_L",
      "Segments": [
        0,
        0,
        0,
        12,
        0
      ]
    },
    {
      "Target": "Parameter",
      "Id": "PARAM_HAIR_SIDE_L3",
      "Segments": [
        0,
        0,
        0,
        12,
        0
      ]
    },
    {
      "Target": "Parameter",
      "Id": "PARAM_HAIR_BACK_WAVE",
      "Segments": [
        0,
        0,
        0,
        12,
        0
      ]
    },
    {
      "Target": "Parameter",
      "Id": "PARAM_XIANQUNZI_1",
      "Segments": [
        0,
        0,
        0,
        12,
        0
      ]
    },
    {
      "Target": "Parameter",
      "Id": "PARAM_XIANQUNZI_2",
      "Segments": [
        0,
        0,
        0,
        12,
        0
      ]
    },
    {
      "Target": "Parameter",
      "Id": "PARAM_YICENGQUN_YIDUAN_SHAKE",
      "Segments": [
        0,
        0,
        0,
        12,
        0
      ]
    },
    {
      "Target": "Parameter",
      "Id": "PARAM_PARAM_YICENGQUN_ERDUAN_SHAKE",
      "Segments": [
        0,
        0,
        0,
        12,
        0
      ]
    },
    {
      "Target": "Parameter",
      "Id": "PARAM_YICENGSHA_1DUAN_SHAKE",
      "Segments": [
        0,
        0,
        0,
        12,
        0
      ]
    },
    {
      "Target": "Parameter",
      "Id": "PARAM_YICESHA_2DUAN_SHAKE",
      "Segments": [
        0,
        0,
        0,
        12,
        0
      ]
    },
    {
      "Target": "Parameter",
      "Id": "PARAM_ERCENGSHA_1DUAN_SHAKE",
      "Segments": [
        0,
        0,
        0,
        12,
        0
      ]
    },
    {
      "Target": "Parameter",
      "Id": "PARAM_ERCENGSAHA_2DUAN_SHAKE",
      "Segments": [
        0,
        0,
        0,
        12,
        0
      ]
    }
  ],
  "UserData": []
}