{
  "Version": 3,
  "Meta": {
    "Duration": 5.67,
    "Fps": 30.0,
    "Loop": true,
    "AreBeziersRestricted": true,
    "CurveCount": 134,
    "TotalSegmentCount": 528,
    "TotalPointCount": 604,
    "UserDataCount": 0,
    "TotalUserDataSize": 0
  },
  "Curves": [
    {
      "Target": "Parameter",
      "Id": "PARAM_ANGLE_X",
      "Segments": [
        0,
        -4,
        0,
        0.5,
        -22,
        0,
        1,
        2.48,
        0,
        1.167,
        -2.48,
        0,
        1.333,
        2.48,
        0,
        1.5,
        -2.48,
        0,
        1.667,
        2.48,
        0,
        1.833,
        -2.48,
        0,
        2,
        2.48,
        0,
        2.167,
        -2.48,
        0,
        2.333,
        -0.047,
        0,
        2.667,
        -30,
        2,
        3.833,
        -30,
        0,
        4.167,
        -8,
        2,
        5,
        -8,
        0,
        5.667,
        -4
      ]
    },
    {
      "Target": "Parameter",
      "Id": "PARAM_ANGLE_Y",
      "Segments": [
        0,
        -8,
        1,
        0.167,
        -11.557,
        0.333,
        -15.088,
        0.5,
        -16.14,
        1,
        0.667,
        -17.192,
        0.833,
        -17.128,
        1,
        -17.128,
        2,
        2.333,
        -17.128,
        0,
        2.667,
        -18,
        0,
        3,
        5,
        0,
        3.333,
        -18,
        0,
        3.833,
        -13,
        2,
        4.167,
        -13,
        2,
        5,
        -13,
        0,
        5.667,
        -8
      ]
    },
    {
      "Target": "Parameter",
      "Id": "PARAM_ANGLE_Z",
      "Segments": [
        0,
        -8,
        1,
        0.167,
        -8,
        0.333,
        -8.228,
        0.5,
        -7,
        1,
        0.667,
        -5.772,
        0.833,
        21.919,
        1,
        21.919,
        0,
        1.167,
        14.959,
        0,
        1.333,
        21.919,
        0,
        1.5,
        14.959,
        0,
        1.667,
        21.919,
        0,
        1.833,
        14.959,
        0,
        2,
        21.919,
        0,
        2.167,
        14.959,
        0,
        2.333,
        21.919,
        0,
        2.667,
        -30,
        0,
        3,
        3.84,
        0,
        3.333,
        -30,
        2,
        3.833,
        -30,
        0,
        4.167,
        21,
        2,
        5,
        21,
        0,
        5.667,
        -8
      ]
    },
    {
      "Target": "Parameter",
      "Id": "PARAM_BODY_ANGLE_X",
      "Segments": [
        0,
        -0.047,
        1,
        0.167,
        -0.896,
        0.333,
        -2,
        0.5,
        -2,
        0,
        0.933,
        0.972,
        0,
        1.1,
        0,
        0,
        1.267,
        0.972,
        0,
        1.433,
        0,
        0,
        1.6,
        0.972,
        0,
        1.767,
        0,
        0,
        1.933,
        0.972,
        1,
        1.989,
        0.972,
        2.044,
        0.005,
        2.1,
        0,
        1,
        2.156,
        -0.005,
        2.211,
        0,
        2.267,
        -0.008,
        1,
        2.378,
        -0.023,
        2.489,
        -3,
        2.6,
        -3,
        0,
        2.933,
        0,
        0,
        3.433,
        -5,
        2,
        3.833,
        -5,
        1,
        3.944,
        -5,
        4.056,
        1.638,
        4.167,
        2,
        1,
        4.445,
        2.905,
        4.722,
        3,
        5,
        3,
        0,
        5.667,
        -0.047
      ]
    },
    {
      "Target": "Parameter",
      "Id": "PARAM_BODY_ANGLE_Y",
      "Segments": [
        0,
        0,
        0,
        0.5,
        5,
        0,
        0.933,
        0,
        2,
        2.267,
        0,
        0,
        2.433,
        4,
        0,
        2.6,
        0,
        0,
        2.933,
        7,
        0,
        3.433,
        0,
        2,
        3.833,
        0,
        2,
        4.167,
        0,
        2,
        5,
        0,
        0,
        5.333,
        3,
        0,
        5.667,
        0
      ]
    },
    {
      "Target": "Parameter",
      "Id": "PARAM_BODY_ANGLE_Z",
      "Segments": [
        0,
        0,
        0,
        0.5,
        -0.992,
        0,
        0.933,
        1.994,
        0,
        1.1,
        1.494,
        0,
        1.267,
        1.994,
        0,
        1.433,
        1.494,
        0,
        1.6,
        1.994,
        0,
        1.767,
        1.494,
        0,
        1.933,
        1.994,
        0,
        2.1,
        1.494,
        0,
        2.267,
        1.994,
        0,
        2.6,
        -2,
        0,
        2.933,
        0,
        0,
        3.433,
        -2,
        2,
        3.833,
        -2,
        1,
        3.944,
        -2,
        4.056,
        0.647,
        4.167,
        1,
        1,
        4.445,
        1.883,
        4.722,
        2,
        5,
        2,
        0,
        5.667,
        0
      ]
    },
    {
      "Target": "Parameter",
      "Id": "PARAM_UPPER_BODY",
      "Segments": [
        0,
        0,
        0,
        0.5,
        -0.926,
        0,
        0.933,
        1.995,
        0,
        1.1,
        1.535,
        0,
        1.267,
        1.995,
        0,
        1.433,
        1.535,
        0,
        1.6,
        1.995,
        0,
        1.767,
        1.535,
        0,
        1.933,
        1.995,
        0,
        2.1,
        1.535,
        0,
        2.267,
        1.995,
        0,
        2.6,
        -2,
        0,
        2.933,
        0,
        0,
        3.433,
        -1,
        2,
        3.833,
        -1,
        1,
        3.944,
        -1,
        4.056,
        0.655,
        4.167,
        1,
        1,
        4.445,
        1.862,
        4.722,
        2,
        5,
        2,
        0,
        5.667,
        0
      ]
    },
    {
      "Target": "Parameter",
      "Id": "PARAM_LEFT_ARM",
      "Segments": [
        0,
        0.349,
        1,
        0.167,
        0.289,
        0.333,
        0.141,
        0.5,
        0.141,
        1,
        0.667,
        0.141,
        0.833,
        0.243,
        1,
        0.279,
        1,
        1.444,
        0.376,
        1.889,
        0.398,
        2.333,
        0.398,
        0,
        2.667,
        0.141,
        0,
        3.167,
        0.209,
        0,
        3.833,
        0.141,
        0,
        4.167,
        0.25,
        2,
        5,
        0.25,
        0,
        5.333,
        0.497,
        0,
        5.667,
        0.349
      ]
    },
    {
      "Target": "Parameter",
      "Id": "PARAM_ARM_L",
      "Segments": [
        0,
        -1,
        2,
        0.5,
        -1,
        2,
        1,
        -1,
        2,
        2.333,
        -1,
        1,
        2.444,
        -1,
        2.556,
        2.92,
        2.667,
        3.008,
        1,
        2.834,
        3.139,
        3,
        3.128,
        3.167,
        3.128,
        0,
        3.833,
        3.008,
        0,
        4.167,
        3.158,
        2,
        5,
        3.158,
        0,
        5.667,
        -1
      ]
    },
    {
      "Target": "Parameter",
      "Id": "PARAM_ARM_L_TOUSHI2",
      "Segments": [
        0,
        0,
        2,
        0.5,
        0,
        2,
        1,
        0,
        2,
        2.333,
        0,
        2,
        2.667,
        0,
        0,
        2.767,
        0.229,
        2,
        3.167,
        0.229,
        0,
        3.333,
        0.203,
        2,
        5,
        0.203,
        0,
        5.667,
        0
      ]
    },
    {
      "Target": "Parameter",
      "Id": "PARAM_TOUSHI_L",
      "Segments": [
        0,
        0,
        2,
        0.5,
        0,
        2,
        1,
        0,
        2,
        2.333,
        0,
        0,
        2.667,
        0.777,
        2,
        4.167,
        0.777,
        2,
        5,
        0.777,
        0,
        5.667,
        0
      ]
    },
    {
      "Target": "Parameter",
      "Id": "PARAM_ARM_L_02",
      "Segments": [
        0,
        0.9,
        1,
        0.167,
        0.833,
        0.333,
        0.799,
        0.5,
        0.799,
        1,
        0.667,
        0.799,
        0.833,
        0.798,
        1,
        0.8,
        1,
        1.478,
        0.803,
        1.955,
        1,
        2.433,
        1,
        1,
        2.544,
        1,
        2.656,
        0.517,
        2.767,
        0.508,
        1,
        2.9,
        0.497,
        3.034,
        0.499,
        3.167,
        0.499,
        0,
        3.333,
        0.63,
        2,
        3.833,
        0.63,
        0,
        4.167,
        0.508,
        2,
        5,
        0.508,
        0,
        5.667,
        0.9
      ]
    },
    {
      "Target": "Parameter",
      "Id": "PARAM_HAND_L",
      "Segments": [
        0,
        0,
        2,
        0.5,
        0,
        2,
        1,
        0,
        2,
        2.467,
        0,
        0,
        2.5,
        0.5,
        2,
        4.167,
        0.5,
        2,
        5,
        0.5,
        2,
        5.333,
        0.5,
        0,
        5.367,
        0,
        2,
        5.667,
        0
      ]
    },
    {
      "Target": "Parameter",
      "Id": "PARAM_HAND_L2",
      "Segments": [
        0,
        0,
        2,
        0.5,
        0,
        2,
        1,
        0,
        2,
        2.467,
        0,
        2,
        2.5,
        1,
        2,
        4.167,
        1,
        2,
        5,
        1,
        2,
        5.333,
        1,
        2,
        5.367,
        0,
        2,
        5.667,
        0
      ]
    },
    {
      "Target": "Parameter",
      "Id": "PARAM_HAND_L_02",
      "Segments": [
        0,
        0,
        2,
        0.5,
        0,
        2,
        1,
        0,
        2,
        2.333,
        0,
        0,
        2.667,
        -1,
        2,
        4.167,
        -1,
        2,
        5,
        -1,
        0,
        5.667,
        0
      ]
    },
    {
      "Target": "Parameter",
      "Id": "PARAM_HAND_L_LEVEL",
      "Segments": [
        0,
        0,
        2,
        0.5,
        0,
        2,
        1,
        0,
        2,
        2.333,
        0,
        2,
        2.367,
        1,
        2,
        2.667,
        1,
        2,
        4.167,
        1,
        2,
        5,
        1,
        2,
        5.633,
        1,
        2,
        5.667,
        0
      ]
    },
    {
      "Target": "Parameter",
      "Id": "PARAM_RIGHT_ARM",
      "Segments": [
        0,
        0,
        0,
        0.5,
        0.692,
        0,
        1,
        0.5,
        0,
        1.167,
        0.544,
        0,
        1.333,
        0.5,
        0,
        1.5,
        0.544,
        0,
        1.667,
        0.5,
        0,
        1.833,
        0.544,
        0,
        2,
        0.5,
        0,
        2.167,
        0.544,
        0,
        2.333,
        0.5,
        0,
        2.667,
        0.57,
        2,
        3.333,
        0.57,
        2,
        3.833,
        0.57,
        0,
        4.167,
        0,
        2,
        5,
        0,
        2,
        5.5,
        0,
        2,
        5.667,
        0
      ]
    },
    {
      "Target": "Parameter",
      "Id": "PARAM_ARM_R",
      "Segments": [
        0,
        2.28,
        1,
        0.167,
        2.338,
        0.333,
        4.504,
        0.5,
        4.504,
        0,
        1,
        4.201,
        0,
        1.167,
        4.411,
        0,
        1.333,
        4.201,
        0,
        1.5,
        4.411,
        0,
        1.667,
        4.201,
        0,
        1.833,
        4.411,
        0,
        2,
        4.201,
        0,
        2.167,
        4.411,
        0,
        2.333,
        4.201,
        0,
        2.667,
        5,
        1,
        2.722,
        5,
        2.778,
        4.758,
        2.833,
        4.745,
        1,
        3,
        4.707,
        3.166,
        4.702,
        3.333,
        4.702,
        0,
        3.833,
        4.985,
        0,
        4.167,
        4.595,
        2,
        5,
        4.595,
        0,
        5.5,
        2,
        0,
        5.667,
        2.28
      ]
    },
    {
      "Target": "Parameter",
      "Id": "PARAM_ARM_R_TOUSHI2",
      "Segments": [
        0,
        0,
        0,
        0.3,
        0.4,
        2,
        0.5,
        0.4,
        2,
        1,
        0.4,
        2,
        2.333,
        0.4,
        0,
        2.833,
        0.528,
        2,
        3.167,
        0.528,
        0,
        3.333,
        0.4,
        2,
        3.833,
        0.4,
        0,
        4.167,
        0,
        2,
        5,
        0,
        2,
        5.5,
        0,
        2,
        5.667,
        0
      ]
    },
    {
      "Target": "Parameter",
      "Id": "PARAM_TOUSHI_R",
      "Segments": [
        0,
        0.285,
        1,
        0.1,
        0.351,
        0.2,
        0.5,
        0.3,
        0.5,
        2,
        0.5,
        0.5,
        2,
        1,
        0.5,
        2,
        2.333,
        0.5,
        0,
        2.833,
        1,
        2,
        3.167,
        1,
        0,
        3.333,
        0.8,
        2,
        3.833,
        0.8,
        0,
        4.167,
        0.6,
        2,
        5,
        0.6,
        0,
        5.5,
        0.285,
        2,
        5.667,
        0.285
      ]
    },
    {
      "Target": "Parameter",
      "Id": "PARAM_ARM_R_02",
      "Segments": [
        0,
        -1,
        0,
        0.367,
        0.996,
        0,
        0.667,
        -0.074,
        0,
        1.067,
        0.18,
        0,
        1.233,
        -0.132,
        0,
        1.4,
        0.18,
        0,
        1.567,
        -0.132,
        0,
        1.733,
        0.18,
        0,
        1.9,
        -0.132,
        0,
        2.067,
        0.18,
        0,
        2.233,
        -0.132,
        0,
        2.4,
        -0.018,
        0,
        2.667,
        -0.5,
        0,
        2.833,
        0.03,
        0,
        3,
        0,
        1,
        3.056,
        0,
        3.111,
        -0.01,
        3.167,
        0.055,
        1,
        3.222,
        0.12,
        3.278,
        0.48,
        3.333,
        0.48,
        0,
        3.933,
        0.126,
        0,
        4.267,
        0.48,
        2,
        5,
        0.48,
        0,
        5.5,
        -1,
        2,
        5.667,
        -1
      ]
    },
    {
      "Target": "Parameter",
      "Id": "PARAM_HAND_R",
      "Segments": [
        0,
        0,
        2,
        0.167,
        0,
        0,
        0.333,
        0.5,
        2,
        0.5,
        0.5,
        2,
        1,
        0.5,
        2,
        2.333,
        0.5,
        2,
        2.667,
        0.5,
        2,
        3.833,
        0.5,
        2,
        3.967,
        0.5,
        2,
        4,
        0.5,
        2,
        4.167,
        0.5,
        2,
        5,
        0.5,
        2,
        5.167,
        0.5,
        0,
        5.2,
        0,
        2,
        5.5,
        0,
        2,
        5.667,
        0
      ]
    },
    {
      "Target": "Parameter",
      "Id": "PARAM_HAND_R2",
      "Segments": [
        0,
        0,
        2,
        0.167,
        0,
        0,
        0.333,
        1,
        2,
        0.5,
        1,
        2,
        1,
        1,
        2,
        2.333,
        1,
        2,
        2.667,
        1,
        2,
        3.833,
        1,
        2,
        3.967,
        1,
        2,
        4,
        0,
        2,
        4.167,
        0,
        2,
        5,
        0,
        2,
        5.167,
        0,
        2,
        5.2,
        0,
        2,
        5.5,
        0,
        2,
        5.667,
        0
      ]
    },
    {
      "Target": "Parameter",
      "Id": "PARAM_HAND_R_02",
      "Segments": [
        0,
        0,
        0,
        0.333,
        -1,
        2,
        0.5,
        -1,
        2,
        1,
        -1,
        2,
        2.333,
        -1,
        2,
        2.667,
        -1,
        0,
        2.833,
        1,
        2,
        3,
        1,
        0,
        3.167,
        -1,
        2,
        3.833,
        -1,
        2,
        4.067,
        -1,
        0,
        4.333,
        1,
        2,
        5,
        1,
        0,
        5.5,
        0,
        2,
        5.667,
        0
      ]
    },
    {
      "Target": "Parameter",
      "Id": "PARAM_BANSHOU",
      "Segments": [
        0,
        0,
        2,
        0.333,
        0,
        0,
        0.5,
        1,
        2,
        1,
        1,
        2,
        2.333,
        1,
        2,
        3.833,
        1,
        2,
        4.167,
        1,
        2,
        5,
        1,
        0,
        5.5,
        0,
        2,
        5.667,
        0
      ]
    },
    {
      "Target": "Parameter",
      "Id": "PARAM_BANSHOU_MOVE",
      "Segments": [
        0,
        0,
        1,
        0.167,
        0,
        0.333,
        0.002,
        0.5,
        -0.006,
        1,
        0.667,
        -0.014,
        0.833,
        -0.125,
        1,
        -0.125,
        0,
        2.333,
        0,
        0,
        3.833,
        -0.294,
        2,
        4.167,
        -0.294,
        2,
        5,
        -0.294,
        0,
        5.5,
        0,
        2,
        5.667,
        0
      ]
    },
    {
      "Target": "Parameter",
      "Id": "PARAM_BANSHOU_MOVE_01",
      "Segments": [
        0,
        0,
        2,
        2.667,
        0,
        0,
        3.167,
        5,
        2,
        3.2,
        0,
        2,
        5.667,
        0
      ]
    },
    {
      "Target": "Parameter",
      "Id": "PARAM_EYE_L_OPEN",
      "Segments": [
        0,
        1,
        2,
        0.8,
        1,
        0,
        0.967,
        0,
        2,
        1,
        0,
        2,
        2.333,
        0,
        0,
        2.667,
        1,
        2,
        3.833,
        1,
        0,
        4.167,
        0,
        2,
        5,
        0,
        0,
        5.333,
        1,
        2,
        5.667,
        1
      ]
    },
    {
      "Target": "Parameter",
      "Id": "PARAM_EYE_L_FORM",
      "Segments": [
        0,
        0.5,
        2,
        0.8,
        0.5,
        0,
        0.967,
        0,
        2,
        1,
        0,
        2,
        2.333,
        0,
        0,
        2.667,
        0.5,
        2,
        3.833,
        0.5,
        0,
        4.167,
        0,
        2,
        5,
        0,
        0,
        5.333,
        0.5,
        2,
        5.667,
        0.5
      ]
    },
    {
      "Target": "Parameter",
      "Id": "PARAM_EYE_R_OPEN",
      "Segments": [
        0,
        1,
        2,
        0.8,
        1,
        0,
        0.967,
        0,
        2,
        1,
        0,
        2,
        2.333,
        0,
        0,
        2.667,
        1,
        2,
        3.833,
        1,
        0,
        4.167,
        0,
        2,
        5,
        0,
        0,
        5.333,
        1,
        2,
        5.667,
        1
      ]
    },
    {
      "Target": "Parameter",
      "Id": "PARAM_EYE_R_FORM",
      "Segments": [
        0,
        0.5,
        2,
        0.8,
        0.5,
        0,
        0.967,
        0,
        2,
        1,
        0,
        2,
        2.333,
        0,
        0,
        2.667,
        0.5,
        2,
        3.833,
        0.5,
        0,
        4.167,
        0,
        2,
        5,
        0,
        0,
        5.333,
        0.5,
        2,
        5.667,
        0.5
      ]
    },
    {
      "Target": "Parameter",
      "Id": "PARAM_EYE_BALL_X",
      "Segments": [
        0,
        0,
        0,
        0.5,
        -0.5,
        2,
        1,
        -0.5,
        2,
        2.333,
        -0.5,
        2,
        3.833,
        -0.5,
        2,
        4.167,
        -0.5,
        2,
        5,
        -0.5,
        0,
        5.333,
        0,
        2,
        5.667,
        0
      ]
    },
    {
      "Target": "Parameter",
      "Id": "PARAM_EYE_BALL_Y",
      "Segments": [
        0,
        0,
        0,
        0.5,
        -0.4,
        2,
        1,
        -0.4,
        2,
        2.333,
        -0.4,
        2,
        2.667,
        -0.4,
        0,
        2.833,
        0,
        0,
        3,
        -0.6,
        2,
        3.333,
        -0.6,
        2,
        3.833,
        -0.6,
        2,
        4.167,
        -0.6,
        2,
        5,
        -0.6,
        0,
        5.333,
        0,
        2,
        5.667,
        0
      ]
    },
    {
      "Target": "Parameter",
      "Id": "PARAM_BROW_L_FORM",
      "Segments": [
        0,
        0.5,
        1,
        0.167,
        0.391,
        0.333,
        0.367,
        0.5,
        0.307,
        1,
        0.667,
        0.247,
        0.833,
        0.222,
        1,
        0.222,
        2,
        2.333,
        0.222,
        0,
        3.833,
        0,
        2,
        4.167,
        0,
        2,
        5,
        0,
        0,
        5.667,
        0.5
      ]
    },
    {
      "Target": "Parameter",
      "Id": "PARAM_BROW_R_FORM",
      "Segments": [
        0,
        0.5,
        1,
        0.167,
        0.391,
        0.333,
        0.367,
        0.5,
        0.307,
        1,
        0.667,
        0.247,
        0.833,
        0.222,
        1,
        0.222,
        2,
        2.333,
        0.222,
        0,
        3.833,
        0,
        2,
        4.167,
        0,
        2,
        5,
        0,
        0,
        5.667,
        0.5
      ]
    },
    {
      "Target": "Parameter",
      "Id": "PARAM_MOUTH_OPEN",
      "Segments": [
        0,
        1.5,
        1,
        0.167,
        1.5,
        0.333,
        1.483,
        0.5,
        1.361,
        1,
        0.556,
        1.32,
        0.611,
        0,
        0.667,
        0,
        2,
        2.333,
        0,
        2,
        3.833,
        0,
        0,
        4.167,
        2,
        2,
        5,
        2,
        0,
        5.667,
        1.5
      ]
    },
    {
      "Target": "Parameter",
      "Id": "PARAM_MOUTH_SIZE",
      "Segments": [
        0,
        -0.5,
        0,
        0.5,
        -0.454,
        0,
        1,
        -0.6,
        2,
        2.333,
        -0.6,
        0,
        3.833,
        0,
        2,
        4.167,
        0,
        2,
        5,
        0,
        0,
        5.667,
        -0.5
      ]
    },
    {
      "Target": "PartOpacity",
      "Id": "PARTS_GUDIAN",
      "Segments": [
        0,
        1,
        2,
        5.67,
        1
      ]
    },
    {
      "Target": "PartOpacity",
      "Id": "PARTS_01_ARM_L_01",
      "Segments": [
        0,
        1,
        2,
        5.67,
        1
      ]
    },
    {
      "Target": "PartOpacity",
      "Id": "PARTS_01_ARM_R_01",
      "Segments": [
        0,
        1,
        2,
        5.67,
        1
      ]
    },
    {
      "Target": "PartOpacity",
      "Id": "PARTS_01_BODY",
      "Segments": [
        0,
        1,
        2,
        2.83,
        1,
        2,
        5.67,
        1
      ]
    },
    {
      "Target": "PartOpacity",
      "Id": "PARTS_01_NECK",
      "Segments": [
        0,
        1,
        2,
        2.83,
        1,
        2,
        5.67,
        1
      ]
    },
    {
      "Target": "PartOpacity",
      "Id": "PARTS_01_HAIR_BACK_001",
      "Segments": [
        0,
        1,
        2,
        2.83,
        1,
        2,
        5.67,
        1
      ]
    },
    {
      "Target": "PartOpacity",
      "Id": "PARTS_01_HAIR_SIDE_001",
      "Segments": [
        0,
        1,
        2,
        2.83,
        1,
        2,
        5.67,
        1
      ]
    },
    {
      "Target": "PartOpacity",
      "Id": "PARTS_01_HAIR_FRONT_001",
      "Segments": [
        0,
        1,
        2,
        2.83,
        1,
        2,
        5.67,
        1
      ]
    },
    {
      "Target": "PartOpacity",
      "Id": "PARTS_01_EAR_001",
      "Segments": [
        0,
        1,
        2,
        2.83,
        1,
        2,
        5.67,
        1
      ]
    },
    {
      "Target": "PartOpacity",
      "Id": "PARTS_01_NOSE_001",
      "Segments": [
        0,
        1,
        2,
        2.83,
        1,
        2,
        5.67,
        1
      ]
    },
    {
      "Target": "PartOpacity",
      "Id": "PARTS_01_MOUTH_001",
      "Segments": [
        0,
        1,
        2,
        2.83,
        1,
        2,
        5.67,
        1
      ]
    },
    {
      "Target": "PartOpacity",
      "Id": "PARTS_01_BROW_001",
      "Segments": [
        0,
        1,
        2,
        2.83,
        1,
        2,
        5.67,
        1
      ]
    },
    {
      "Target": "PartOpacity",
      "Id": "PARTS_01_EYE_BALL_001",
      "Segments": [
        0,
        1,
        2,
        2.83,
        1,
        2,
        5.67,
        1
      ]
    },
    {
      "Target": "PartOpacity",
      "Id": "PARTS_01_EYE_001",
      "Segments": [
        0,
        1,
        2,
        2.83,
        1,
        2,
        5.67,
        1
      ]
    },
    {
      "Target": "PartOpacity",
      "Id": "PARTS_01_FACE_001",
      "Segments": [
        0,
        1,
        2,
        2.83,
        1,
        2,
        5.67,
        1
      ]
    },
    {
      "Target": "PartOpacity",
      "Id": "ROUGH",
      "Segments": [
        0,
        1,
        2,
        2.83,
        1,
        2,
        5.67,
        1
      ]
    },
    {
      "Target": "Model",
      "Id": "Opacity",
      "Segments": [
        0,
        1,
        0,
        5.67,
        1
      ]
    },
    {
      "Target": "Parameter",
      "Id": "PARAM_LEFT_ARM_TAI",
      "Segments": [
        0,
        0,
        0,
        5.67,
        0
      ]
    },
    {
      "Target": "Parameter",
      "Id": "PARAM_TANGDIE",
      "Segments": [
        0,
        0,
        0,
        5.67,
        0
      ]
    },
    {
      "Target": "Parameter",
      "Id": "PARAM_RIGHT_ARM_TAI",
      "Segments": [
        0,
        0.5,
        0,
        5.67,
        0.5
      ]
    },
    {
      "Target": "Parameter",
      "Id": "PARAM_HAND_R_LEVEL",
      "Segments": [
        0,
        1,
        0,
        5.67,
        1
      ]
    },
    {
      "Target": "Parameter",
      "Id": "PARAM_YIFU",
      "Segments": [
        0,
        0,
        0,
        5.67,
        0
      ]
    },
    {
      "Target": "Parameter",
      "Id": "PARAM_CHICKEN",
      "Segments": [
        0,
        0,
        0,
        5.67,
        0
      ]
    },
    {
      "Target": "Parameter",
      "Id": "PARAM_CHICKEN_MOVE",
      "Segments": [
        0,
        0,
        0,
        5.67,
        0
      ]
    },
    {
      "Target": "Parameter",
      "Id": "PARAM_SHAOZI",
      "Segments": [
        0,
        0,
        0,
        5.67,
        0
      ]
    },
    {
      "Target": "Parameter",
      "Id": "PARAM_SHAOZI_MOVE",
      "Segments": [
        0,
        0,
        0,
        5.67,
        0
      ]
    },
    {
      "Target": "Parameter",
      "Id": "PARAM_SHAOZI_MOVE_01",
      "Segments": [
        0,
        0,
        0,
        5.67,
        0
      ]
    },
    {
      "Target": "Parameter",
      "Id": "PARAM_SOUP",
      "Segments": [
        0,
        0,
        0,
        5.67,
        0
      ]
    },
    {
      "Target": "Parameter",
      "Id": "PARAM_JITA_CHUXIAN",
      "Segments": [
        0,
        0,
        0,
        5.67,
        0
      ]
    },
    {
      "Target": "Parameter",
      "Id": "PARAM_JITA_LEVEL",
      "Segments": [
        0,
        0,
        0,
        5.67,
        0
      ]
    },
    {
      "Target": "Parameter",
      "Id": "PARAM_JITA_MOVE_X",
      "Segments": [
        0,
        0,
        0,
        5.67,
        0
      ]
    },
    {
      "Target": "Parameter",
      "Id": "PARAM_JITA_MOVE_Y",
      "Segments": [
        0,
        0,
        0,
        5.67,
        0
      ]
    },
    {
      "Target": "Parameter",
      "Id": "PARAM_JITA_Z",
      "Segments": [
        0,
        0,
        0,
        5.67,
        0
      ]
    },
    {
      "Target": "Parameter",
      "Id": "PARAM_JITA_X",
      "Segments": [
        0,
        0,
        0,
        5.67,
        0
      ]
    },
    {
      "Target": "Parameter",
      "Id": "PARAM_JITA_Y",
      "Segments": [
        0,
        0,
        0,
        5.67,
        0
      ]
    },
    {
      "Target": "Parameter",
      "Id": "PARAM_JINADAI_X",
      "Segments": [
        0,
        0,
        0,
        5.67,
        0
      ]
    },
    {
      "Target": "Parameter",
      "Id": "PARAM_JIANDAI_Y",
      "Segments": [
        0,
        0,
        0,
        5.67,
        0
      ]
    },
    {
      "Target": "Parameter",
      "Id": "PARAM_JIANDAI_BACK_X",
      "Segments": [
        0,
        0,
        0,
        5.67,
        0
      ]
    },
    {
      "Target": "Parameter",
      "Id": "PARAM_JIANDAI_BACK_Y",
      "Segments": [
        0,
        0,
        0,
        5.67,
        0
      ]
    },
    {
      "Target": "Parameter",
      "Id": "PARAM_EYE_BALL_FORM",
      "Segments": [
        0,
        0,
        0,
        5.67,
        0
      ]
    },
    {
      "Target": "Parameter",
      "Id": "PARAM_EYE_BALL_SAD",
      "Segments": [
        0,
        0,
        0,
        5.67,
        0
      ]
    },
    {
      "Target": "Parameter",
      "Id": "PARAM_EYE_BALL_BAIYAN",
      "Segments": [
        0,
        0,
        0,
        5.67,
        0
      ]
    },
    {
      "Target": "Parameter",
      "Id": "PARAM_EYE_BALL_KIRAKIRA",
      "Segments": [
        0,
        0,
        0,
        5.67,
        0
      ]
    },
    {
      "Target": "Parameter",
      "Id": "PARAM_EYE_kira_R1",
      "Segments": [
        0,
        1,
        0,
        5.67,
        1
      ]
    },
    {
      "Target": "Parameter",
      "Id": "PARAM_EYE_kira_R2",
      "Segments": [
        0,
        0.5,
        0,
        5.67,
        0.5
      ]
    },
    {
      "Target": "Parameter",
      "Id": "PARAM_EYE_kira_L1",
      "Segments": [
        0,
        1,
        0,
        5.67,
        1
      ]
    },
    {
      "Target": "Parameter",
      "Id": "PARAM_EYE_kira_L2",
      "Segments": [
        0,
        0.5,
        0,
        5.67,
        0.5
      ]
    },
    {
      "Target": "Parameter",
      "Id": "PARAM_EYE_TI1",
      "Segments": [
        0,
        0,
        0,
        5.67,
        0
      ]
    },
    {
      "Target": "Parameter",
      "Id": "PARAM_EYE_TI2",
      "Segments": [
        0,
        0,
        0,
        5.67,
        0
      ]
    },
    {
      "Target": "Parameter",
      "Id": "PARAM_EYE_SPECIAL",
      "Segments": [
        0,
        0,
        0,
        5.67,
        0
      ]
    },
    {
      "Target": "Parameter",
      "Id": "PARAM_EYE_DEFROM",
      "Segments": [
        0,
        0,
        0,
        5.67,
        0
      ]
    },
    {
      "Target": "Parameter",
      "Id": "PARAM_BROW_L_X",
      "Segments": [
        0,
        0,
        0,
        5.67,
        0
      ]
    },
    {
      "Target": "Parameter",
      "Id": "PARAM_BROW_L_Y",
      "Segments": [
        0,
        0,
        0,
        5.67,
        0
      ]
    },
    {
      "Target": "Parameter",
      "Id": "PARAM_BROW_R_X",
      "Segments": [
        0,
        0,
        0,
        5.67,
        0
      ]
    },
    {
      "Target": "Parameter",
      "Id": "PARAM_BROW_R_Y",
      "Segments": [
        0,
        0,
        0,
        5.67,
        0
      ]
    },
    {
      "Target": "Parameter",
      "Id": "PARAM_BROW_L_ANGLE",
      "Segments": [
        0,
        0,
        0,
        5.67,
        0
      ]
    },
    {
      "Target": "Parameter",
      "Id": "PARAM_BROW_R_ANGLE",
      "Segments": [
        0,
        0,
        0,
        5.67,
        0
      ]
    },
    {
      "Target": "Parameter",
      "Id": "PARAM_MOUTH_FORM",
      "Segments": [
        0,
        -1,
        0,
        5.67,
        -1
      ]
    },
    {
      "Target": "Parameter",
      "Id": "PARAM_MOUTH_SPECIAL",
      "Segments": [
        0,
        0,
        0,
        5.67,
        0
      ]
    },
    {
      "Target": "Parameter",
      "Id": "PARAM_MOUTH_WIDTH",
      "Segments": [
        0,
        1,
        0,
        5.67,
        1
      ]
    },
    {
      "Target": "Parameter",
      "Id": "PARAM_MOUTH_DEFORM_SPECIAL",
      "Segments": [
        0,
        0,
        0,
        5.67,
        0
      ]
    },
    {
      "Target": "Parameter",
      "Id": "PARAM_MOUTH_X",
      "Segments": [
        0,
        0,
        0,
        5.67,
        0
      ]
    },
    {
      "Target": "Parameter",
      "Id": "PARAM_MOUTH_Y",
      "Segments": [
        0,
        0,
        0,
        5.67,
        0
      ]
    },
    {
      "Target": "Parameter",
      "Id": "PARAM_SHY",
      "Segments": [
        0,
        0,
        0,
        5.67,
        0
      ]
    },
    {
      "Target": "Parameter",
      "Id": "PARAM_TERE",
      "Segments": [
        0,
        0.6,
        0,
        5.67,
        0.6
      ]
    },
    {
      "Target": "Parameter",
      "Id": "PARAM_TERE2",
      "Segments": [
        0,
        0,
        0,
        5.67,
        0
      ]
    },
    {
      "Target": "Parameter",
      "Id": "PARAM_WATER",
      "Segments": [
        0,
        0,
        0,
        5.67,
        0
      ]
    },
    {
      "Target": "Parameter",
      "Id": "PARAM_HAN",
      "Segments": [
        0,
        0,
        0,
        5.67,
        0
      ]
    },
    {
      "Target": "Parameter",
      "Id": "PARAM_ANGRY",
      "Segments": [
        0,
        0,
        0,
        5.67,
        0
      ]
    },
    {
      "Target": "Parameter",
      "Id": "PARAM_HEI",
      "Segments": [
        0,
        -1,
        0,
        5.67,
        -1
      ]
    },
    {
      "Target": "Parameter",
      "Id": "PARAM_LIANHEIXIAN",
      "Segments": [
        0,
        0,
        0,
        5.67,
        0
      ]
    },
    {
      "Target": "Parameter",
      "Id": "PARAM_FAT",
      "Segments": [
        0,
        0,
        0,
        5.67,
        0
      ]
    },
    {
      "Target": "Parameter",
      "Id": "PARAM_HEIXIAN",
      "Segments": [
        0,
        0,
        0,
        5.67,
        0
      ]
    },
    {
      "Target": "Parameter",
      "Id": "PARAM_YINYING",
      "Segments": [
        0,
        0,
        0,
        5.67,
        0
      ]
    },
    {
      "Target": "Parameter",
      "Id": "PARAM_TANQI",
      "Segments": [
        0,
        0,
        0,
        5.67,
        0
      ]
    },
    {
      "Target": "Parameter",
      "Id": "PARAM_ZHAMAO",
      "Segments": [
        0,
        0,
        0,
        5.67,
        0
      ]
    },
    {
      "Target": "Parameter",
      "Id": "PARAM_RU_X",
      "Segments": [
        0,
        0,
        0,
        5.67,
        0
      ]
    },
    {
      "Target": "Parameter",
      "Id": "PARAM_RU_Y",
      "Segments": [
        0,
        0,
        0,
        5.67,
        0
      ]
    },
    {
      "Target": "Parameter",
      "Id": "PARAM_BREATH",
      "Segments": [
        0,
        0,
        0,
        5.67,
        0
      ]
    },
    {
      "Target": "Parameter",
      "Id": "PARAM_HAIR_FRONT",
      "Segments": [
        0,
        0,
        0,
        5.67,
        0
      ]
    },
    {
      "Target": "Parameter",
      "Id": "PARAM_HAIR_FROUT_2",
      "Segments": [
        0,
        0,
        0,
        5.67,
        0
      ]
    },
    {
      "Target": "Parameter",
      "Id": "PARAM_HAIR_FROUT_WAVE",
      "Segments": [
        0,
        0,
        0,
        5.67,
        0
      ]
    },
    {
      "Target": "Parameter",
      "Id": "PARAM_HAIR_SIDE_R",
      "Segments": [
        0,
        0,
        0,
        5.67,
        0
      ]
    },
    {
      "Target": "Parameter",
      "Id": "PARAM_HAIR_SIDE_R2",
      "Segments": [
        0,
        0,
        0,
        5.67,
        0
      ]
    },
    {
      "Target": "Parameter",
      "Id": "PARAM_HAIR_SIDE_WAVE",
      "Segments": [
        0,
        0,
        0,
        5.67,
        0
      ]
    },
    {
      "Target": "Parameter",
      "Id": "PARAM_HAIR_SIDE_R3",
      "Segments": [
        0,
        0,
        0,
        5.67,
        0
      ]
    },
    {
      "Target": "Parameter",
      "Id": "PARAM_HAIR_SIDE_L",
      "Segments": [
        0,
        0,
        0,
        5.67,
        0
      ]
    },
    {
      "Target": "Parameter",
      "Id": "PARAM_HAIR_SIDE_L3",
      "Segments": [
        0,
        0,
        0,
        5.67,
        0
      ]
    },
    {
      "Target": "Parameter",
      "Id": "PARAM_HAIR_BACK_WAVE",
      "Segments": [
        0,
        0,
        0,
        5.67,
        0
      ]
    },
    {
      "Target": "Parameter",
      "Id": "PARAM_XIANQUNZI_1",
      "Segments": [
        0,
        0,
        0,
        5.67,
        0
      ]
    },
    {
      "Target": "Parameter",
      "Id": "PARAM_XIANQUNZI_2",
      "Segments": [
        0,
        0,
        0,
        5.67,
        0
      ]
    },
    {
      "Target": "Parameter",
      "Id": "PARAM_YICENGQUN_YIDUAN_SHAKE",
      "Segments": [
        0,
        0,
        0,
        5.67,
        0
      ]
    },
    {
      "Target": "Parameter",
      "Id": "PARAM_PARAM_YICENGQUN_ERDUAN_SHAKE",
      "Segments": [
        0,
        0,
        0,
        5.67,
        0
      ]
    },
    {
      "Target": "Parameter",
      "Id": "PARAM_YICENGSHA_1DUAN_SHAKE",
      "Segments": [
        0,
        0,
        0,
        5.67,
        0
      ]
    },
    {
      "Target": "Parameter",
      "Id": "PARAM_YICESHA_2DUAN_SHAKE",
      "Segments": [
        0,
        0,
        0,
        5.67,
        0
      ]
    },
    {
      "Target": "Parameter",
      "Id": "PARAM_ERCENGSHA_1DUAN_SHAKE",
      "Segments": [
        0,
        0,
        0,
        5.67,
        0
      ]
    },
    {
      "Target": "Parameter",
      "Id": "PARAM_ERCENGSAHA_2DUAN_SHAKE",
      "Segments": [
        0,
        0,
        0,
        5.67,
        0
      ]
    }
  ],
  "UserData": []
}