{
  "Version": 3,
  "Meta": {
    "Duration": 4.57,
    "Fps": 30.0,
    "Loop": true,
    "AreBeziersRestricted": true,
    "CurveCount": 134,
    "TotalSegmentCount": 460,
    "TotalPointCount": 660,
    "UserDataCount": 0,
    "TotalUserDataSize": 0
  },
  "Curves": [
    {
      "Target": "Parameter",
      "Id": "PARAM_ANGLE_X",
      "Segments": [
        0,
        -4,
        0,
        0.3,
        -36,
        0,
        0.5,
        3,
        0,
        0.667,
        -41,
        0,
        0.833,
        6,
        0,
        1,
        -39,
        0,
        1.167,
        0,
        0,
        1.367,
        -18.635,
        0,
        1.633,
        -6,
        0,
        2.033,
        -34,
        0,
        2.367,
        -21.741,
        1,
        2.467,
        -21.741,
        2.567,
        -37.502,
        2.667,
        -42.805,
        1,
        2.822,
        -51.055,
        2.978,
        -52.06,
        3.133,
        -52.06,
        1,
        3.289,
        -52.06,
        3.444,
        -51.889,
        3.6,
        -50.372,
        1,
        3.667,
        -49.722,
        3.733,
        -29.517,
        3.8,
        -25.365,
        1,
        4.056,
        -9.448,
        4.311,
        -4,
        4.567,
        -4
      ]
    },
    {
      "Target": "Parameter",
      "Id": "PARAM_ANGLE_Y",
      "Segments": [
        0,
        -8,
        0,
        1.267,
        -24,
        0,
        1.633,
        30,
        0,
        1.8,
        24,
        0,
        1.933,
        30,
        1,
        1.966,
        30,
        2,
        28.578,
        2.033,
        21,
        1,
        2.111,
        3.317,
        2.189,
        -9,
        2.267,
        -9,
        0,
        2.8,
        30,
        1,
        2.889,
        30,
        2.978,
        28.519,
        3.067,
        21,
        1,
        3.178,
        11.601,
        3.289,
        3,
        3.4,
        3,
        0,
        3.8,
        21.529,
        0,
        4.567,
        -8
      ]
    },
    {
      "Target": "Parameter",
      "Id": "PARAM_ANGLE_Z",
      "Segments": [
        0,
        -8,
        0,
        0.833,
        -3.514,
        0,
        1.8,
        -5,
        0,
        2.033,
        9,
        0,
        2.567,
        -19,
        0,
        3.067,
        9,
        0,
        3.8,
        -15,
        0,
        4.567,
        -8
      ]
    },
    {
      "Target": "Parameter",
      "Id": "PARAM_BODY_ANGLE_X",
      "Segments": [
        0,
        -0.047,
        0,
        0.367,
        -2.761,
        0,
        0.8,
        2.373,
        0,
        1.333,
        -0.129,
        0,
        1.8,
        7,
        1,
        1.878,
        7,
        1.955,
        3.354,
        2.033,
        0,
        1,
        2.111,
        -3.354,
        2.189,
        -4,
        2.267,
        -4,
        0,
        2.8,
        1,
        1,
        2.889,
        1,
        2.978,
        1.062,
        3.067,
        0,
        1,
        3.178,
        -1.328,
        3.289,
        -4,
        3.4,
        -4,
        0,
        3.8,
        0.447,
        0,
        4.567,
        -0.047
      ]
    },
    {
      "Target": "Parameter",
      "Id": "PARAM_BODY_ANGLE_Y",
      "Segments": [
        0,
        0,
        0,
        0.133,
        -0.886,
        0,
        0.633,
        10,
        0,
        1.267,
        0.532,
        1,
        1.389,
        0.532,
        1.511,
        1.002,
        1.633,
        3.69,
        1,
        1.689,
        4.913,
        1.744,
        10,
        1.8,
        10,
        0,
        2.033,
        -5.065,
        0,
        2.567,
        7.96,
        0,
        3.1,
        0.362,
        0,
        3.7,
        10,
        1,
        3.844,
        10,
        3.989,
        9.264,
        4.133,
        6.112,
        1,
        4.278,
        2.959,
        4.422,
        0,
        4.567,
        0
      ]
    },
    {
      "Target": "Parameter",
      "Id": "PARAM_BODY_ANGLE_Z",
      "Segments": [
        0,
        0,
        0,
        0.467,
        1.192,
        0,
        1.4,
        -3.412,
        1,
        1.522,
        -3.412,
        1.645,
        -2.701,
        1.767,
        0.671,
        1,
        1.856,
        3.124,
        1.944,
        6.395,
        2.033,
        6.395,
        0,
        2.567,
        1,
        0,
        3.267,
        5.914,
        1,
        3.434,
        5.914,
        3.6,
        5.75,
        3.767,
        4.337,
        1,
        4.034,
        2.076,
        4.3,
        0,
        4.567,
        0
      ]
    },
    {
      "Target": "Parameter",
      "Id": "PARAM_UPPER_BODY",
      "Segments": [
        0,
        0,
        0,
        0.5,
        -3,
        0,
        1.8,
        0,
        2,
        2.033,
        0,
        2,
        3.067,
        0,
        2,
        3.8,
        0,
        2,
        4.567,
        0
      ]
    },
    {
      "Target": "Parameter",
      "Id": "PARAM_LEFT_ARM",
      "Segments": [
        0,
        0.349,
        0,
        0.333,
        0.404,
        0,
        0.733,
        0.301,
        0,
        1.933,
        0.336,
        1,
        2.022,
        0.336,
        2.111,
        0.333,
        2.2,
        0.3,
        1,
        2.322,
        0.255,
        2.445,
        0.206,
        2.567,
        0.206,
        0,
        3.067,
        0.222,
        0,
        3.7,
        0.206,
        1,
        3.733,
        0.206,
        3.767,
        0.201,
        3.8,
        0.227,
        1,
        3.978,
        0.367,
        4.155,
        0.475,
        4.333,
        0.475,
        0,
        4.567,
        0.349
      ]
    },
    {
      "Target": "Parameter",
      "Id": "PARAM_ARM_L",
      "Segments": [
        0,
        -1,
        2,
        0.333,
        -1,
        1,
        0.433,
        -1,
        0.533,
        -0.815,
        0.633,
        -0.777,
        1,
        0.844,
        -0.694,
        1.056,
        -0.697,
        1.267,
        -0.594,
        1,
        1.422,
        -0.517,
        1.578,
        1.912,
        1.733,
        1.912,
        0,
        1.933,
        1.84,
        0,
        2.2,
        1.85,
        1,
        2.322,
        1.85,
        2.445,
        1.797,
        2.567,
        1.76,
        1,
        2.734,
        1.709,
        2.9,
        1.7,
        3.067,
        1.7,
        1,
        3.278,
        1.7,
        3.489,
        1.711,
        3.7,
        1.74,
        1,
        3.733,
        1.745,
        3.767,
        1.755,
        3.8,
        1.755,
        0,
        4.367,
        -1,
        2,
        4.567,
        -1
      ]
    },
    {
      "Target": "Parameter",
      "Id": "PARAM_ARM_L_TOUSHI2",
      "Segments": [
        0,
        0,
        2,
        1.333,
        0,
        0,
        1.533,
        0.3,
        2,
        3.8,
        0.3,
        0,
        4.567,
        0
      ]
    },
    {
      "Target": "Parameter",
      "Id": "PARAM_TOUSHI_L",
      "Segments": [
        0,
        0,
        2,
        2,
        0,
        1,
        2.378,
        0,
        2.755,
        0.397,
        3.133,
        0.399,
        1,
        3.355,
        0.401,
        3.578,
        0.4,
        3.8,
        0.4,
        0,
        4.567,
        0
      ]
    },
    {
      "Target": "Parameter",
      "Id": "PARAM_ARM_L_02",
      "Segments": [
        0,
        0.9,
        0,
        1.733,
        0.6,
        0,
        1.933,
        0.746,
        1,
        1.966,
        0.746,
        2,
        0.678,
        2.033,
        0.674,
        1,
        2.089,
        0.668,
        2.144,
        0.668,
        2.2,
        0.668,
        0,
        3.067,
        0.679,
        1,
        3.311,
        0.679,
        3.556,
        0.679,
        3.8,
        0.65,
        1,
        3.978,
        0.629,
        4.155,
        0.546,
        4.333,
        0.546,
        0,
        4.567,
        0.9
      ]
    },
    {
      "Target": "Parameter",
      "Id": "PARAM_HAND_L",
      "Segments": [
        0,
        0,
        2,
        1.4,
        0,
        2,
        1.433,
        0,
        0,
        1.533,
        1,
        0,
        1.8,
        0.5,
        2,
        3.067,
        0.5,
        2,
        4.1,
        0.5,
        2,
        4.133,
        0.5,
        0,
        4.167,
        0,
        2,
        4.567,
        0
      ]
    },
    {
      "Target": "Parameter",
      "Id": "PARAM_HAND_L_02",
      "Segments": [
        0,
        0,
        2,
        1.933,
        0,
        2,
        2.2,
        0,
        0,
        2.567,
        -0.43,
        0,
        3.067,
        0,
        0,
        3.7,
        -0.27,
        1,
        3.733,
        -0.27,
        3.767,
        -0.27,
        3.8,
        -0.25,
        1,
        4.056,
        -0.095,
        4.311,
        0,
        4.567,
        0
      ]
    },
    {
      "Target": "Parameter",
      "Id": "PARAM_HAND_L_LEVEL",
      "Segments": [
        0,
        0,
        0,
        0.333,
        0.75,
        2,
        1.3,
        0.75,
        1,
        1.444,
        0.75,
        1.589,
        0.754,
        1.733,
        0.8,
        1,
        1.8,
        0.821,
        1.866,
        1,
        1.933,
        1,
        2,
        3.067,
        1,
        2,
        3.8,
        1,
        2,
        4.333,
        1,
        2,
        4.367,
        1,
        0,
        4.567,
        0
      ]
    },
    {
      "Target": "Parameter",
      "Id": "PARAM_RIGHT_ARM",
      "Segments": [
        0,
        0,
        2,
        0.833,
        0,
        0,
        1.767,
        1,
        1,
        1.822,
        1,
        1.878,
        0.83,
        1.933,
        0.818,
        1,
        2.122,
        0.777,
        2.311,
        0.769,
        2.5,
        0.769,
        0,
        3.033,
        0.83,
        1,
        3.233,
        0.83,
        3.433,
        0.775,
        3.633,
        0.736,
        1,
        3.689,
        0.724,
        3.744,
        0.741,
        3.8,
        0.721,
        1,
        4,
        0.651,
        4.2,
        0,
        4.4,
        0,
        2,
        4.567,
        0
      ]
    },
    {
      "Target": "Parameter",
      "Id": "PARAM_ARM_R",
      "Segments": [
        0,
        2.28,
        0,
        0.833,
        2.1,
        0,
        1.733,
        3.809,
        1,
        1.778,
        3.809,
        1.822,
        3.808,
        1.867,
        3.708,
        1,
        1.934,
        3.557,
        2,
        3.046,
        2.067,
        3.035,
        1,
        2.411,
        2.981,
        2.756,
        2.966,
        3.1,
        2.966,
        0,
        3.8,
        3.227,
        0,
        4.333,
        2.172,
        0,
        4.567,
        2.28
      ]
    },
    {
      "Target": "Parameter",
      "Id": "PARAM_ARM_R_TOUSHI2",
      "Segments": [
        0,
        0,
        2,
        1.333,
        0,
        0,
        1.533,
        0.188,
        2,
        3.8,
        0.188,
        0,
        4.567,
        0
      ]
    },
    {
      "Target": "Parameter",
      "Id": "PARAM_TOUSHI_R",
      "Segments": [
        0,
        0.285,
        0,
        0.7,
        0,
        0,
        1.733,
        1,
        2,
        2.1,
        1,
        2,
        2.267,
        1,
        2,
        3.8,
        1,
        0,
        4.567,
        0.285
      ]
    },
    {
      "Target": "Parameter",
      "Id": "PARAM_ARM_R_02",
      "Segments": [
        0,
        -1,
        2,
        0.833,
        -1,
        1,
        0.978,
        -1,
        1.122,
        -0.455,
        1.267,
        -0.31,
        1,
        1.422,
        -0.154,
        1.578,
        -0.167,
        1.733,
        -0.167,
        0,
        1.8,
        -0.39,
        1,
        1.844,
        -0.39,
        1.889,
        -0.327,
        1.933,
        -0.081,
        1,
        2.011,
        0.35,
        2.089,
        0.646,
        2.167,
        0.646,
        0,
        2.5,
        0.368,
        0,
        3.133,
        0.66,
        1,
        3.366,
        0.66,
        3.6,
        0.677,
        3.833,
        0.302,
        1,
        4.078,
        -0.092,
        4.322,
        -1,
        4.567,
        -1
      ]
    },
    {
      "Target": "Parameter",
      "Id": "PARAM_HAND_R",
      "Segments": [
        0,
        0,
        2,
        1.167,
        0,
        0,
        1.333,
        0.5,
        2,
        1.833,
        0.5,
        2,
        4,
        0.5,
        0,
        4.2,
        0,
        2,
        4.567,
        0
      ]
    },
    {
      "Target": "Parameter",
      "Id": "PARAM_HAND_R2",
      "Segments": [
        0,
        0,
        2,
        1.167,
        0,
        0,
        1.333,
        1,
        2,
        1.833,
        1,
        2,
        4,
        1,
        0,
        4.2,
        0,
        2,
        4.567,
        0
      ]
    },
    {
      "Target": "Parameter",
      "Id": "PARAM_HAND_R_02",
      "Segments": [
        0,
        0,
        2,
        1.167,
        0,
        2,
        1.333,
        0,
        0,
        1.833,
        1,
        0,
        2.167,
        -1,
        2,
        4,
        -1,
        0,
        4.2,
        0,
        2,
        4.567,
        0
      ]
    },
    {
      "Target": "Parameter",
      "Id": "PARAM_EYE_L_OPEN",
      "Segments": [
        0,
        1,
        2,
        0.133,
        1,
        0,
        0.3,
        0,
        2,
        1,
        0,
        2,
        1.4,
        0,
        0,
        1.633,
        1,
        2,
        1.8,
        1,
        0,
        1.967,
        0.591,
        2,
        3,
        0.591,
        2,
        3.333,
        0.591,
        0,
        3.8,
        0.966,
        1,
        3.856,
        0.966,
        3.911,
        0.966,
        3.967,
        0.962,
        1,
        3.989,
        0.96,
        4.011,
        0,
        4.033,
        0,
        1,
        4.055,
        0,
        4.078,
        0.945,
        4.1,
        0.95,
        1,
        4.256,
        0.988,
        4.411,
        1,
        4.567,
        1
      ]
    },
    {
      "Target": "Parameter",
      "Id": "PARAM_EYE_L_FORM",
      "Segments": [
        0,
        0.5,
        0,
        0.133,
        1,
        2,
        1.4,
        1,
        1,
        1.478,
        1,
        1.555,
        0.878,
        1.633,
        0.5,
        1,
        1.689,
        0.23,
        1.744,
        0,
        1.8,
        0,
        0,
        2.033,
        1,
        2,
        3.067,
        1,
        2,
        3.8,
        1,
        0,
        4.567,
        0.5
      ]
    },
    {
      "Target": "Parameter",
      "Id": "PARAM_EYE_R_OPEN",
      "Segments": [
        0,
        1,
        2,
        0.133,
        1,
        0,
        0.3,
        0,
        2,
        1,
        0,
        2,
        1.4,
        0,
        0,
        1.633,
        1,
        2,
        1.8,
        1,
        0,
        1.967,
        0.591,
        2,
        3,
        0.591,
        2,
        3.333,
        0.591,
        0,
        3.8,
        0.966,
        1,
        3.856,
        0.966,
        3.911,
        0.966,
        3.967,
        0.962,
        1,
        3.989,
        0.961,
        4.011,
        0,
        4.033,
        0,
        1,
        4.055,
        0,
        4.078,
        0.947,
        4.1,
        0.952,
        1,
        4.256,
        0.989,
        4.411,
        1,
        4.567,
        1
      ]
    },
    {
      "Target": "Parameter",
      "Id": "PARAM_EYE_R_FORM",
      "Segments": [
        0,
        0.5,
        0,
        0.133,
        1,
        2,
        1.4,
        1,
        1,
        1.478,
        1,
        1.555,
        0.893,
        1.633,
        0.52,
        1,
        1.689,
        0.254,
        1.744,
        0,
        1.8,
        0,
        0,
        2.033,
        1,
        2,
        3.067,
        1,
        2,
        3.8,
        1,
        0,
        4.567,
        0.5
      ]
    },
    {
      "Target": "Parameter",
      "Id": "PARAM_EYE_BALL_X",
      "Segments": [
        0,
        0,
        1,
        0.544,
        0,
        1.089,
        0.027,
        1.633,
        0.1,
        1,
        1.689,
        0.107,
        1.744,
        0.31,
        1.8,
        0.31,
        0,
        2.033,
        0.24,
        2,
        3.067,
        0.24,
        2,
        3.8,
        0.24,
        0,
        4.567,
        0
      ]
    },
    {
      "Target": "Parameter",
      "Id": "PARAM_EYE_BALL_Y",
      "Segments": [
        0,
        0,
        1,
        0.6,
        0,
        1.2,
        -0.02,
        1.8,
        -0.08,
        1,
        1.878,
        -0.088,
        1.955,
        -0.248,
        2.033,
        -0.42,
        1,
        2.144,
        -0.666,
        2.256,
        -1,
        2.367,
        -1,
        2,
        2.667,
        -1,
        1,
        2.8,
        -1,
        2.934,
        -0.769,
        3.067,
        -0.7,
        1,
        3.311,
        -0.573,
        3.556,
        -0.56,
        3.8,
        -0.42,
        1,
        4.056,
        -0.274,
        4.311,
        0,
        4.567,
        0
      ]
    },
    {
      "Target": "Parameter",
      "Id": "PARAM_EYE_kira_R2",
      "Segments": [
        0,
        0.5,
        0,
        1.8,
        0.51,
        2,
        2.033,
        0.51,
        2,
        3.067,
        0.51,
        2,
        3.8,
        0.51,
        0,
        4.567,
        0.5
      ]
    },
    {
      "Target": "Parameter",
      "Id": "PARAM_EYE_kira_L2",
      "Segments": [
        0,
        0.5,
        0,
        1.8,
        0.52,
        2,
        2.033,
        0.52,
        2,
        3.067,
        0.52,
        2,
        3.8,
        0.52,
        0,
        4.567,
        0.5
      ]
    },
    {
      "Target": "Parameter",
      "Id": "PARAM_BROW_L_X",
      "Segments": [
        0,
        0,
        0,
        1.8,
        -0.36,
        2,
        2.033,
        -0.36,
        2,
        3.067,
        -0.36,
        2,
        3.8,
        -0.36,
        0,
        4.567,
        0
      ]
    },
    {
      "Target": "Parameter",
      "Id": "PARAM_BROW_L_Y",
      "Segments": [
        0,
        0,
        1,
        0.044,
        0,
        0.089,
        -0.635,
        0.133,
        -0.8,
        1,
        0.189,
        -1.006,
        0.244,
        -1,
        0.3,
        -1,
        2,
        1.033,
        -1,
        2,
        1.4,
        -1,
        0,
        1.633,
        -0.21,
        1,
        1.689,
        -0.21,
        1.744,
        -0.824,
        1.8,
        -0.9,
        1,
        1.878,
        -1.006,
        1.955,
        -1,
        2.033,
        -1,
        2,
        3.067,
        -1,
        2,
        3.3,
        -1,
        0,
        3.7,
        0,
        1,
        3.733,
        0,
        3.767,
        -0.043,
        3.8,
        -0.074,
        1,
        3.856,
        -0.127,
        3.911,
        -0.145,
        3.967,
        -0.204,
        1,
        3.989,
        -0.228,
        4.011,
        -1,
        4.033,
        -1,
        1,
        4.055,
        -1,
        4.078,
        -0.314,
        4.1,
        -0.284,
        1,
        4.256,
        -0.07,
        4.411,
        0,
        4.567,
        0
      ]
    },
    {
      "Target": "Parameter",
      "Id": "PARAM_BROW_R_X",
      "Segments": [
        0,
        0,
        0,
        1.633,
        -0.27,
        0,
        1.8,
        0.25,
        0,
        2.033,
        0.17,
        2,
        3.067,
        0.17,
        2,
        3.8,
        0.17,
        0,
        4.567,
        0
      ]
    },
    {
      "Target": "Parameter",
      "Id": "PARAM_BROW_R_Y",
      "Segments": [
        0,
        0,
        1,
        0.044,
        0,
        0.089,
        -0.811,
        0.133,
        -0.9,
        1,
        0.189,
        -1.012,
        0.244,
        -1,
        0.3,
        -1,
        2,
        1.033,
        -1,
        2,
        1.4,
        -1,
        0,
        1.633,
        -0.21,
        1,
        1.689,
        -0.21,
        1.744,
        -0.824,
        1.8,
        -0.9,
        1,
        1.878,
        -1.006,
        1.955,
        -1,
        2.033,
        -1,
        2,
        3.067,
        -1,
        2,
        3.3,
        -1,
        0,
        3.7,
        0,
        1,
        3.733,
        0,
        3.767,
        -0.043,
        3.8,
        -0.074,
        1,
        3.856,
        -0.127,
        3.911,
        -0.145,
        3.967,
        -0.204,
        1,
        3.989,
        -0.228,
        4.011,
        -1,
        4.033,
        -1,
        1,
        4.055,
        -1,
        4.078,
        -0.314,
        4.1,
        -0.284,
        1,
        4.256,
        -0.07,
        4.411,
        0,
        4.567,
        0
      ]
    },
    {
      "Target": "Parameter",
      "Id": "PARAM_BROW_L_ANGLE",
      "Segments": [
        0,
        0,
        0,
        0.133,
        -0.9,
        0,
        1.633,
        -0.47,
        0,
        1.8,
        -1,
        2,
        2.033,
        -1,
        2,
        3.067,
        -1,
        2,
        3.8,
        -1,
        0,
        4.567,
        0
      ]
    },
    {
      "Target": "Parameter",
      "Id": "PARAM_BROW_R_ANGLE",
      "Segments": [
        0,
        0,
        0,
        0.133,
        -1,
        0,
        1.633,
        -0.33,
        0,
        1.8,
        -1,
        2,
        2.033,
        -1,
        2,
        3.067,
        -1,
        2,
        3.8,
        -1,
        0,
        4.567,
        0
      ]
    },
    {
      "Target": "Parameter",
      "Id": "PARAM_BROW_L_FORM",
      "Segments": [
        0,
        0.5,
        0,
        0.133,
        -0.5,
        0,
        1.633,
        -0.36,
        0,
        1.8,
        -0.7,
        0,
        2.033,
        -0.68,
        2,
        3.067,
        -0.68,
        2,
        3.8,
        -0.68,
        0,
        4.567,
        0.5
      ]
    },
    {
      "Target": "Parameter",
      "Id": "PARAM_BROW_R_FORM",
      "Segments": [
        0,
        0.5,
        0,
        0.133,
        -0.5,
        0,
        1.633,
        -0.27,
        0,
        1.8,
        -0.7,
        0,
        2.033,
        -0.68,
        2,
        3.067,
        -0.68,
        2,
        3.8,
        -0.68,
        0,
        4.567,
        0.5
      ]
    },
    {
      "Target": "Parameter",
      "Id": "PARAM_MOUTH_OPEN",
      "Segments": [
        0,
        0,
        0,
        0.133,
        1.4,
        1,
        0.633,
        1.4,
        1.133,
        0.749,
        1.633,
        0.04,
        1,
        1.689,
        -0.039,
        1.744,
        0,
        1.8,
        0,
        0,
        2.033,
        1,
        2,
        3.067,
        1,
        2,
        3.8,
        1,
        0,
        4.567,
        0
      ]
    },
    {
      "Target": "Parameter",
      "Id": "PARAM_MOUTH_FORM",
      "Segments": [
        0,
        -0.6,
        0,
        0.133,
        1,
        2,
        1.633,
        1,
        1,
        1.689,
        1,
        1.744,
        0.501,
        1.8,
        0.3,
        1,
        1.878,
        0.019,
        1.955,
        0,
        2.033,
        0,
        2,
        3.067,
        0,
        2,
        3.8,
        0,
        0,
        4.567,
        -0.6
      ]
    },
    {
      "Target": "Parameter",
      "Id": "PARAM_MOUTH_SIZE",
      "Segments": [
        0,
        -0.5,
        0,
        1.633,
        -1,
        2,
        1.8,
        -1,
        0,
        2.033,
        1,
        0,
        2.567,
        -1,
        0,
        3.067,
        1,
        0,
        3.7,
        -1,
        1,
        3.733,
        -1,
        3.767,
        -1.011,
        3.8,
        -0.894,
        1,
        3.9,
        -0.541,
        4,
        -0.214,
        4.1,
        -0.214,
        0,
        4.567,
        -0.5
      ]
    },
    {
      "Target": "Parameter",
      "Id": "PARAM_SHY",
      "Segments": [
        0,
        0,
        0,
        0.3,
        0.5,
        0,
        3.8,
        0,
        2,
        4.567,
        0
      ]
    },
    {
      "Target": "Parameter",
      "Id": "PARAM_TERE",
      "Segments": [
        0,
        0.6,
        0,
        0.3,
        0.535,
        0,
        1.8,
        0.6,
        2,
        2.033,
        0.6,
        2,
        3.067,
        0.6,
        2,
        3.8,
        0.6,
        2,
        4.567,
        0.6
      ]
    },
    {
      "Target": "PartOpacity",
      "Id": "PARTS_GUDIAN",
      "Segments": [
        0,
        1,
        2,
        4.57,
        1
      ]
    },
    {
      "Target": "PartOpacity",
      "Id": "PARTS_01_ARM_L_01",
      "Segments": [
        0,
        1,
        2,
        4.57,
        1
      ]
    },
    {
      "Target": "PartOpacity",
      "Id": "PARTS_01_ARM_R_01",
      "Segments": [
        0,
        1,
        2,
        4.57,
        1
      ]
    },
    {
      "Target": "PartOpacity",
      "Id": "PARTS_01_BODY",
      "Segments": [
        0,
        1,
        2,
        3.8,
        1,
        2,
        4.57,
        1
      ]
    },
    {
      "Target": "PartOpacity",
      "Id": "PARTS_01_NECK",
      "Segments": [
        0,
        1,
        2,
        3.8,
        1,
        2,
        4.57,
        1
      ]
    },
    {
      "Target": "PartOpacity",
      "Id": "PARTS_01_HAIR_BACK_001",
      "Segments": [
        0,
        1,
        2,
        3.8,
        1,
        2,
        4.57,
        1
      ]
    },
    {
      "Target": "PartOpacity",
      "Id": "PARTS_01_HAIR_SIDE_001",
      "Segments": [
        0,
        1,
        2,
        3.8,
        1,
        2,
        4.57,
        1
      ]
    },
    {
      "Target": "PartOpacity",
      "Id": "PARTS_01_HAIR_FRONT_001",
      "Segments": [
        0,
        1,
        2,
        3.8,
        1,
        2,
        4.57,
        1
      ]
    },
    {
      "Target": "PartOpacity",
      "Id": "PARTS_01_EAR_001",
      "Segments": [
        0,
        1,
        2,
        3.8,
        1,
        2,
        4.57,
        1
      ]
    },
    {
      "Target": "PartOpacity",
      "Id": "PARTS_01_NOSE_001",
      "Segments": [
        0,
        1,
        2,
        3.8,
        1,
        2,
        4.57,
        1
      ]
    },
    {
      "Target": "PartOpacity",
      "Id": "PARTS_01_MOUTH_001",
      "Segments": [
        0,
        1,
        2,
        3.8,
        1,
        2,
        4.57,
        1
      ]
    },
    {
      "Target": "PartOpacity",
      "Id": "PARTS_01_BROW_001",
      "Segments": [
        0,
        1,
        2,
        3.8,
        1,
        2,
        4.57,
        1
      ]
    },
    {
      "Target": "PartOpacity",
      "Id": "PARTS_01_EYE_BALL_001",
      "Segments": [
        0,
        1,
        2,
        3.8,
        1,
        2,
        4.57,
        1
      ]
    },
    {
      "Target": "PartOpacity",
      "Id": "PARTS_01_EYE_001",
      "Segments": [
        0,
        1,
        2,
        3.8,
        1,
        2,
        4.57,
        1
      ]
    },
    {
      "Target": "PartOpacity",
      "Id": "PARTS_01_FACE_001",
      "Segments": [
        0,
        1,
        2,
        3.8,
        1,
        2,
        4.57,
        1
      ]
    },
    {
      "Target": "PartOpacity",
      "Id": "ROUGH",
      "Segments": [
        0,
        1,
        2,
        3.8,
        1,
        2,
        4.57,
        1
      ]
    },
    {
      "Target": "Model",
      "Id": "Opacity",
      "Segments": [
        0,
        1,
        0,
        4.57,
        1
      ]
    },
    {
      "Target": "Parameter",
      "Id": "PARAM_LEFT_ARM_TAI",
      "Segments": [
        0,
        0,
        0,
        4.57,
        0
      ]
    },
    {
      "Target": "Parameter",
      "Id": "PARAM_HAND_L2",
      "Segments": [
        0,
        0,
        0,
        4.57,
        0
      ]
    },
    {
      "Target": "Parameter",
      "Id": "PARAM_TANGDIE",
      "Segments": [
        0,
        0,
        0,
        4.57,
        0
      ]
    },
    {
      "Target": "Parameter",
      "Id": "PARAM_RIGHT_ARM_TAI",
      "Segments": [
        0,
        0.5,
        0,
        4.57,
        0.5
      ]
    },
    {
      "Target": "Parameter",
      "Id": "PARAM_HAND_R_LEVEL",
      "Segments": [
        0,
        1,
        0,
        4.57,
        1
      ]
    },
    {
      "Target": "Parameter",
      "Id": "PARAM_YIFU",
      "Segments": [
        0,
        0,
        0,
        4.57,
        0
      ]
    },
    {
      "Target": "Parameter",
      "Id": "PARAM_CHICKEN",
      "Segments": [
        0,
        0,
        0,
        4.57,
        0
      ]
    },
    {
      "Target": "Parameter",
      "Id": "PARAM_CHICKEN_MOVE",
      "Segments": [
        0,
        0,
        0,
        4.57,
        0
      ]
    },
    {
      "Target": "Parameter",
      "Id": "PARAM_BANSHOU",
      "Segments": [
        0,
        0,
        0,
        4.57,
        0
      ]
    },
    {
      "Target": "Parameter",
      "Id": "PARAM_BANSHOU_MOVE",
      "Segments": [
        0,
        0,
        0,
        4.57,
        0
      ]
    },
    {
      "Target": "Parameter",
      "Id": "PARAM_BANSHOU_MOVE_01",
      "Segments": [
        0,
        0,
        0,
        4.57,
        0
      ]
    },
    {
      "Target": "Parameter",
      "Id": "PARAM_SHAOZI",
      "Segments": [
        0,
        0,
        0,
        4.57,
        0
      ]
    },
    {
      "Target": "Parameter",
      "Id": "PARAM_SHAOZI_MOVE",
      "Segments": [
        0,
        0,
        0,
        4.57,
        0
      ]
    },
    {
      "Target": "Parameter",
      "Id": "PARAM_SHAOZI_MOVE_01",
      "Segments": [
        0,
        0,
        0,
        4.57,
        0
      ]
    },
    {
      "Target": "Parameter",
      "Id": "PARAM_SOUP",
      "Segments": [
        0,
        0,
        0,
        4.57,
        0
      ]
    },
    {
      "Target": "Parameter",
      "Id": "PARAM_JITA_CHUXIAN",
      "Segments": [
        0,
        0,
        0,
        4.57,
        0
      ]
    },
    {
      "Target": "Parameter",
      "Id": "PARAM_JITA_LEVEL",
      "Segments": [
        0,
        0,
        0,
        4.57,
        0
      ]
    },
    {
      "Target": "Parameter",
      "Id": "PARAM_JITA_MOVE_X",
      "Segments": [
        0,
        0,
        0,
        4.57,
        0
      ]
    },
    {
      "Target": "Parameter",
      "Id": "PARAM_JITA_MOVE_Y",
      "Segments": [
        0,
        0,
        0,
        4.57,
        0
      ]
    },
    {
      "Target": "Parameter",
      "Id": "PARAM_JITA_Z",
      "Segments": [
        0,
        0,
        0,
        4.57,
        0
      ]
    },
    {
      "Target": "Parameter",
      "Id": "PARAM_JITA_X",
      "Segments": [
        0,
        0,
        0,
        4.57,
        0
      ]
    },
    {
      "Target": "Parameter",
      "Id": "PARAM_JITA_Y",
      "Segments": [
        0,
        0,
        0,
        4.57,
        0
      ]
    },
    {
      "Target": "Parameter",
      "Id": "PARAM_JINADAI_X",
      "Segments": [
        0,
        0,
        0,
        4.57,
        0
      ]
    },
    {
      "Target": "Parameter",
      "Id": "PARAM_JIANDAI_Y",
      "Segments": [
        0,
        0,
        0,
        4.57,
        0
      ]
    },
    {
      "Target": "Parameter",
      "Id": "PARAM_JIANDAI_BACK_X",
      "Segments": [
        0,
        0,
        0,
        4.57,
        0
      ]
    },
    {
      "Target": "Parameter",
      "Id": "PARAM_JIANDAI_BACK_Y",
      "Segments": [
        0,
        0,
        0,
        4.57,
        0
      ]
    },
    {
      "Target": "Parameter",
      "Id": "PARAM_EYE_BALL_FORM",
      "Segments": [
        0,
        0,
        0,
        4.57,
        0
      ]
    },
    {
      "Target": "Parameter",
      "Id": "PARAM_EYE_BALL_SAD",
      "Segments": [
        0,
        0,
        0,
        4.57,
        0
      ]
    },
    {
      "Target": "Parameter",
      "Id": "PARAM_EYE_BALL_BAIYAN",
      "Segments": [
        0,
        0,
        0,
        4.57,
        0
      ]
    },
    {
      "Target": "Parameter",
      "Id": "PARAM_EYE_BALL_KIRAKIRA",
      "Segments": [
        0,
        0,
        0,
        4.57,
        0
      ]
    },
    {
      "Target": "Parameter",
      "Id": "PARAM_EYE_kira_R1",
      "Segments": [
        0,
        1,
        0,
        4.57,
        1
      ]
    },
    {
      "Target": "Parameter",
      "Id": "PARAM_EYE_kira_L1",
      "Segments": [
        0,
        1,
        0,
        4.57,
        1
      ]
    },
    {
      "Target": "Parameter",
      "Id": "PARAM_EYE_TI1",
      "Segments": [
        0,
        0,
        0,
        4.57,
        0
      ]
    },
    {
      "Target": "Parameter",
      "Id": "PARAM_EYE_TI2",
      "Segments": [
        0,
        0,
        0,
        4.57,
        0
      ]
    },
    {
      "Target": "Parameter",
      "Id": "PARAM_EYE_SPECIAL",
      "Segments": [
        0,
        0,
        0,
        4.57,
        0
      ]
    },
    {
      "Target": "Parameter",
      "Id": "PARAM_EYE_DEFROM",
      "Segments": [
        0,
        0,
        0,
        4.57,
        0
      ]
    },
    {
      "Target": "Parameter",
      "Id": "PARAM_MOUTH_SPECIAL",
      "Segments": [
        0,
        0,
        0,
        4.57,
        0
      ]
    },
    {
      "Target": "Parameter",
      "Id": "PARAM_MOUTH_WIDTH",
      "Segments": [
        0,
        1,
        0,
        4.57,
        1
      ]
    },
    {
      "Target": "Parameter",
      "Id": "PARAM_MOUTH_DEFORM_SPECIAL",
      "Segments": [
        0,
        0,
        0,
        4.57,
        0
      ]
    },
    {
      "Target": "Parameter",
      "Id": "PARAM_MOUTH_X",
      "Segments": [
        0,
        0,
        0,
        4.57,
        0
      ]
    },
    {
      "Target": "Parameter",
      "Id": "PARAM_MOUTH_Y",
      "Segments": [
        0,
        0,
        0,
        4.57,
        0
      ]
    },
    {
      "Target": "Parameter",
      "Id": "PARAM_TERE2",
      "Segments": [
        0,
        0,
        0,
        4.57,
        0
      ]
    },
    {
      "Target": "Parameter",
      "Id": "PARAM_WATER",
      "Segments": [
        0,
        0,
        0,
        4.57,
        0
      ]
    },
    {
      "Target": "Parameter",
      "Id": "PARAM_HAN",
      "Segments": [
        0,
        0,
        0,
        4.57,
        0
      ]
    },
    {
      "Target": "Parameter",
      "Id": "PARAM_ANGRY",
      "Segments": [
        0,
        0,
        0,
        4.57,
        0
      ]
    },
    {
      "Target": "Parameter",
      "Id": "PARAM_HEI",
      "Segments": [
        0,
        -1,
        0,
        4.57,
        -1
      ]
    },
    {
      "Target": "Parameter",
      "Id": "PARAM_LIANHEIXIAN",
      "Segments": [
        0,
        0,
        0,
        4.57,
        0
      ]
    },
    {
      "Target": "Parameter",
      "Id": "PARAM_FAT",
      "Segments": [
        0,
        0,
        0,
        4.57,
        0
      ]
    },
    {
      "Target": "Parameter",
      "Id": "PARAM_HEIXIAN",
      "Segments": [
        0,
        0,
        0,
        4.57,
        0
      ]
    },
    {
      "Target": "Parameter",
      "Id": "PARAM_YINYING",
      "Segments": [
        0,
        0,
        0,
        4.57,
        0
      ]
    },
    {
      "Target": "Parameter",
      "Id": "PARAM_TANQI",
      "Segments": [
        0,
        0,
        0,
        4.57,
        0
      ]
    },
    {
      "Target": "Parameter",
      "Id": "PARAM_ZHAMAO",
      "Segments": [
        0,
        0,
        0,
        4.57,
        0
      ]
    },
    {
      "Target": "Parameter",
      "Id": "PARAM_RU_X",
      "Segments": [
        0,
        0,
        0,
        4.57,
        0
      ]
    },
    {
      "Target": "Parameter",
      "Id": "PARAM_RU_Y",
      "Segments": [
        0,
        0,
        0,
        4.57,
        0
      ]
    },
    {
      "Target": "Parameter",
      "Id": "PARAM_BREATH",
      "Segments": [
        0,
        0,
        0,
        4.57,
        0
      ]
    },
    {
      "Target": "Parameter",
      "Id": "PARAM_HAIR_FRONT",
      "Segments": [
        0,
        0,
        0,
        4.57,
        0
      ]
    },
    {
      "Target": "Parameter",
      "Id": "PARAM_HAIR_FROUT_2",
      "Segments": [
        0,
        0,
        0,
        4.57,
        0
      ]
    },
    {
      "Target": "Parameter",
      "Id": "PARAM_HAIR_FROUT_WAVE",
      "Segments": [
        0,
        0,
        0,
        4.57,
        0
      ]
    },
    {
      "Target": "Parameter",
      "Id": "PARAM_HAIR_SIDE_R",
      "Segments": [
        0,
        0,
        0,
        4.57,
        0
      ]
    },
    {
      "Target": "Parameter",
      "Id": "PARAM_HAIR_SIDE_R2",
      "Segments": [
        0,
        0,
        0,
        4.57,
        0
      ]
    },
    {
      "Target": "Parameter",
      "Id": "PARAM_HAIR_SIDE_WAVE",
      "Segments": [
        0,
        0,
        0,
        4.57,
        0
      ]
    },
    {
      "Target": "Parameter",
      "Id": "PARAM_HAIR_SIDE_R3",
      "Segments": [
        0,
        0,
        0,
        4.57,
        0
      ]
    },
    {
      "Target": "Parameter",
      "Id": "PARAM_HAIR_SIDE_L",
      "Segments": [
        0,
        0,
        0,
        4.57,
        0
      ]
    },
    {
      "Target": "Parameter",
      "Id": "PARAM_HAIR_SIDE_L3",
      "Segments": [
        0,
        0,
        0,
        4.57,
        0
      ]
    },
    {
      "Target": "Parameter",
      "Id": "PARAM_HAIR_BACK_WAVE",
      "Segments": [
        0,
        0,
        0,
        4.57,
        0
      ]
    },
    {
      "Target": "Parameter",
      "Id": "PARAM_XIANQUNZI_1",
      "Segments": [
        0,
        0,
        0,
        4.57,
        0
      ]
    },
    {
      "Target": "Parameter",
      "Id": "PARAM_XIANQUNZI_2",
      "Segments": [
        0,
        0,
        0,
        4.57,
        0
      ]
    },
    {
      "Target": "Parameter",
      "Id": "PARAM_YICENGQUN_YIDUAN_SHAKE",
      "Segments": [
        0,
        0,
        0,
        4.57,
        0
      ]
    },
    {
      "Target": "Parameter",
      "Id": "PARAM_PARAM_YICENGQUN_ERDUAN_SHAKE",
      "Segments": [
        0,
        0,
        0,
        4.57,
        0
      ]
    },
    {
      "Target": "Parameter",
      "Id": "PARAM_YICENGSHA_1DUAN_SHAKE",
      "Segments": [
        0,
        0,
        0,
        4.57,
        0
      ]
    },
    {
      "Target": "Parameter",
      "Id": "PARAM_YICESHA_2DUAN_SHAKE",
      "Segments": [
        0,
        0,
        0,
        4.57,
        0
      ]
    },
    {
      "Target": "Parameter",
      "Id": "PARAM_ERCENGSHA_1DUAN_SHAKE",
      "Segments": [
        0,
        0,
        0,
        4.57,
        0
      ]
    },
    {
      "Target": "Parameter",
      "Id": "PARAM_ERCENGSAHA_2DUAN_SHAKE",
      "Segments": [
        0,
        0,
        0,
        4.57,
        0
      ]
    }
  ],
  "UserData": []
}