{
  "Version": 3,
  "Meta": {
    "Duration": 7.0,
    "Fps": 30.0,
    "Loop": true,
    "AreBeziersRestricted": true,
    "CurveCount": 134,
    "TotalSegmentCount": 918,
    "TotalPointCount": 1028,
    "UserDataCount": 0,
    "TotalUserDataSize": 0
  },
  "Curves": [
    {
      "Target": "Parameter",
      "Id": "PARAM_ANGLE_X",
      "Segments": [
        0,
        -9,
        0,
        1,
        -8,
        2,
        1.5,
        -8,
        0,
        1.533,
        -4.14,
        0,
        1.567,
        -8,
        0,
        1.6,
        -4.14,
        0,
        1.633,
        -8,
        0,
        1.667,
        -4.14,
        0,
        1.7,
        -8,
        0,
        1.733,
        -4.14,
        0,
        1.767,
        -8,
        0,
        1.8,
        -4.14,
        0,
        1.833,
        -8,
        0,
        1.867,
        -4.14,
        0,
        1.9,
        -8,
        0,
        1.933,
        -4.14,
        0,
        1.967,
        -8,
        0,
        2,
        -4.14,
        0,
        2.033,
        -8,
        0,
        2.067,
        -4.14,
        0,
        2.1,
        -8,
        0,
        2.133,
        -4.14,
        0,
        2.167,
        -8,
        0,
        2.2,
        -4.14,
        0,
        2.233,
        -8,
        0,
        2.267,
        -4.14,
        0,
        2.3,
        -8,
        0,
        2.333,
        -4.14,
        0,
        2.367,
        -8,
        0,
        2.4,
        -4.14,
        0,
        2.433,
        -8,
        0,
        2.467,
        -4.14,
        1,
        2.478,
        -4.14,
        2.489,
        -6.023,
        2.5,
        -8,
        1,
        2.611,
        -27.771,
        2.722,
        -37,
        2.833,
        -37,
        2,
        3.5,
        -37,
        0,
        3.767,
        -30,
        2,
        3.967,
        -30,
        0,
        4.167,
        -60,
        2,
        5.167,
        -60,
        1,
        5.5,
        -60,
        5.834,
        -52.273,
        6.167,
        -30,
        1,
        6.334,
        -18.864,
        6.5,
        -8,
        6.667,
        -8,
        0,
        7,
        -9
      ]
    },
    {
      "Target": "Parameter",
      "Id": "PARAM_ANGLE_Y",
      "Segments": [
        0,
        -15,
        0,
        0.1,
        -19,
        0,
        0.267,
        6,
        0,
        0.5,
        -18,
        2,
        1,
        -18,
        2,
        1.5,
        -18,
        2,
        2.567,
        -18,
        0,
        2.733,
        -6,
        0,
        2.933,
        -30,
        2,
        3.5,
        -30,
        0,
        3.767,
        -13,
        2,
        3.967,
        -13,
        1,
        4.034,
        -13,
        4.1,
        13.867,
        4.167,
        16,
        1,
        4.5,
        26.663,
        4.834,
        30,
        5.167,
        30,
        0,
        5.5,
        -30,
        2,
        6.167,
        -30,
        0,
        6.667,
        -13,
        0,
        7,
        -15
      ]
    },
    {
      "Target": "Parameter",
      "Id": "PARAM_ANGLE_Z",
      "Segments": [
        0,
        3,
        0,
        1,
        -15,
        0,
        1.5,
        0,
        1,
        1.833,
        0,
        2.167,
        -0.914,
        2.5,
        -5,
        1,
        2.611,
        -6.362,
        2.722,
        -13,
        2.833,
        -13,
        2,
        3.5,
        -13,
        2,
        3.967,
        -13,
        0,
        4.167,
        0,
        2,
        5.167,
        0,
        0,
        6.167,
        -20,
        1,
        6.334,
        -20,
        6.5,
        -16.946,
        6.667,
        -8,
        1,
        6.778,
        -2.036,
        6.889,
        3,
        7,
        3
      ]
    },
    {
      "Target": "Parameter",
      "Id": "PARAM_BODY_ANGLE_X",
      "Segments": [
        0,
        -4,
        1,
        0.056,
        -4,
        0.111,
        -3.75,
        0.167,
        -2,
        1,
        0.222,
        -0.25,
        0.278,
        2,
        0.333,
        2,
        0,
        0.5,
        -2,
        0,
        0.667,
        2,
        0,
        1,
        0,
        0,
        1.5,
        2,
        0,
        1.533,
        1.46,
        0,
        1.567,
        2,
        0,
        1.6,
        1.46,
        0,
        1.633,
        2,
        0,
        1.667,
        1.46,
        0,
        1.7,
        2,
        0,
        1.733,
        1.46,
        0,
        1.767,
        2,
        0,
        1.8,
        1.46,
        0,
        1.833,
        2,
        0,
        1.867,
        1.46,
        0,
        1.9,
        2,
        0,
        1.933,
        1.46,
        0,
        1.967,
        2,
        0,
        2,
        1.46,
        0,
        2.033,
        2,
        0,
        2.067,
        1.46,
        0,
        2.1,
        2,
        0,
        2.133,
        1.46,
        0,
        2.167,
        2,
        0,
        2.2,
        1.46,
        0,
        2.233,
        2,
        0,
        2.267,
        1.46,
        0,
        2.3,
        2,
        0,
        2.333,
        1.46,
        0,
        2.367,
        2,
        0,
        2.4,
        1.46,
        0,
        2.433,
        2,
        0,
        2.467,
        1.46,
        0,
        2.5,
        2,
        0,
        2.833,
        -2,
        2,
        3.5,
        -2,
        0,
        3.767,
        0,
        2,
        3.933,
        0,
        0,
        4.167,
        -6,
        2,
        5.167,
        -6,
        1,
        5.5,
        -6,
        5.834,
        -5.477,
        6.167,
        -3,
        1,
        6.278,
        -2.174,
        6.389,
        2,
        6.5,
        2,
        0,
        7,
        -4
      ]
    },
    {
      "Target": "Parameter",
      "Id": "PARAM_BODY_ANGLE_Y",
      "Segments": [
        0,
        0,
        0,
        0.167,
        10,
        0,
        0.5,
        0,
        2,
        1,
        0,
        0,
        1.167,
        10,
        0,
        1.5,
        0,
        2,
        2.5,
        0,
        0,
        2.667,
        10,
        0,
        2.833,
        0,
        2,
        3.5,
        0,
        2,
        3.933,
        0,
        1,
        4.011,
        0,
        4.089,
        3.021,
        4.167,
        3.606,
        1,
        4.5,
        6.114,
        4.834,
        6.827,
        5.167,
        6.827,
        0,
        5.5,
        0,
        2,
        6.167,
        0,
        2,
        6.5,
        0,
        2,
        7,
        0
      ]
    },
    {
      "Target": "Parameter",
      "Id": "PARAM_BODY_ANGLE_Z",
      "Segments": [
        0,
        -0.879,
        0,
        0.167,
        -2,
        0,
        0.333,
        2,
        0,
        0.5,
        0,
        0,
        0.667,
        2,
        0,
        1,
        0,
        1,
        1.167,
        0,
        1.333,
        0.854,
        1.5,
        3,
        1,
        1.522,
        3.286,
        1.545,
        4.025,
        1.567,
        4.025,
        0,
        1.633,
        3,
        0,
        1.7,
        4.025,
        0,
        1.767,
        3,
        0,
        1.833,
        4.025,
        0,
        1.9,
        3,
        0,
        1.967,
        4.025,
        0,
        2.033,
        3,
        0,
        2.1,
        4.025,
        0,
        2.167,
        3,
        0,
        2.233,
        4.025,
        0,
        2.3,
        3,
        0,
        2.367,
        4.025,
        0,
        2.433,
        3,
        0,
        2.5,
        4.025,
        0,
        2.833,
        0,
        0,
        3.5,
        1,
        2,
        3.933,
        1,
        1,
        4.011,
        1,
        4.089,
        -1.631,
        4.167,
        -2,
        1,
        4.5,
        -3.579,
        4.834,
        -4,
        5.167,
        -4,
        1,
        5.5,
        -4,
        5.834,
        -2.907,
        6.167,
        0,
        1,
        6.278,
        0.969,
        6.389,
        2,
        6.5,
        2,
        0,
        7,
        -0.879
      ]
    },
    {
      "Target": "Parameter",
      "Id": "PARAM_UPPER_BODY",
      "Segments": [
        0,
        -1.53,
        1,
        0.111,
        -1.53,
        0.222,
        -1.493,
        0.333,
        -1,
        1,
        0.389,
        -0.754,
        0.444,
        1,
        0.5,
        1,
        0,
        0.667,
        -1,
        0,
        1,
        1,
        0,
        1.5,
        0,
        0,
        1.567,
        0.52,
        0,
        1.633,
        0,
        0,
        1.7,
        0.52,
        0,
        1.767,
        0,
        0,
        1.833,
        0.52,
        0,
        1.9,
        0,
        0,
        1.967,
        0.52,
        0,
        2.033,
        0,
        0,
        2.1,
        0.52,
        0,
        2.167,
        0,
        0,
        2.233,
        0.52,
        0,
        2.3,
        0,
        0,
        2.367,
        0.52,
        0,
        2.433,
        0,
        0,
        2.5,
        0.52,
        0,
        2.833,
        -1,
        0,
        3.5,
        0.1,
        2,
        3.933,
        0.1,
        1,
        4.011,
        0.1,
        4.089,
        -1.813,
        4.167,
        -2,
        1,
        4.5,
        -2.8,
        4.834,
        -3,
        5.167,
        -3,
        1,
        5.5,
        -3,
        5.834,
        -2.282,
        6.167,
        0,
        1,
        6.278,
        0.761,
        6.389,
        2,
        6.5,
        2,
        0,
        7,
        -1.53
      ]
    },
    {
      "Target": "Parameter",
      "Id": "PARAM_LEFT_ARM",
      "Segments": [
        0,
        0.2,
        0,
        0.267,
        1,
        0,
        0.433,
        0.178,
        0,
        0.6,
        0.62,
        0,
        0.8,
        0.168,
        1,
        0.867,
        0.168,
        0.933,
        0.165,
        1,
        0.181,
        1,
        1.056,
        0.194,
        1.111,
        0.608,
        1.167,
        0.608,
        1,
        1.222,
        0.608,
        1.278,
        0.448,
        1.333,
        0.358,
        1,
        1.389,
        0.268,
        1.444,
        0.265,
        1.5,
        0.265,
        2,
        2.5,
        0.265,
        0,
        2.833,
        0.247,
        2,
        3.5,
        0.247,
        0,
        3.933,
        0.296,
        0,
        4.167,
        0.185,
        2,
        5.167,
        0.185,
        1,
        5.5,
        0.185,
        5.834,
        0.187,
        6.167,
        0.223,
        1,
        6.322,
        0.24,
        6.478,
        0.504,
        6.633,
        0.504,
        0,
        7,
        0.2
      ]
    },
    {
      "Target": "Parameter",
      "Id": "PARAM_ARM_L",
      "Segments": [
        0,
        -1,
        0,
        0.267,
        1.22,
        0,
        0.433,
        0.36,
        0,
        0.6,
        0.873,
        0,
        0.8,
        0.17,
        2,
        1,
        0.17,
        0,
        1.333,
        4.37,
        0,
        1.5,
        4.16,
        0,
        1.533,
        4.202,
        0,
        1.567,
        4.16,
        0,
        1.6,
        4.202,
        0,
        1.633,
        4.16,
        0,
        1.667,
        4.202,
        0,
        1.7,
        4.16,
        0,
        1.733,
        4.202,
        0,
        1.767,
        4.16,
        0,
        1.8,
        4.202,
        0,
        1.833,
        4.16,
        0,
        1.867,
        4.202,
        0,
        1.9,
        4.16,
        0,
        1.933,
        4.202,
        0,
        1.967,
        4.16,
        0,
        2,
        4.202,
        0,
        2.033,
        4.16,
        0,
        2.067,
        4.202,
        0,
        2.1,
        4.16,
        0,
        2.133,
        4.202,
        0,
        2.167,
        4.16,
        0,
        2.2,
        4.202,
        0,
        2.233,
        4.16,
        0,
        2.267,
        4.202,
        0,
        2.3,
        4.16,
        0,
        2.333,
        4.202,
        0,
        2.367,
        4.16,
        0,
        2.4,
        4.202,
        0,
        2.433,
        4.16,
        0,
        2.467,
        4.202,
        1,
        2.478,
        4.202,
        2.489,
        4.259,
        2.5,
        4.16,
        1,
        2.611,
        3.166,
        2.722,
        2.138,
        2.833,
        2.138,
        2,
        3.5,
        2.138,
        0,
        3.933,
        2.228,
        0,
        4.167,
        2.15,
        0,
        5.167,
        2.2,
        2,
        6.167,
        2.2,
        0,
        6.833,
        -1,
        2,
        7,
        -1
      ]
    },
    {
      "Target": "Parameter",
      "Id": "PARAM_ARM_L_TOUSHI2",
      "Segments": [
        0,
        0,
        1,
        0.111,
        0,
        0.222,
        0.032,
        0.333,
        0.058,
        1,
        0.555,
        0.109,
        0.778,
        0.128,
        1,
        0.189,
        1,
        1.111,
        0.22,
        1.222,
        0.425,
        1.333,
        0.425,
        0,
        1.5,
        0.165,
        2,
        2.5,
        0.165,
        0,
        2.833,
        0.567,
        0,
        3.5,
        0.538,
        2,
        3.933,
        0.538,
        2,
        4.167,
        0.538,
        0,
        5.167,
        0.591,
        0,
        5.5,
        0.303,
        0,
        6.167,
        0.39,
        0,
        7,
        0
      ]
    },
    {
      "Target": "Parameter",
      "Id": "PARAM_TOUSHI_L",
      "Segments": [
        0,
        0,
        2,
        1,
        0,
        0,
        1.333,
        0.624,
        2,
        2.5,
        0.624,
        0,
        2.833,
        0,
        2,
        3.5,
        0,
        2,
        3.933,
        0,
        2,
        5.167,
        0,
        2,
        6.167,
        0,
        2,
        6.667,
        0,
        2,
        7,
        0
      ]
    },
    {
      "Target": "Parameter",
      "Id": "PARAM_ARM_L_02",
      "Segments": [
        0,
        0.951,
        0,
        0.1,
        0.963,
        0,
        0.333,
        0.496,
        0,
        0.5,
        0.864,
        0,
        0.667,
        0.514,
        0,
        0.867,
        0.748,
        2,
        1,
        0.748,
        0,
        1.167,
        0.822,
        0,
        1.5,
        0.226,
        2,
        2.5,
        0.226,
        0,
        2.833,
        0.682,
        2,
        3.5,
        0.682,
        0,
        3.933,
        0.534,
        1,
        4.011,
        0.534,
        4.089,
        0.734,
        4.167,
        0.736,
        1,
        4.5,
        0.746,
        4.834,
        0.748,
        5.167,
        0.748,
        1,
        5.5,
        0.748,
        5.834,
        0.712,
        6.167,
        0.514,
        1,
        6.278,
        0.448,
        6.389,
        0.019,
        6.5,
        0.019,
        0,
        7,
        0.951
      ]
    },
    {
      "Target": "Parameter",
      "Id": "PARAM_HAND_L",
      "Segments": [
        0,
        0,
        2,
        0.167,
        0,
        2,
        0.2,
        1,
        2,
        0.333,
        1,
        2,
        1,
        1,
        2,
        1.167,
        1,
        0,
        1.2,
        0.5,
        2,
        1.333,
        0.5,
        2,
        1.5,
        0.5,
        2,
        2.5,
        0.5,
        2,
        3.5,
        0.5,
        2,
        3.933,
        0.5,
        2,
        5.167,
        0.5,
        2,
        6.167,
        0.5,
        2,
        6.333,
        0.5,
        0,
        6.367,
        0,
        2,
        7,
        0
      ]
    },
    {
      "Target": "Parameter",
      "Id": "PARAM_HAND_L2",
      "Segments": [
        0,
        0,
        2,
        0.167,
        0,
        2,
        0.2,
        1,
        2,
        0.333,
        1,
        2,
        1,
        1,
        2,
        1.167,
        1,
        2,
        1.2,
        1,
        2,
        1.333,
        1,
        2,
        1.5,
        1,
        2,
        2.5,
        1,
        2,
        3.5,
        1,
        2,
        3.933,
        1,
        2,
        5.167,
        1,
        2,
        6.167,
        1,
        2,
        6.333,
        1,
        2,
        6.367,
        0,
        2,
        7,
        0
      ]
    },
    {
      "Target": "Parameter",
      "Id": "PARAM_HAND_L_02",
      "Segments": [
        0,
        0,
        0,
        0.333,
        -1,
        0,
        0.5,
        -0.4,
        0,
        0.667,
        -1,
        0,
        0.833,
        -0.4,
        2,
        1,
        -0.4,
        0,
        1.167,
        -1,
        2,
        1.2,
        1,
        0,
        1.467,
        -1,
        2,
        1.5,
        -1,
        2,
        2.5,
        -1,
        2,
        3.5,
        -1,
        2,
        3.933,
        -1,
        2,
        5.167,
        -1,
        2,
        6.167,
        -1,
        0,
        7,
        0
      ]
    },
    {
      "Target": "Parameter",
      "Id": "PARAM_HAND_L_LEVEL",
      "Segments": [
        0,
        0,
        2,
        0.033,
        1,
        2,
        0.333,
        1,
        2,
        1,
        1,
        2,
        1.5,
        1,
        2,
        2.5,
        1,
        2,
        3.5,
        1,
        2,
        3.933,
        1,
        2,
        5.167,
        1,
        2,
        6.167,
        1,
        2,
        6.967,
        1,
        2,
        7,
        0
      ]
    },
    {
      "Target": "Parameter",
      "Id": "PARAM_RIGHT_ARM",
      "Segments": [
        0,
        0.643,
        0,
        0.167,
        0.254,
        0,
        0.333,
        0.814,
        0,
        0.5,
        0.492,
        0,
        0.667,
        0.795,
        1,
        0.778,
        0.795,
        0.889,
        0.794,
        1,
        0.767,
        1,
        1.056,
        0.753,
        1.111,
        0.489,
        1.167,
        0.489,
        0,
        1.5,
        1,
        2,
        2.5,
        1,
        0,
        2.833,
        0.823,
        2,
        3.5,
        0.823,
        0,
        3.933,
        0.869,
        1,
        4.011,
        0.869,
        4.089,
        0.556,
        4.167,
        0.555,
        1,
        4.5,
        0.552,
        4.834,
        0.551,
        5.167,
        0.551,
        0,
        6.167,
        0.666,
        0,
        6.6,
        0.268,
        0,
        7,
        0.643
      ]
    },
    {
      "Target": "Parameter",
      "Id": "PARAM_ARM_R",
      "Segments": [
        0,
        4.557,
        1,
        0.056,
        4.557,
        0.111,
        3.132,
        0.167,
        2.182,
        1,
        0.222,
        1.232,
        0.278,
        1.145,
        0.333,
        1.145,
        0,
        0.5,
        1.69,
        0,
        0.667,
        1.176,
        2,
        1,
        1.176,
        0,
        1.333,
        4.535,
        0,
        1.5,
        4.41,
        0,
        1.533,
        4.435,
        0,
        1.567,
        4.41,
        0,
        1.6,
        4.435,
        0,
        1.633,
        4.41,
        0,
        1.667,
        4.435,
        0,
        1.7,
        4.41,
        0,
        1.733,
        4.435,
        0,
        1.767,
        4.41,
        0,
        1.8,
        4.435,
        0,
        1.833,
        4.41,
        0,
        1.867,
        4.435,
        0,
        1.9,
        4.41,
        0,
        1.933,
        4.435,
        0,
        1.967,
        4.41,
        0,
        2,
        4.435,
        0,
        2.033,
        4.41,
        0,
        2.067,
        4.435,
        0,
        2.1,
        4.41,
        0,
        2.133,
        4.435,
        0,
        2.167,
        4.41,
        0,
        2.2,
        4.435,
        0,
        2.233,
        4.41,
        0,
        2.267,
        4.435,
        0,
        2.3,
        4.41,
        0,
        2.333,
        4.435,
        0,
        2.367,
        4.41,
        0,
        2.4,
        4.435,
        0,
        2.433,
        4.41,
        0,
        2.467,
        4.435,
        1,
        2.478,
        4.435,
        2.489,
        4.479,
        2.5,
        4.41,
        1,
        2.611,
        3.722,
        2.722,
        2.895,
        2.833,
        2.895,
        2,
        3.5,
        2.895,
        2,
        3.933,
        2.895,
        0,
        4.167,
        3.13,
        2,
        5.167,
        3.13,
        0,
        6.167,
        3.04,
        1,
        6.311,
        3.04,
        6.456,
        3.153,
        6.6,
        3.65,
        1,
        6.733,
        4.109,
        6.867,
        4.557,
        7,
        4.557
      ]
    },
    {
      "Target": "Parameter",
      "Id": "PARAM_ARM_R_TOUSHI2",
      "Segments": [
        0,
        0.3,
        0,
        0.333,
        0.145,
        2,
        1,
        0.145,
        0,
        1.333,
        0.453,
        0,
        1.5,
        0.153,
        2,
        2.5,
        0.153,
        0,
        2.833,
        0.5,
        2,
        3.5,
        0.5,
        2,
        3.933,
        0.5,
        2,
        4.167,
        0.5,
        0,
        5.167,
        0.659,
        0,
        5.5,
        0.469,
        2,
        6.167,
        0.469,
        0,
        6.6,
        0.641,
        0,
        7,
        0.3
      ]
    },
    {
      "Target": "Parameter",
      "Id": "PARAM_TOUSHI_R",
      "Segments": [
        0,
        0.7,
        0,
        0.333,
        1,
        2,
        1,
        1,
        0,
        1.333,
        0.442,
        2,
        2.5,
        0.442,
        0,
        2.833,
        0.558,
        2,
        3.5,
        0.558,
        2,
        3.933,
        0.558,
        2,
        5.167,
        0.558,
        2,
        6.167,
        0.558,
        0,
        6.6,
        0,
        0,
        7,
        0.7
      ]
    },
    {
      "Target": "Parameter",
      "Id": "PARAM_ARM_R_02",
      "Segments": [
        0,
        0.847,
        0,
        0.233,
        -0.207,
        0,
        0.4,
        0.166,
        0,
        0.567,
        -0.112,
        0,
        0.733,
        0.152,
        2,
        1,
        0.152,
        0,
        1.167,
        0.458,
        0,
        1.5,
        -0.304,
        2,
        2.5,
        -0.304,
        0,
        2.833,
        0.376,
        2,
        3.5,
        0.376,
        2,
        3.933,
        0.376,
        0,
        5.167,
        0.51,
        0,
        6.167,
        0.48,
        1,
        6.245,
        0.48,
        6.322,
        0.51,
        6.4,
        0.578,
        1,
        6.6,
        0.754,
        6.8,
        0.847,
        7,
        0.847
      ]
    },
    {
      "Target": "Parameter",
      "Id": "PARAM_HAND_R",
      "Segments": [
        0,
        0,
        2,
        0.133,
        0,
        2,
        0.167,
        1,
        2,
        0.333,
        1,
        2,
        1,
        1,
        2,
        1.167,
        1,
        0,
        1.2,
        0.5,
        2,
        1.333,
        0.5,
        2,
        1.5,
        0.5,
        2,
        2.5,
        0.5,
        2,
        3.5,
        0.5,
        2,
        3.933,
        0.5,
        2,
        5.167,
        0.5,
        2,
        6.167,
        0.5,
        2,
        6.5,
        0.5,
        0,
        6.533,
        0,
        2,
        7,
        0
      ]
    },
    {
      "Target": "Parameter",
      "Id": "PARAM_HAND_R2",
      "Segments": [
        0,
        0,
        2,
        0.133,
        0,
        2,
        0.167,
        1,
        2,
        0.333,
        1,
        2,
        1,
        1,
        2,
        1.167,
        1,
        2,
        1.2,
        1,
        2,
        1.333,
        1,
        2,
        1.5,
        1,
        2,
        2.5,
        1,
        2,
        3.5,
        1,
        2,
        3.933,
        1,
        2,
        5.167,
        1,
        2,
        6.167,
        1,
        2,
        6.5,
        1,
        2,
        6.533,
        0,
        2,
        7,
        0
      ]
    },
    {
      "Target": "Parameter",
      "Id": "PARAM_HAND_R_02",
      "Segments": [
        0,
        1,
        0,
        0.2,
        -1,
        0,
        0.4,
        -0.5,
        0,
        0.567,
        -1,
        0,
        0.733,
        -0.5,
        2,
        1,
        -0.5,
        0,
        1.2,
        1,
        0,
        1.467,
        -1,
        2,
        1.5,
        -1,
        2,
        2.5,
        -1,
        2,
        3.5,
        -1,
        2,
        3.933,
        -1,
        2,
        5.167,
        -1,
        2,
        6.167,
        -1,
        2,
        6.5,
        -1,
        2,
        6.533,
        1,
        2,
        7,
        1
      ]
    },
    {
      "Target": "Parameter",
      "Id": "PARAM_EYE_L_OPEN",
      "Segments": [
        0,
        1,
        0,
        0.167,
        0,
        0,
        0.333,
        1,
        2,
        1,
        1,
        2,
        1.5,
        1,
        2,
        2.5,
        1,
        2,
        3.5,
        1,
        2,
        3.967,
        1,
        0,
        4.167,
        0,
        2,
        5.167,
        0,
        2,
        6.167,
        0,
        0,
        6.667,
        1,
        2,
        7,
        1
      ]
    },
    {
      "Target": "Parameter",
      "Id": "PARAM_EYE_L_FORM",
      "Segments": [
        0,
        0,
        0,
        0.333,
        1,
        2,
        1,
        1,
        2,
        1.5,
        1,
        2,
        2.5,
        1,
        2,
        2.833,
        1,
        2,
        3.5,
        1,
        2,
        3.967,
        1,
        0,
        4.167,
        0.5,
        2,
        5.167,
        0.5,
        2,
        6.167,
        0.5,
        2,
        6.667,
        0.5,
        2,
        7,
        0.5
      ]
    },
    {
      "Target": "Parameter",
      "Id": "PARAM_EYE_R_OPEN",
      "Segments": [
        0,
        1,
        0,
        0.167,
        0,
        0,
        0.333,
        1,
        2,
        1,
        1,
        2,
        1.5,
        1,
        2,
        2.5,
        1,
        2,
        3.5,
        1,
        2,
        3.967,
        1,
        0,
        4.167,
        0,
        2,
        5.167,
        0,
        2,
        6.167,
        0,
        0,
        6.667,
        1,
        2,
        7,
        1
      ]
    },
    {
      "Target": "Parameter",
      "Id": "PARAM_EYE_R_FORM",
      "Segments": [
        0,
        0,
        0,
        0.333,
        1,
        2,
        1,
        1,
        2,
        1.5,
        1,
        2,
        2.5,
        1,
        2,
        2.833,
        1,
        2,
        3.5,
        1,
        2,
        3.967,
        1,
        0,
        4.167,
        0.5,
        2,
        5.167,
        0.5,
        2,
        6.167,
        0.5,
        2,
        7,
        0.5
      ]
    },
    {
      "Target": "Parameter",
      "Id": "PARAM_EYE_BALL_X",
      "Segments": [
        0,
        0,
        0,
        1,
        0.31,
        2,
        1.5,
        0.31,
        2,
        2.5,
        0.31,
        2,
        3.5,
        0.31,
        0,
        3.767,
        0.8,
        2,
        3.967,
        0.8,
        2,
        5.167,
        0.8,
        2,
        6.167,
        0.8,
        0,
        7,
        0
      ]
    },
    {
      "Target": "Parameter",
      "Id": "PARAM_EYE_BALL_Y",
      "Segments": [
        0,
        0.2,
        0,
        1,
        -0.08,
        2,
        1.5,
        -0.08,
        2,
        2.5,
        -0.08,
        2,
        3.5,
        -0.08,
        0,
        3.767,
        0,
        2,
        3.967,
        0,
        2,
        5.167,
        0,
        2,
        6.167,
        0,
        2,
        7,
        0
      ]
    },
    {
      "Target": "Parameter",
      "Id": "PARAM_EYE_BALL_FORM",
      "Segments": [
        0,
        -0.3,
        0,
        1,
        0,
        2,
        1.5,
        0,
        2,
        2.5,
        0,
        2,
        3.5,
        0,
        2,
        3.967,
        0,
        2,
        5.167,
        0,
        2,
        6.167,
        0,
        2,
        7,
        0
      ]
    },
    {
      "Target": "Parameter",
      "Id": "PARAM_EYE_TI1",
      "Segments": [
        0,
        0,
        2,
        0.167,
        0,
        0,
        0.2,
        1,
        2,
        0.333,
        1,
        2,
        1,
        1,
        2,
        1.233,
        1,
        0,
        1.267,
        0,
        2,
        1.5,
        0,
        2,
        2.5,
        0,
        2,
        2.733,
        0,
        2,
        2.767,
        0,
        2,
        3.5,
        0,
        2,
        3.967,
        0,
        2,
        5.167,
        0,
        2,
        6.167,
        0,
        2,
        7,
        0
      ]
    },
    {
      "Target": "Parameter",
      "Id": "PARAM_EYE_TI2",
      "Segments": [
        0,
        0,
        0,
        0.167,
        0.4,
        0,
        0.2,
        -1,
        2,
        0.333,
        -1,
        2,
        1,
        -1,
        2,
        1.233,
        -1,
        0,
        1.267,
        0,
        2,
        1.5,
        0,
        2,
        2.5,
        0,
        2,
        2.733,
        0,
        2,
        2.767,
        0,
        2,
        3.5,
        0,
        2,
        3.967,
        0,
        2,
        5.167,
        0,
        2,
        6.167,
        0,
        2,
        7,
        0
      ]
    },
    {
      "Target": "Parameter",
      "Id": "PARAM_EYE_SPECIAL",
      "Segments": [
        0,
        0,
        2,
        0.167,
        0,
        0,
        0.333,
        1,
        2,
        1,
        1,
        2,
        1.5,
        1,
        2,
        2.5,
        1,
        2,
        2.733,
        1,
        2,
        2.767,
        0,
        2,
        3.5,
        0,
        2,
        3.967,
        0,
        2,
        5.167,
        0,
        2,
        6.167,
        0,
        2,
        7,
        0
      ]
    },
    {
      "Target": "Parameter",
      "Id": "PARAM_BROW_L_X",
      "Segments": [
        0,
        -0.8,
        0,
        1,
        0,
        2,
        1.5,
        0,
        2,
        2.5,
        0,
        2,
        3.5,
        0,
        2,
        3.967,
        0,
        2,
        5.167,
        0,
        2,
        5.5,
        0,
        2,
        6.167,
        0,
        2,
        7,
        0
      ]
    },
    {
      "Target": "Parameter",
      "Id": "PARAM_BROW_L_Y",
      "Segments": [
        0,
        0,
        0,
        0.167,
        -1,
        0,
        0.333,
        1,
        2,
        1,
        1,
        2,
        1.167,
        1,
        0,
        1.333,
        0,
        2,
        1.5,
        0,
        2,
        2.5,
        0,
        2,
        3.5,
        0,
        2,
        3.967,
        0,
        0,
        4.167,
        -1,
        2,
        5.167,
        -1,
        2,
        5.5,
        -1,
        2,
        6.167,
        -1,
        0,
        6.667,
        0,
        2,
        7,
        0
      ]
    },
    {
      "Target": "Parameter",
      "Id": "PARAM_BROW_R_X",
      "Segments": [
        0,
        0.8,
        0,
        1,
        0,
        2,
        1.167,
        0,
        2,
        1.333,
        0,
        2,
        1.5,
        0,
        2,
        2.5,
        0,
        2,
        3.5,
        0,
        2,
        3.967,
        0,
        2,
        5.167,
        0,
        2,
        5.5,
        0,
        2,
        6.167,
        0,
        2,
        7,
        0
      ]
    },
    {
      "Target": "Parameter",
      "Id": "PARAM_BROW_R_Y",
      "Segments": [
        0,
        0,
        0,
        0.167,
        -1,
        0,
        0.333,
        1,
        2,
        1,
        1,
        2,
        1.167,
        1,
        0,
        1.333,
        0,
        2,
        1.5,
        0,
        2,
        2.5,
        0,
        2,
        3.5,
        0,
        2,
        3.967,
        0,
        0,
        4.167,
        -1,
        2,
        5.167,
        -1,
        2,
        5.5,
        -1,
        2,
        6.167,
        -1,
        0,
        6.667,
        0,
        2,
        7,
        0
      ]
    },
    {
      "Target": "Parameter",
      "Id": "PARAM_BROW_L_ANGLE",
      "Segments": [
        0,
        0.4,
        0,
        0.333,
        1,
        2,
        1,
        1,
        2,
        1.167,
        1,
        0,
        1.333,
        -1,
        2,
        1.5,
        -1,
        2,
        2.5,
        -1,
        2,
        3.5,
        -1,
        2,
        3.967,
        -1,
        2,
        5.167,
        -1,
        0,
        5.5,
        0.5,
        2,
        6.167,
        0.5,
        0,
        7,
        0
      ]
    },
    {
      "Target": "Parameter",
      "Id": "PARAM_BROW_R_ANGLE",
      "Segments": [
        0,
        0.4,
        0,
        0.333,
        1,
        2,
        1,
        1,
        2,
        1.167,
        1,
        0,
        1.333,
        -1,
        2,
        1.5,
        -1,
        2,
        2.5,
        -1,
        2,
        3.5,
        -1,
        2,
        3.967,
        -1,
        2,
        5.167,
        -1,
        0,
        5.5,
        0.5,
        2,
        6.167,
        0.5,
        0,
        7,
        0
      ]
    },
    {
      "Target": "Parameter",
      "Id": "PARAM_BROW_L_FORM",
      "Segments": [
        0,
        -0.6,
        0,
        0.333,
        -1,
        2,
        1,
        -1,
        2,
        1.167,
        -1,
        0,
        1.333,
        -0.5,
        2,
        1.5,
        -0.5,
        2,
        2.5,
        -0.5,
        2,
        3.5,
        -0.5,
        2,
        3.967,
        -0.5,
        2,
        5.167,
        -0.5,
        0,
        5.5,
        0,
        2,
        6.167,
        0,
        0,
        7,
        0.5
      ]
    },
    {
      "Target": "Parameter",
      "Id": "PARAM_BROW_R_FORM",
      "Segments": [
        0,
        -0.6,
        0,
        0.333,
        -1,
        2,
        1,
        -1,
        2,
        1.167,
        -1,
        0,
        1.333,
        -0.5,
        2,
        1.5,
        -0.5,
        2,
        2.5,
        -0.5,
        2,
        3.5,
        -0.5,
        2,
        3.967,
        -0.5,
        2,
        5.167,
        -0.5,
        0,
        5.5,
        0,
        2,
        6.167,
        0,
        0,
        7,
        0.5
      ]
    },
    {
      "Target": "Parameter",
      "Id": "PARAM_MOUTH_OPEN",
      "Segments": [
        0,
        0,
        0,
        0.167,
        2,
        0,
        0.333,
        0,
        2,
        1,
        0,
        2,
        1.167,
        0,
        0,
        1.333,
        2,
        2,
        1.5,
        2,
        2,
        2.5,
        2,
        2,
        2.667,
        2,
        0,
        2.833,
        0,
        2,
        3.5,
        0,
        2,
        3.967,
        0,
        2,
        5.167,
        0,
        0,
        5.5,
        0.9,
        2,
        6.167,
        0.9,
        0,
        7,
        0
      ]
    },
    {
      "Target": "Parameter",
      "Id": "PARAM_MOUTH_FORM",
      "Segments": [
        0,
        -1,
        0,
        0.167,
        1,
        0,
        0.333,
        -1,
        2,
        1,
        -1,
        2,
        1.167,
        -1,
        0,
        1.333,
        0,
        2,
        1.5,
        0,
        2,
        2.5,
        0,
        2,
        2.667,
        0,
        0,
        2.833,
        1,
        2,
        3.5,
        1,
        2,
        3.967,
        1,
        2,
        5.167,
        1,
        2,
        5.5,
        1,
        2,
        6.167,
        1,
        0,
        7,
        -0.6
      ]
    },
    {
      "Target": "Parameter",
      "Id": "PARAM_MOUTH_SPECIAL",
      "Segments": [
        0,
        0,
        2,
        0.167,
        0,
        0,
        0.333,
        1,
        2,
        1,
        1,
        2,
        1.167,
        1,
        2,
        1.333,
        1,
        2,
        1.5,
        1,
        2,
        2.5,
        1,
        2,
        2.833,
        1,
        2,
        3.5,
        1,
        2,
        3.967,
        1,
        0,
        4.167,
        0,
        2,
        5.167,
        0,
        2,
        6.167,
        0,
        2,
        7,
        0
      ]
    },
    {
      "Target": "Parameter",
      "Id": "PARAM_MOUTH_SIZE",
      "Segments": [
        0,
        -0.9,
        0,
        1,
        0,
        2,
        1.167,
        0,
        2,
        1.333,
        0,
        2,
        1.5,
        0,
        2,
        2.5,
        0,
        0,
        2.833,
        -1,
        2,
        3.5,
        -1,
        2,
        3.967,
        -1,
        2,
        5.167,
        -1,
        0,
        5.5,
        0,
        2,
        6.167,
        0,
        0,
        7,
        -0.5
      ]
    },
    {
      "Target": "Parameter",
      "Id": "PARAM_SHY",
      "Segments": [
        0,
        1,
        2,
        0.333,
        1,
        2,
        1,
        1,
        0,
        1.5,
        0,
        2,
        2.5,
        0,
        2,
        3.5,
        0,
        2,
        3.967,
        0,
        2,
        5.167,
        0,
        2,
        6.167,
        0,
        2,
        7,
        0
      ]
    },
    {
      "Target": "Parameter",
      "Id": "PARAM_TERE",
      "Segments": [
        0,
        0.6,
        0,
        0.333,
        1,
        2,
        1,
        1,
        2,
        1.5,
        1,
        2,
        2.5,
        1,
        2,
        3.5,
        1,
        2,
        3.967,
        1,
        2,
        5.167,
        1,
        2,
        6.167,
        1,
        0,
        7,
        0.8
      ]
    },
    {
      "Target": "Parameter",
      "Id": "PARAM_HAN",
      "Segments": [
        0,
        1,
        2,
        1,
        1,
        2,
        1.033,
        0,
        2,
        1.333,
        0,
        2,
        1.5,
        0,
        2,
        2.5,
        0,
        2,
        3.5,
        0,
        2,
        3.933,
        0,
        2,
        5.167,
        0,
        2,
        6.167,
        0,
        2,
        6.667,
        0,
        2,
        7,
        0
      ]
    },
    {
      "Target": "Parameter",
      "Id": "PARAM_ANGRY",
      "Segments": [
        0,
        0,
        2,
        1,
        0,
        0,
        1.333,
        1,
        2,
        1.5,
        1,
        2,
        2.5,
        1,
        2,
        3.5,
        1,
        2,
        3.933,
        1,
        0,
        4.167,
        0,
        2,
        5.167,
        0,
        2,
        6.167,
        0,
        2,
        6.667,
        0,
        2,
        7,
        0
      ]
    },
    {
      "Target": "Parameter",
      "Id": "PARAM_FAT",
      "Segments": [
        0,
        0,
        2,
        0.333,
        0,
        2,
        1,
        0,
        2,
        1.5,
        0,
        2,
        2.5,
        0,
        0,
        2.833,
        1,
        2,
        3.5,
        1,
        2,
        3.933,
        1,
        0,
        4.167,
        0,
        2,
        5.167,
        0,
        2,
        6.167,
        0,
        2,
        6.667,
        0,
        2,
        7,
        0
      ]
    },
    {
      "Target": "Parameter",
      "Id": "PARAM_TANQI",
      "Segments": [
        0,
        0,
        2,
        1,
        0,
        2,
        1.5,
        0,
        2,
        2.5,
        0,
        2,
        3.5,
        0,
        2,
        3.933,
        0,
        2,
        5.167,
        0,
        0,
        5.5,
        1,
        2,
        6.167,
        1,
        2,
        6.2,
        0,
        2,
        7,
        0
      ]
    },
    {
      "Target": "Parameter",
      "Id": "PARAM_XIANQUNZI_1",
      "Segments": [
        0,
        1,
        0,
        0.5,
        0,
        2,
        2,
        0,
        2,
        7,
        0
      ]
    },
    {
      "Target": "PartOpacity",
      "Id": "PARTS_GUDIAN",
      "Segments": [
        0,
        1,
        2,
        0.5,
        1,
        2,
        2,
        1,
        2,
        7,
        1
      ]
    },
    {
      "Target": "PartOpacity",
      "Id": "PARTS_01_ARM_L_01",
      "Segments": [
        0,
        1,
        2,
        0.5,
        1,
        2,
        2,
        1,
        2,
        7,
        1
      ]
    },
    {
      "Target": "PartOpacity",
      "Id": "PARTS_01_ARM_R_01",
      "Segments": [
        0,
        1,
        2,
        0.5,
        1,
        2,
        2,
        1,
        2,
        7,
        1
      ]
    },
    {
      "Target": "PartOpacity",
      "Id": "PARTS_01_BODY",
      "Segments": [
        0,
        1,
        2,
        7,
        1
      ]
    },
    {
      "Target": "PartOpacity",
      "Id": "PARTS_01_NECK",
      "Segments": [
        0,
        1,
        2,
        7,
        1
      ]
    },
    {
      "Target": "PartOpacity",
      "Id": "PARTS_01_HAIR_BACK_001",
      "Segments": [
        0,
        1,
        2,
        7,
        1
      ]
    },
    {
      "Target": "PartOpacity",
      "Id": "PARTS_01_HAIR_SIDE_001",
      "Segments": [
        0,
        1,
        2,
        7,
        1
      ]
    },
    {
      "Target": "PartOpacity",
      "Id": "PARTS_01_HAIR_FRONT_001",
      "Segments": [
        0,
        1,
        2,
        7,
        1
      ]
    },
    {
      "Target": "PartOpacity",
      "Id": "PARTS_01_EAR_001",
      "Segments": [
        0,
        1,
        2,
        7,
        1
      ]
    },
    {
      "Target": "PartOpacity",
      "Id": "PARTS_01_NOSE_001",
      "Segments": [
        0,
        1,
        2,
        7,
        1
      ]
    },
    {
      "Target": "PartOpacity",
      "Id": "PARTS_01_MOUTH_001",
      "Segments": [
        0,
        1,
        2,
        7,
        1
      ]
    },
    {
      "Target": "PartOpacity",
      "Id": "PARTS_01_BROW_001",
      "Segments": [
        0,
        1,
        2,
        7,
        1
      ]
    },
    {
      "Target": "PartOpacity",
      "Id": "PARTS_01_EYE_BALL_001",
      "Segments": [
        0,
        1,
        2,
        7,
        1
      ]
    },
    {
      "Target": "PartOpacity",
      "Id": "PARTS_01_EYE_001",
      "Segments": [
        0,
        1,
        2,
        7,
        1
      ]
    },
    {
      "Target": "PartOpacity",
      "Id": "PARTS_01_FACE_001",
      "Segments": [
        0,
        1,
        2,
        7,
        1
      ]
    },
    {
      "Target": "PartOpacity",
      "Id": "ROUGH",
      "Segments": [
        0,
        1,
        2,
        7,
        1
      ]
    },
    {
      "Target": "Model",
      "Id": "Opacity",
      "Segments": [
        0,
        1,
        0,
        7,
        1
      ]
    },
    {
      "Target": "Parameter",
      "Id": "PARAM_LEFT_ARM_TAI",
      "Segments": [
        0,
        0,
        0,
        7,
        0
      ]
    },
    {
      "Target": "Parameter",
      "Id": "PARAM_TANGDIE",
      "Segments": [
        0,
        0,
        0,
        7,
        0
      ]
    },
    {
      "Target": "Parameter",
      "Id": "PARAM_RIGHT_ARM_TAI",
      "Segments": [
        0,
        0.5,
        0,
        7,
        0.5
      ]
    },
    {
      "Target": "Parameter",
      "Id": "PARAM_HAND_R_LEVEL",
      "Segments": [
        0,
        1,
        0,
        7,
        1
      ]
    },
    {
      "Target": "Parameter",
      "Id": "PARAM_YIFU",
      "Segments": [
        0,
        0,
        0,
        7,
        0
      ]
    },
    {
      "Target": "Parameter",
      "Id": "PARAM_CHICKEN",
      "Segments": [
        0,
        0,
        0,
        7,
        0
      ]
    },
    {
      "Target": "Parameter",
      "Id": "PARAM_CHICKEN_MOVE",
      "Segments": [
        0,
        0,
        0,
        7,
        0
      ]
    },
    {
      "Target": "Parameter",
      "Id": "PARAM_BANSHOU",
      "Segments": [
        0,
        0,
        0,
        7,
        0
      ]
    },
    {
      "Target": "Parameter",
      "Id": "PARAM_BANSHOU_MOVE",
      "Segments": [
        0,
        0,
        0,
        7,
        0
      ]
    },
    {
      "Target": "Parameter",
      "Id": "PARAM_BANSHOU_MOVE_01",
      "Segments": [
        0,
        0,
        0,
        7,
        0
      ]
    },
    {
      "Target": "Parameter",
      "Id": "PARAM_SHAOZI",
      "Segments": [
        0,
        0,
        0,
        7,
        0
      ]
    },
    {
      "Target": "Parameter",
      "Id": "PARAM_SHAOZI_MOVE",
      "Segments": [
        0,
        0,
        0,
        7,
        0
      ]
    },
    {
      "Target": "Parameter",
      "Id": "PARAM_SHAOZI_MOVE_01",
      "Segments": [
        0,
        0,
        0,
        7,
        0
      ]
    },
    {
      "Target": "Parameter",
      "Id": "PARAM_SOUP",
      "Segments": [
        0,
        0,
        0,
        7,
        0
      ]
    },
    {
      "Target": "Parameter",
      "Id": "PARAM_JITA_CHUXIAN",
      "Segments": [
        0,
        0,
        0,
        7,
        0
      ]
    },
    {
      "Target": "Parameter",
      "Id": "PARAM_JITA_LEVEL",
      "Segments": [
        0,
        0,
        0,
        7,
        0
      ]
    },
    {
      "Target": "Parameter",
      "Id": "PARAM_JITA_MOVE_X",
      "Segments": [
        0,
        0,
        0,
        7,
        0
      ]
    },
    {
      "Target": "Parameter",
      "Id": "PARAM_JITA_MOVE_Y",
      "Segments": [
        0,
        0,
        0,
        7,
        0
      ]
    },
    {
      "Target": "Parameter",
      "Id": "PARAM_JITA_Z",
      "Segments": [
        0,
        0,
        0,
        7,
        0
      ]
    },
    {
      "Target": "Parameter",
      "Id": "PARAM_JITA_X",
      "Segments": [
        0,
        0,
        0,
        7,
        0
      ]
    },
    {
      "Target": "Parameter",
      "Id": "PARAM_JITA_Y",
      "Segments": [
        0,
        0,
        0,
        7,
        0
      ]
    },
    {
      "Target": "Parameter",
      "Id": "PARAM_JINADAI_X",
      "Segments": [
        0,
        0,
        0,
        7,
        0
      ]
    },
    {
      "Target": "Parameter",
      "Id": "PARAM_JIANDAI_Y",
      "Segments": [
        0,
        0,
        0,
        7,
        0
      ]
    },
    {
      "Target": "Parameter",
      "Id": "PARAM_JIANDAI_BACK_X",
      "Segments": [
        0,
        0,
        0,
        7,
        0
      ]
    },
    {
      "Target": "Parameter",
      "Id": "PARAM_JIANDAI_BACK_Y",
      "Segments": [
        0,
        0,
        0,
        7,
        0
      ]
    },
    {
      "Target": "Parameter",
      "Id": "PARAM_EYE_BALL_SAD",
      "Segments": [
        0,
        0,
        0,
        7,
        0
      ]
    },
    {
      "Target": "Parameter",
      "Id": "PARAM_EYE_BALL_BAIYAN",
      "Segments": [
        0,
        0,
        0,
        7,
        0
      ]
    },
    {
      "Target": "Parameter",
      "Id": "PARAM_EYE_BALL_KIRAKIRA",
      "Segments": [
        0,
        0,
        0,
        7,
        0
      ]
    },
    {
      "Target": "Parameter",
      "Id": "PARAM_EYE_kira_R1",
      "Segments": [
        0,
        1,
        0,
        7,
        1
      ]
    },
    {
      "Target": "Parameter",
      "Id": "PARAM_EYE_kira_R2",
      "Segments": [
        0,
        0.5,
        0,
        7,
        0.5
      ]
    },
    {
      "Target": "Parameter",
      "Id": "PARAM_EYE_kira_L1",
      "Segments": [
        0,
        1,
        0,
        7,
        1
      ]
    },
    {
      "Target": "Parameter",
      "Id": "PARAM_EYE_kira_L2",
      "Segments": [
        0,
        0.5,
        0,
        7,
        0.5
      ]
    },
    {
      "Target": "Parameter",
      "Id": "PARAM_EYE_DEFROM",
      "Segments": [
        0,
        0,
        0,
        7,
        0
      ]
    },
    {
      "Target": "Parameter",
      "Id": "PARAM_MOUTH_WIDTH",
      "Segments": [
        0,
        1,
        0,
        7,
        1
      ]
    },
    {
      "Target": "Parameter",
      "Id": "PARAM_MOUTH_DEFORM_SPECIAL",
      "Segments": [
        0,
        0,
        0,
        7,
        0
      ]
    },
    {
      "Target": "Parameter",
      "Id": "PARAM_MOUTH_X",
      "Segments": [
        0,
        0,
        0,
        7,
        0
      ]
    },
    {
      "Target": "Parameter",
      "Id": "PARAM_MOUTH_Y",
      "Segments": [
        0,
        0,
        0,
        7,
        0
      ]
    },
    {
      "Target": "Parameter",
      "Id": "PARAM_TERE2",
      "Segments": [
        0,
        0,
        0,
        7,
        0
      ]
    },
    {
      "Target": "Parameter",
      "Id": "PARAM_WATER",
      "Segments": [
        0,
        0,
        0,
        7,
        0
      ]
    },
    {
      "Target": "Parameter",
      "Id": "PARAM_HEI",
      "Segments": [
        0,
        -1,
        0,
        7,
        -1
      ]
    },
    {
      "Target": "Parameter",
      "Id": "PARAM_LIANHEIXIAN",
      "Segments": [
        0,
        0,
        0,
        7,
        0
      ]
    },
    {
      "Target": "Parameter",
      "Id": "PARAM_HEIXIAN",
      "Segments": [
        0,
        0,
        0,
        7,
        0
      ]
    },
    {
      "Target": "Parameter",
      "Id": "PARAM_YINYING",
      "Segments": [
        0,
        0,
        0,
        7,
        0
      ]
    },
    {
      "Target": "Parameter",
      "Id": "PARAM_ZHAMAO",
      "Segments": [
        0,
        0,
        0,
        7,
        0
      ]
    },
    {
      "Target": "Parameter",
      "Id": "PARAM_RU_X",
      "Segments": [
        0,
        0,
        0,
        7,
        0
      ]
    },
    {
      "Target": "Parameter",
      "Id": "PARAM_RU_Y",
      "Segments": [
        0,
        0,
        0,
        7,
        0
      ]
    },
    {
      "Target": "Parameter",
      "Id": "PARAM_BREATH",
      "Segments": [
        0,
        0,
        0,
        7,
        0
      ]
    },
    {
      "Target": "Parameter",
      "Id": "PARAM_HAIR_FRONT",
      "Segments": [
        0,
        0,
        0,
        7,
        0
      ]
    },
    {
      "Target": "Parameter",
      "Id": "PARAM_HAIR_FROUT_2",
      "Segments": [
        0,
        0,
        0,
        7,
        0
      ]
    },
    {
      "Target": "Parameter",
      "Id": "PARAM_HAIR_FROUT_WAVE",
      "Segments": [
        0,
        0,
        0,
        7,
        0
      ]
    },
    {
      "Target": "Parameter",
      "Id": "PARAM_HAIR_SIDE_R",
      "Segments": [
        0,
        0,
        0,
        7,
        0
      ]
    },
    {
      "Target": "Parameter",
      "Id": "PARAM_HAIR_SIDE_R2",
      "Segments": [
        0,
        0,
        0,
        7,
        0
      ]
    },
    {
      "Target": "Parameter",
      "Id": "PARAM_HAIR_SIDE_WAVE",
      "Segments": [
        0,
        0,
        0,
        7,
        0
      ]
    },
    {
      "Target": "Parameter",
      "Id": "PARAM_HAIR_SIDE_R3",
      "Segments": [
        0,
        0,
        0,
        7,
        0
      ]
    },
    {
      "Target": "Parameter",
      "Id": "PARAM_HAIR_SIDE_L",
      "Segments": [
        0,
        0,
        0,
        7,
        0
      ]
    },
    {
      "Target": "Parameter",
      "Id": "PARAM_HAIR_SIDE_L3",
      "Segments": [
        0,
        0,
        0,
        7,
        0
      ]
    },
    {
      "Target": "Parameter",
      "Id": "PARAM_HAIR_BACK_WAVE",
      "Segments": [
        0,
        0,
        0,
        7,
        0
      ]
    },
    {
      "Target": "Parameter",
      "Id": "PARAM_XIANQUNZI_2",
      "Segments": [
        0,
        0,
        0,
        7,
        0
      ]
    },
    {
      "Target": "Parameter",
      "Id": "PARAM_YICENGQUN_YIDUAN_SHAKE",
      "Segments": [
        0,
        0,
        0,
        7,
        0
      ]
    },
    {
      "Target": "Parameter",
      "Id": "PARAM_PARAM_YICENGQUN_ERDUAN_SHAKE",
      "Segments": [
        0,
        0,
        0,
        7,
        0
      ]
    },
    {
      "Target": "Parameter",
      "Id": "PARAM_YICENGSHA_1DUAN_SHAKE",
      "Segments": [
        0,
        0,
        0,
        7,
        0
      ]
    },
    {
      "Target": "Parameter",
      "Id": "PARAM_YICESHA_2DUAN_SHAKE",
      "Segments": [
        0,
        0,
        0,
        7,
        0
      ]
    },
    {
      "Target": "Parameter",
      "Id": "PARAM_ERCENGSHA_1DUAN_SHAKE",
      "Segments": [
        0,
        0,
        0,
        7,
        0
      ]
    },
    {
      "Target": "Parameter",
      "Id": "PARAM_ERCENGSAHA_2DUAN_SHAKE",
      "Segments": [
        0,
        0,
        0,
        7,
        0
      ]
    }
  ],
  "UserData": []
}