{
  "Version": 3,
  "Meta": {
    "Duration": 5.5,
    "Fps": 30.0,
    "Loop": true,
    "AreBeziersRestricted": true,
    "CurveCount": 134,
    "TotalSegmentCount": 258,
    "TotalPointCount": 316,
    "UserDataCount": 0,
    "TotalUserDataSize": 0
  },
  "Curves": [
    {
      "Target": "Parameter",
      "Id": "PARAM_ANGLE_X",
      "Segments": [
        0,
        -4,
        0,
        0.5,
        -11.11,
        0,
        1.167,
        4.553,
        0,
        1.833,
        -11.11,
        0,
        2.5,
        4.553,
        1,
        2.722,
        4.553,
        2.945,
        -1.696,
        3.167,
        -11.11,
        1,
        3.389,
        -20.524,
        3.611,
        -24,
        3.833,
        -24,
        0,
        4.167,
        0,
        0,
        4.833,
        -4,
        2,
        5.5,
        -4
      ]
    },
    {
      "Target": "Parameter",
      "Id": "PARAM_ANGLE_Y",
      "Segments": [
        0,
        -8,
        0,
        0.333,
        -15,
        0,
        0.667,
        19,
        0,
        1,
        -15,
        0,
        1.333,
        19,
        0,
        1.667,
        -15,
        0,
        2,
        19,
        0,
        2.333,
        -15,
        0,
        2.667,
        19,
        1,
        2.778,
        19,
        2.889,
        -8.513,
        3,
        -15,
        1,
        3.222,
        -27.974,
        3.445,
        -30,
        3.667,
        -30,
        0,
        4,
        -15,
        2,
        4.833,
        -15,
        0,
        5.167,
        1.732,
        0,
        5.5,
        -8
      ]
    },
    {
      "Target": "Parameter",
      "Id": "PARAM_ANGLE_Z",
      "Segments": [
        0,
        -8,
        0,
        0.167,
        4.69,
        0,
        0.5,
        -11.36,
        0,
        1.167,
        10.24,
        0,
        1.833,
        -18.68,
        0,
        2.5,
        9.94,
        0,
        3.167,
        -21.62,
        2,
        3.767,
        -21.62,
        1,
        3.878,
        -21.62,
        3.989,
        6.365,
        4.1,
        9.94,
        1,
        4.344,
        17.806,
        4.589,
        19,
        4.833,
        19,
        0,
        5.5,
        -8
      ]
    },
    {
      "Target": "Parameter",
      "Id": "PARAM_BODY_ANGLE_X",
      "Segments": [
        0,
        -0.047,
        0,
        0.333,
        -2,
        0,
        1,
        2,
        0,
        1.667,
        -2,
        0,
        2.333,
        2,
        1,
        2.555,
        2,
        2.778,
        -0.432,
        3,
        -2,
        1,
        3.256,
        -3.803,
        3.511,
        -4,
        3.767,
        -4,
        0,
        4.1,
        2.9,
        1,
        4.344,
        2.9,
        4.589,
        0.071,
        4.833,
        0,
        1,
        5.055,
        -0.064,
        5.278,
        -0.047,
        5.5,
        -0.047
      ]
    },
    {
      "Target": "Parameter",
      "Id": "PARAM_BODY_ANGLE_Y",
      "Segments": [
        0,
        0,
        0,
        3,
        10,
        0,
        3.667,
        0,
        2,
        4.833,
        0,
        0,
        5.167,
        4,
        0,
        5.5,
        0
      ]
    },
    {
      "Target": "Parameter",
      "Id": "PARAM_BODY_ANGLE_Z",
      "Segments": [
        0,
        0,
        0,
        0.333,
        -1.02,
        0,
        1,
        3,
        0,
        1.667,
        0,
        0,
        2.333,
        3,
        1,
        2.555,
        3,
        2.778,
        0.983,
        3,
        0,
        1,
        3.222,
        -0.983,
        3.445,
        -0.98,
        3.667,
        -0.98,
        1,
        3.778,
        -0.98,
        3.889,
        4.198,
        4,
        4.36,
        1,
        4.278,
        4.764,
        4.555,
        4.8,
        4.833,
        4.8,
        0,
        5.5,
        0
      ]
    },
    {
      "Target": "Parameter",
      "Id": "PARAM_UPPER_BODY",
      "Segments": [
        0,
        0,
        0,
        0.333,
        -3,
        0,
        1,
        3,
        0,
        1.667,
        -3,
        0,
        2.333,
        3,
        0,
        3,
        -3,
        2,
        3.667,
        -3,
        1,
        3.778,
        -3,
        3.889,
        1.748,
        4,
        1.8,
        1,
        4.278,
        1.93,
        4.555,
        1.94,
        4.833,
        1.94,
        0,
        5.5,
        0
      ]
    },
    {
      "Target": "Parameter",
      "Id": "PARAM_LEFT_ARM",
      "Segments": [
        0,
        0.349,
        1,
        0.111,
        0.349,
        0.222,
        0.539,
        0.333,
        0.541,
        1,
        1.833,
        0.573,
        3.333,
        0.598,
        4.833,
        0.629,
        1,
        4.944,
        0.632,
        5.056,
        0.8,
        5.167,
        0.8,
        0,
        5.5,
        0.349
      ]
    },
    {
      "Target": "Parameter",
      "Id": "PARAM_ARM_L",
      "Segments": [
        0,
        -1,
        1,
        0.111,
        -1,
        0.222,
        0.64,
        0.333,
        0.654,
        1,
        1.833,
        0.842,
        3.333,
        0.917,
        4.833,
        0.917,
        0,
        5.5,
        -1
      ]
    },
    {
      "Target": "Parameter",
      "Id": "PARAM_ARM_L_TOUSHI2",
      "Segments": [
        0,
        0,
        0,
        0.333,
        0.4,
        2,
        4.833,
        0.4,
        0,
        5.5,
        0
      ]
    },
    {
      "Target": "Parameter",
      "Id": "PARAM_RIGHT_ARM",
      "Segments": [
        0,
        0,
        1,
        0.222,
        0,
        0.445,
        0.47,
        0.667,
        0.472,
        1,
        2.056,
        0.485,
        3.444,
        0.489,
        4.833,
        0.489,
        1,
        4.889,
        0.489,
        4.944,
        0.501,
        5,
        0.431,
        1,
        5.167,
        0.221,
        5.333,
        0,
        5.5,
        0
      ]
    },
    {
      "Target": "Parameter",
      "Id": "PARAM_ARM_R",
      "Segments": [
        0,
        2.28,
        0,
        0.333,
        0.642,
        1,
        0.444,
        0.642,
        0.556,
        1.715,
        0.667,
        1.735,
        1,
        2.056,
        1.976,
        3.444,
        2.071,
        4.833,
        2.071,
        0,
        5.167,
        1.014,
        0,
        5.5,
        2.28
      ]
    },
    {
      "Target": "Parameter",
      "Id": "PARAM_ARM_R_TOUSHI2",
      "Segments": [
        0,
        0,
        0,
        0.667,
        0.4,
        2,
        4.833,
        0.4,
        0,
        5.5,
        0
      ]
    },
    {
      "Target": "Parameter",
      "Id": "PARAM_ARM_R_02",
      "Segments": [
        0,
        -1,
        0,
        0.333,
        0.358,
        0,
        4.833,
        -1,
        0,
        5.167,
        0.436,
        0,
        5.5,
        -1
      ]
    },
    {
      "Target": "Parameter",
      "Id": "PARAM_HAND_R_LEVEL",
      "Segments": [
        0,
        1,
        1,
        0.067,
        1,
        0.133,
        0.884,
        0.2,
        0.5,
        1,
        0.244,
        0.244,
        0.289,
        0,
        0.333,
        0,
        2,
        4.833,
        0,
        2,
        5.133,
        0,
        2,
        5.167,
        1,
        2,
        5.5,
        1
      ]
    },
    {
      "Target": "Parameter",
      "Id": "PARAM_EYE_L_OPEN",
      "Segments": [
        0,
        1,
        0,
        0.333,
        0,
        2,
        3,
        0,
        0,
        3.167,
        1,
        2,
        3.667,
        1,
        0,
        4,
        0,
        2,
        4.833,
        0,
        0,
        5.5,
        1
      ]
    },
    {
      "Target": "Parameter",
      "Id": "PARAM_EYE_L_FORM",
      "Segments": [
        0,
        0.5,
        0,
        0.333,
        0.2,
        2,
        3,
        0.2,
        0,
        3.167,
        0.5,
        2,
        3.667,
        0.5,
        0,
        4,
        0,
        2,
        4.833,
        0,
        0,
        5.5,
        0.5
      ]
    },
    {
      "Target": "Parameter",
      "Id": "PARAM_EYE_R_OPEN",
      "Segments": [
        0,
        1,
        0,
        0.333,
        0,
        2,
        3,
        0,
        0,
        3.167,
        1,
        2,
        3.667,
        1,
        0,
        4,
        0,
        2,
        4.833,
        0,
        0,
        5.5,
        1
      ]
    },
    {
      "Target": "Parameter",
      "Id": "PARAM_EYE_R_FORM",
      "Segments": [
        0,
        0.5,
        0,
        0.333,
        0.2,
        2,
        3,
        0.2,
        0,
        3.167,
        0.5,
        2,
        3.667,
        0.5,
        0,
        4,
        0,
        2,
        4.833,
        0,
        0,
        5.5,
        0.5
      ]
    },
    {
      "Target": "Parameter",
      "Id": "PARAM_EYE_BALL_X",
      "Segments": [
        0,
        0,
        2,
        3.167,
        0,
        0,
        3.767,
        0.4,
        0,
        4.833,
        0,
        2,
        5.5,
        0
      ]
    },
    {
      "Target": "Parameter",
      "Id": "PARAM_MOUTH_OPEN",
      "Segments": [
        0,
        1.5,
        0,
        0.333,
        0,
        2,
        3,
        0,
        2,
        3.667,
        0,
        0,
        4,
        2,
        2,
        4.833,
        2,
        0,
        5.5,
        1.5
      ]
    },
    {
      "Target": "Parameter",
      "Id": "PARAM_SHY",
      "Segments": [
        0,
        0,
        2,
        3.667,
        0,
        0,
        4.1,
        1,
        2,
        4.833,
        1,
        0,
        5.5,
        0
      ]
    },
    {
      "Target": "Parameter",
      "Id": "PARAM_TERE",
      "Segments": [
        0,
        0.6,
        2,
        3.667,
        0.6,
        0,
        4.1,
        1,
        2,
        4.833,
        1,
        0,
        5.5,
        0.6
      ]
    },
    {
      "Target": "Parameter",
      "Id": "PARAM_BREATH",
      "Segments": [
        0,
        0,
        2,
        3,
        0,
        0,
        3.667,
        1,
        0,
        4.833,
        0,
        2,
        5.5,
        0
      ]
    },
    {
      "Target": "PartOpacity",
      "Id": "PARTS_GUDIAN",
      "Segments": [
        0,
        1,
        2,
        5.5,
        1
      ]
    },
    {
      "Target": "PartOpacity",
      "Id": "PARTS_01_ARM_L_01",
      "Segments": [
        0,
        1,
        2,
        5.5,
        1
      ]
    },
    {
      "Target": "PartOpacity",
      "Id": "PARTS_01_ARM_R_01",
      "Segments": [
        0,
        1,
        2,
        5.5,
        1
      ]
    },
    {
      "Target": "PartOpacity",
      "Id": "PARTS_01_BODY",
      "Segments": [
        0,
        1,
        2,
        5.5,
        1
      ]
    },
    {
      "Target": "PartOpacity",
      "Id": "PARTS_01_NECK",
      "Segments": [
        0,
        1,
        2,
        5.5,
        1
      ]
    },
    {
      "Target": "PartOpacity",
      "Id": "PARTS_01_HAIR_BACK_001",
      "Segments": [
        0,
        1,
        2,
        5.5,
        1
      ]
    },
    {
      "Target": "PartOpacity",
      "Id": "PARTS_01_HAIR_SIDE_001",
      "Segments": [
        0,
        1,
        2,
        5.5,
        1
      ]
    },
    {
      "Target": "PartOpacity",
      "Id": "PARTS_01_HAIR_FRONT_001",
      "Segments": [
        0,
        1,
        2,
        5.5,
        1
      ]
    },
    {
      "Target": "PartOpacity",
      "Id": "PARTS_01_EAR_001",
      "Segments": [
        0,
        1,
        2,
        5.5,
        1
      ]
    },
    {
      "Target": "PartOpacity",
      "Id": "PARTS_01_NOSE_001",
      "Segments": [
        0,
        1,
        2,
        5.5,
        1
      ]
    },
    {
      "Target": "PartOpacity",
      "Id": "PARTS_01_MOUTH_001",
      "Segments": [
        0,
        1,
        2,
        5.5,
        1
      ]
    },
    {
      "Target": "PartOpacity",
      "Id": "PARTS_01_BROW_001",
      "Segments": [
        0,
        1,
        2,
        5.5,
        1
      ]
    },
    {
      "Target": "PartOpacity",
      "Id": "PARTS_01_EYE_BALL_001",
      "Segments": [
        0,
        1,
        2,
        5.5,
        1
      ]
    },
    {
      "Target": "PartOpacity",
      "Id": "PARTS_01_EYE_001",
      "Segments": [
        0,
        1,
        2,
        5.5,
        1
      ]
    },
    {
      "Target": "PartOpacity",
      "Id": "PARTS_01_FACE_001",
      "Segments": [
        0,
        1,
        2,
        5.5,
        1
      ]
    },
    {
      "Target": "PartOpacity",
      "Id": "ROUGH",
      "Segments": [
        0,
        1,
        2,
        5.5,
        1
      ]
    },
    {
      "Target": "Model",
      "Id": "Opacity",
      "Segments": [
        0,
        1,
        0,
        5.5,
        1
      ]
    },
    {
      "Target": "Parameter",
      "Id": "PARAM_LEFT_ARM_TAI",
      "Segments": [
        0,
        0,
        0,
        5.5,
        0
      ]
    },
    {
      "Target": "Parameter",
      "Id": "PARAM_TOUSHI_L",
      "Segments": [
        0,
        0,
        0,
        5.5,
        0
      ]
    },
    {
      "Target": "Parameter",
      "Id": "PARAM_ARM_L_02",
      "Segments": [
        0,
        0.9,
        0,
        5.5,
        0.9
      ]
    },
    {
      "Target": "Parameter",
      "Id": "PARAM_HAND_L",
      "Segments": [
        0,
        0,
        0,
        5.5,
        0
      ]
    },
    {
      "Target": "Parameter",
      "Id": "PARAM_HAND_L2",
      "Segments": [
        0,
        0,
        0,
        5.5,
        0
      ]
    },
    {
      "Target": "Parameter",
      "Id": "PARAM_HAND_L_02",
      "Segments": [
        0,
        0,
        0,
        5.5,
        0
      ]
    },
    {
      "Target": "Parameter",
      "Id": "PARAM_HAND_L_LEVEL",
      "Segments": [
        0,
        0,
        0,
        5.5,
        0
      ]
    },
    {
      "Target": "Parameter",
      "Id": "PARAM_TANGDIE",
      "Segments": [
        0,
        0,
        0,
        5.5,
        0
      ]
    },
    {
      "Target": "Parameter",
      "Id": "PARAM_RIGHT_ARM_TAI",
      "Segments": [
        0,
        0.5,
        0,
        5.5,
        0.5
      ]
    },
    {
      "Target": "Parameter",
      "Id": "PARAM_TOUSHI_R",
      "Segments": [
        0,
        0.285,
        0,
        5.5,
        0.285
      ]
    },
    {
      "Target": "Parameter",
      "Id": "PARAM_HAND_R",
      "Segments": [
        0,
        0,
        0,
        5.5,
        0
      ]
    },
    {
      "Target": "Parameter",
      "Id": "PARAM_HAND_R2",
      "Segments": [
        0,
        0,
        0,
        5.5,
        0
      ]
    },
    {
      "Target": "Parameter",
      "Id": "PARAM_HAND_R_02",
      "Segments": [
        0,
        0,
        0,
        5.5,
        0
      ]
    },
    {
      "Target": "Parameter",
      "Id": "PARAM_YIFU",
      "Segments": [
        0,
        0,
        0,
        5.5,
        0
      ]
    },
    {
      "Target": "Parameter",
      "Id": "PARAM_CHICKEN",
      "Segments": [
        0,
        0,
        0,
        5.5,
        0
      ]
    },
    {
      "Target": "Parameter",
      "Id": "PARAM_CHICKEN_MOVE",
      "Segments": [
        0,
        0,
        0,
        5.5,
        0
      ]
    },
    {
      "Target": "Parameter",
      "Id": "PARAM_BANSHOU",
      "Segments": [
        0,
        0,
        0,
        5.5,
        0
      ]
    },
    {
      "Target": "Parameter",
      "Id": "PARAM_BANSHOU_MOVE",
      "Segments": [
        0,
        0,
        0,
        5.5,
        0
      ]
    },
    {
      "Target": "Parameter",
      "Id": "PARAM_BANSHOU_MOVE_01",
      "Segments": [
        0,
        0,
        0,
        5.5,
        0
      ]
    },
    {
      "Target": "Parameter",
      "Id": "PARAM_SHAOZI",
      "Segments": [
        0,
        0,
        0,
        5.5,
        0
      ]
    },
    {
      "Target": "Parameter",
      "Id": "PARAM_SHAOZI_MOVE",
      "Segments": [
        0,
        0,
        0,
        5.5,
        0
      ]
    },
    {
      "Target": "Parameter",
      "Id": "PARAM_SHAOZI_MOVE_01",
      "Segments": [
        0,
        0,
        0,
        5.5,
        0
      ]
    },
    {
      "Target": "Parameter",
      "Id": "PARAM_SOUP",
      "Segments": [
        0,
        0,
        0,
        5.5,
        0
      ]
    },
    {
      "Target": "Parameter",
      "Id": "PARAM_JITA_CHUXIAN",
      "Segments": [
        0,
        0,
        0,
        5.5,
        0
      ]
    },
    {
      "Target": "Parameter",
      "Id": "PARAM_JITA_LEVEL",
      "Segments": [
        0,
        0,
        0,
        5.5,
        0
      ]
    },
    {
      "Target": "Parameter",
      "Id": "PARAM_JITA_MOVE_X",
      "Segments": [
        0,
        0,
        0,
        5.5,
        0
      ]
    },
    {
      "Target": "Parameter",
      "Id": "PARAM_JITA_MOVE_Y",
      "Segments": [
        0,
        0,
        0,
        5.5,
        0
      ]
    },
    {
      "Target": "Parameter",
      "Id": "PARAM_JITA_Z",
      "Segments": [
        0,
        0,
        0,
        5.5,
        0
      ]
    },
    {
      "Target": "Parameter",
      "Id": "PARAM_JITA_X",
      "Segments": [
        0,
        0,
        0,
        5.5,
        0
      ]
    },
    {
      "Target": "Parameter",
      "Id": "PARAM_JITA_Y",
      "Segments": [
        0,
        0,
        0,
        5.5,
        0
      ]
    },
    {
      "Target": "Parameter",
      "Id": "PARAM_JINADAI_X",
      "Segments": [
        0,
        0,
        0,
        5.5,
        0
      ]
    },
    {
      "Target": "Parameter",
      "Id": "PARAM_JIANDAI_Y",
      "Segments": [
        0,
        0,
        0,
        5.5,
        0
      ]
    },
    {
      "Target": "Parameter",
      "Id": "PARAM_JIANDAI_BACK_X",
      "Segments": [
        0,
        0,
        0,
        5.5,
        0
      ]
    },
    {
      "Target": "Parameter",
      "Id": "PARAM_JIANDAI_BACK_Y",
      "Segments": [
        0,
        0,
        0,
        5.5,
        0
      ]
    },
    {
      "Target": "Parameter",
      "Id": "PARAM_EYE_BALL_Y",
      "Segments": [
        0,
        0,
        0,
        5.5,
        0
      ]
    },
    {
      "Target": "Parameter",
      "Id": "PARAM_EYE_BALL_FORM",
      "Segments": [
        0,
        0,
        0,
        5.5,
        0
      ]
    },
    {
      "Target": "Parameter",
      "Id": "PARAM_EYE_BALL_SAD",
      "Segments": [
        0,
        0,
        0,
        5.5,
        0
      ]
    },
    {
      "Target": "Parameter",
      "Id": "PARAM_EYE_BALL_BAIYAN",
      "Segments": [
        0,
        0,
        0,
        5.5,
        0
      ]
    },
    {
      "Target": "Parameter",
      "Id": "PARAM_EYE_BALL_KIRAKIRA",
      "Segments": [
        0,
        0,
        0,
        5.5,
        0
      ]
    },
    {
      "Target": "Parameter",
      "Id": "PARAM_EYE_kira_R1",
      "Segments": [
        0,
        1,
        0,
        5.5,
        1
      ]
    },
    {
      "Target": "Parameter",
      "Id": "PARAM_EYE_kira_R2",
      "Segments": [
        0,
        0.5,
        0,
        5.5,
        0.5
      ]
    },
    {
      "Target": "Parameter",
      "Id": "PARAM_EYE_kira_L1",
      "Segments": [
        0,
        1,
        0,
        5.5,
        1
      ]
    },
    {
      "Target": "Parameter",
      "Id": "PARAM_EYE_kira_L2",
      "Segments": [
        0,
        0.5,
        0,
        5.5,
        0.5
      ]
    },
    {
      "Target": "Parameter",
      "Id": "PARAM_EYE_TI1",
      "Segments": [
        0,
        0,
        0,
        5.5,
        0
      ]
    },
    {
      "Target": "Parameter",
      "Id": "PARAM_EYE_TI2",
      "Segments": [
        0,
        0,
        0,
        5.5,
        0
      ]
    },
    {
      "Target": "Parameter",
      "Id": "PARAM_EYE_SPECIAL",
      "Segments": [
        0,
        0,
        0,
        5.5,
        0
      ]
    },
    {
      "Target": "Parameter",
      "Id": "PARAM_EYE_DEFROM",
      "Segments": [
        0,
        0,
        0,
        5.5,
        0
      ]
    },
    {
      "Target": "Parameter",
      "Id": "PARAM_BROW_L_X",
      "Segments": [
        0,
        0,
        0,
        5.5,
        0
      ]
    },
    {
      "Target": "Parameter",
      "Id": "PARAM_BROW_L_Y",
      "Segments": [
        0,
        0,
        0,
        5.5,
        0
      ]
    },
    {
      "Target": "Parameter",
      "Id": "PARAM_BROW_R_X",
      "Segments": [
        0,
        0,
        0,
        5.5,
        0
      ]
    },
    {
      "Target": "Parameter",
      "Id": "PARAM_BROW_R_Y",
      "Segments": [
        0,
        0,
        0,
        5.5,
        0
      ]
    },
    {
      "Target": "Parameter",
      "Id": "PARAM_BROW_L_ANGLE",
      "Segments": [
        0,
        0,
        0,
        5.5,
        0
      ]
    },
    {
      "Target": "Parameter",
      "Id": "PARAM_BROW_R_ANGLE",
      "Segments": [
        0,
        0,
        0,
        5.5,
        0
      ]
    },
    {
      "Target": "Parameter",
      "Id": "PARAM_BROW_L_FORM",
      "Segments": [
        0,
        0.5,
        0,
        5.5,
        0.5
      ]
    },
    {
      "Target": "Parameter",
      "Id": "PARAM_BROW_R_FORM",
      "Segments": [
        0,
        0.5,
        0,
        5.5,
        0.5
      ]
    },
    {
      "Target": "Parameter",
      "Id": "PARAM_MOUTH_FORM",
      "Segments": [
        0,
        -1,
        0,
        5.5,
        -1
      ]
    },
    {
      "Target": "Parameter",
      "Id": "PARAM_MOUTH_SPECIAL",
      "Segments": [
        0,
        0,
        0,
        5.5,
        0
      ]
    },
    {
      "Target": "Parameter",
      "Id": "PARAM_MOUTH_WIDTH",
      "Segments": [
        0,
        1,
        0,
        5.5,
        1
      ]
    },
    {
      "Target": "Parameter",
      "Id": "PARAM_MOUTH_SIZE",
      "Segments": [
        0,
        -0.5,
        0,
        5.5,
        -0.5
      ]
    },
    {
      "Target": "Parameter",
      "Id": "PARAM_MOUTH_DEFORM_SPECIAL",
      "Segments": [
        0,
        0,
        0,
        5.5,
        0
      ]
    },
    {
      "Target": "Parameter",
      "Id": "PARAM_MOUTH_X",
      "Segments": [
        0,
        0,
        0,
        5.5,
        0
      ]
    },
    {
      "Target": "Parameter",
      "Id": "PARAM_MOUTH_Y",
      "Segments": [
        0,
        0,
        0,
        5.5,
        0
      ]
    },
    {
      "Target": "Parameter",
      "Id": "PARAM_TERE2",
      "Segments": [
        0,
        0,
        0,
        5.5,
        0
      ]
    },
    {
      "Target": "Parameter",
      "Id": "PARAM_WATER",
      "Segments": [
        0,
        0,
        0,
        5.5,
        0
      ]
    },
    {
      "Target": "Parameter",
      "Id": "PARAM_HAN",
      "Segments": [
        0,
        0,
        0,
        5.5,
        0
      ]
    },
    {
      "Target": "Parameter",
      "Id": "PARAM_ANGRY",
      "Segments": [
        0,
        0,
        0,
        5.5,
        0
      ]
    },
    {
      "Target": "Parameter",
      "Id": "PARAM_HEI",
      "Segments": [
        0,
        -1,
        0,
        5.5,
        -1
      ]
    },
    {
      "Target": "Parameter",
      "Id": "PARAM_LIANHEIXIAN",
      "Segments": [
        0,
        0,
        0,
        5.5,
        0
      ]
    },
    {
      "Target": "Parameter",
      "Id": "PARAM_FAT",
      "Segments": [
        0,
        0,
        0,
        5.5,
        0
      ]
    },
    {
      "Target": "Parameter",
      "Id": "PARAM_HEIXIAN",
      "Segments": [
        0,
        0,
        0,
        5.5,
        0
      ]
    },
    {
      "Target": "Parameter",
      "Id": "PARAM_YINYING",
      "Segments": [
        0,
        0,
        0,
        5.5,
        0
      ]
    },
    {
      "Target": "Parameter",
      "Id": "PARAM_TANQI",
      "Segments": [
        0,
        0,
        0,
        5.5,
        0
      ]
    },
    {
      "Target": "Parameter",
      "Id": "PARAM_ZHAMAO",
      "Segments": [
        0,
        0,
        0,
        5.5,
        0
      ]
    },
    {
      "Target": "Parameter",
      "Id": "PARAM_RU_X",
      "Segments": [
        0,
        0,
        0,
        5.5,
        0
      ]
    },
    {
      "Target": "Parameter",
      "Id": "PARAM_RU_Y",
      "Segments": [
        0,
        0,
        0,
        5.5,
        0
      ]
    },
    {
      "Target": "Parameter",
      "Id": "PARAM_HAIR_FRONT",
      "Segments": [
        0,
        0,
        0,
        5.5,
        0
      ]
    },
    {
      "Target": "Parameter",
      "Id": "PARAM_HAIR_FROUT_2",
      "Segments": [
        0,
        0,
        0,
        5.5,
        0
      ]
    },
    {
      "Target": "Parameter",
      "Id": "PARAM_HAIR_FROUT_WAVE",
      "Segments": [
        0,
        0,
        0,
        5.5,
        0
      ]
    },
    {
      "Target": "Parameter",
      "Id": "PARAM_HAIR_SIDE_R",
      "Segments": [
        0,
        0,
        0,
        5.5,
        0
      ]
    },
    {
      "Target": "Parameter",
      "Id": "PARAM_HAIR_SIDE_R2",
      "Segments": [
        0,
        0,
        0,
        5.5,
        0
      ]
    },
    {
      "Target": "Parameter",
      "Id": "PARAM_HAIR_SIDE_WAVE",
      "Segments": [
        0,
        0,
        0,
        5.5,
        0
      ]
    },
    {
      "Target": "Parameter",
      "Id": "PARAM_HAIR_SIDE_R3",
      "Segments": [
        0,
        0,
        0,
        5.5,
        0
      ]
    },
    {
      "Target": "Parameter",
      "Id": "PARAM_HAIR_SIDE_L",
      "Segments": [
        0,
        0,
        0,
        5.5,
        0
      ]
    },
    {
      "Target": "Parameter",
      "Id": "PARAM_HAIR_SIDE_L3",
      "Segments": [
        0,
        0,
        0,
        5.5,
        0
      ]
    },
    {
      "Target": "Parameter",
      "Id": "PARAM_HAIR_BACK_WAVE",
      "Segments": [
        0,
        0,
        0,
        5.5,
        0
      ]
    },
    {
      "Target": "Parameter",
      "Id": "PARAM_XIANQUNZI_1",
      "Segments": [
        0,
        0,
        0,
        5.5,
        0
      ]
    },
    {
      "Target": "Parameter",
      "Id": "PARAM_XIANQUNZI_2",
      "Segments": [
        0,
        0,
        0,
        5.5,
        0
      ]
    },
    {
      "Target": "Parameter",
      "Id": "PARAM_YICENGQUN_YIDUAN_SHAKE",
      "Segments": [
        0,
        0,
        0,
        5.5,
        0
      ]
    },
    {
      "Target": "Parameter",
      "Id": "PARAM_PARAM_YICENGQUN_ERDUAN_SHAKE",
      "Segments": [
        0,
        0,
        0,
        5.5,
        0
      ]
    },
    {
      "Target": "Parameter",
      "Id": "PARAM_YICENGSHA_1DUAN_SHAKE",
      "Segments": [
        0,
        0,
        0,
        5.5,
        0
      ]
    },
    {
      "Target": "Parameter",
      "Id": "PARAM_YICESHA_2DUAN_SHAKE",
      "Segments": [
        0,
        0,
        0,
        5.5,
        0
      ]
    },
    {
      "Target": "Parameter",
      "Id": "PARAM_ERCENGSHA_1DUAN_SHAKE",
      "Segments": [
        0,
        0,
        0,
        5.5,
        0
      ]
    },
    {
      "Target": "Parameter",
      "Id": "PARAM_ERCENGSAHA_2DUAN_SHAKE",
      "Segments": [
        0,
        0,
        0,
        5.5,
        0
      ]
    }
  ],
  "UserData": []
}