{
  "Version": 3,
  "Meta": {
    "Duration": 5.5,
    "Fps": 30.0,
    "Loop": true,
    "AreBeziersRestricted": true,
    "CurveCount": 134,
    "TotalSegmentCount": 584,
    "TotalPointCount": 734,
    "UserDataCount": 0,
    "TotalUserDataSize": 0
  },
  "Curves": [
    {
      "Target": "Parameter",
      "Id": "PARAM_ANGLE_X",
      "Segments": [
        0,
        -9,
        0,
        0.333,
        -8,
        2,
        0.967,
        -8,
        2,
        1.467,
        -8,
        2,
        1.733,
        -8,
        0,
        2.133,
        -7,
        0,
        2.767,
        -8,
        2,
        3.167,
        -8,
        0,
        3.4,
        -14,
        0,
        3.633,
        -1,
        0,
        3.867,
        -19,
        0,
        4.1,
        -2,
        0,
        4.467,
        -13,
        0,
        5.2,
        -4,
        0,
        5.5,
        -9
      ]
    },
    {
      "Target": "Parameter",
      "Id": "PARAM_ANGLE_Y",
      "Segments": [
        0,
        -15,
        0,
        0.067,
        14,
        0,
        0.233,
        -9,
        1,
        0.266,
        -9,
        0.3,
        -5.797,
        0.333,
        0,
        1,
        0.411,
        13.526,
        0.489,
        20,
        0.567,
        20,
        0,
        0.967,
        4.329,
        0,
        1.467,
        17,
        1,
        1.556,
        17,
        1.644,
        -16.974,
        1.733,
        -18,
        1,
        1.866,
        -19.538,
        2,
        -19.342,
        2.133,
        -21,
        1,
        2.344,
        -23.625,
        2.556,
        -28,
        2.767,
        -28,
        0,
        3.167,
        -18,
        2,
        4.467,
        -18,
        0,
        4.667,
        -3,
        0,
        5,
        -21,
        0,
        5.2,
        -8,
        0,
        5.5,
        -15
      ]
    },
    {
      "Target": "Parameter",
      "Id": "PARAM_ANGLE_Z",
      "Segments": [
        0,
        3,
        0,
        0.333,
        -19,
        0,
        0.967,
        -9.983,
        0,
        1.467,
        -10,
        2,
        1.733,
        -10,
        0,
        2.133,
        -3,
        1,
        2.344,
        -3,
        2.556,
        -4.588,
        2.767,
        -10,
        1,
        2.9,
        -13.418,
        3.034,
        -19.274,
        3.167,
        -24,
        1,
        3.278,
        -27.939,
        3.389,
        -30,
        3.5,
        -30,
        1,
        3.822,
        -30,
        4.145,
        -29.096,
        4.467,
        -24,
        1,
        4.589,
        -22.067,
        4.711,
        -5,
        4.833,
        -5,
        0,
        5.2,
        -8,
        0,
        5.5,
        3
      ]
    },
    {
      "Target": "Parameter",
      "Id": "PARAM_BODY_ANGLE_X",
      "Segments": [
        0,
        -4,
        0,
        0.467,
        2,
        1,
        0.556,
        2,
        0.644,
        1.907,
        0.733,
        1,
        1,
        0.855,
        -0.246,
        0.978,
        -1.551,
        1.1,
        -1.551,
        0,
        1.467,
        1,
        1,
        1.556,
        1,
        1.644,
        0.948,
        1.733,
        0,
        1,
        1.866,
        -1.422,
        2,
        -3,
        2.133,
        -3,
        1,
        2.344,
        -3,
        2.556,
        -2.854,
        2.767,
        -1,
        1,
        2.9,
        0.171,
        3.034,
        4,
        3.167,
        4,
        1,
        3.6,
        4,
        4.034,
        3.862,
        4.467,
        3,
        1,
        4.711,
        2.514,
        4.956,
        1.287,
        5.2,
        -0.047,
        1,
        5.3,
        -0.592,
        5.4,
        -4,
        5.5,
        -4
      ]
    },
    {
      "Target": "Parameter",
      "Id": "PARAM_BODY_ANGLE_Y",
      "Segments": [
        0,
        0,
        0,
        0.167,
        -8,
        0,
        0.333,
        6,
        0,
        0.967,
        4.47,
        0,
        1.467,
        5,
        1,
        1.556,
        5,
        1.644,
        -0.433,
        1.733,
        -2,
        1,
        1.844,
        -3.958,
        1.956,
        -5.58,
        2.067,
        -6,
        1,
        2.3,
        -6.882,
        2.534,
        -7,
        2.767,
        -7,
        1,
        2.9,
        -7,
        3.034,
        0.179,
        3.167,
        0.442,
        1,
        3.6,
        1.299,
        4.034,
        1.442,
        4.467,
        1.442,
        0,
        4.867,
        -3,
        0,
        5.2,
        0,
        2,
        5.5,
        0
      ]
    },
    {
      "Target": "Parameter",
      "Id": "PARAM_BODY_ANGLE_Z",
      "Segments": [
        0,
        -0.879,
        1,
        0.111,
        -0.879,
        0.222,
        2.743,
        0.333,
        3,
        1,
        0.544,
        3.487,
        0.756,
        3.543,
        0.967,
        3.997,
        1,
        1.134,
        4.356,
        1.3,
        5,
        1.467,
        5,
        1,
        1.556,
        5,
        1.644,
        4.952,
        1.733,
        4,
        1,
        1.866,
        2.573,
        2,
        -1.447,
        2.133,
        -2.051,
        1,
        2.344,
        -3.007,
        2.556,
        -3.051,
        2.767,
        -3.051,
        0,
        3.167,
        3,
        2,
        3.567,
        3,
        1,
        3.867,
        3,
        4.167,
        2.727,
        4.467,
        2,
        1,
        4.711,
        1.408,
        4.956,
        0.789,
        5.2,
        0,
        1,
        5.3,
        -0.323,
        5.4,
        -0.879,
        5.5,
        -0.879
      ]
    },
    {
      "Target": "Parameter",
      "Id": "PARAM_UPPER_BODY",
      "Segments": [
        0,
        -1.53,
        0,
        0.333,
        1.67,
        0,
        0.967,
        0.554,
        0,
        1.467,
        1.67,
        1,
        1.556,
        1.67,
        1.644,
        1.615,
        1.733,
        0.67,
        1,
        1.866,
        -0.748,
        2,
        -2.308,
        2.133,
        -2.308,
        2,
        2.767,
        -2.308,
        1,
        2.9,
        -2.308,
        3.034,
        -0.322,
        3.167,
        0.67,
        1,
        3.3,
        1.662,
        3.434,
        1.67,
        3.567,
        1.67,
        1,
        3.867,
        1.67,
        4.167,
        1.397,
        4.467,
        0.67,
        1,
        4.711,
        0.077,
        4.956,
        -0.82,
        5.2,
        -1.33,
        1,
        5.3,
        -1.539,
        5.4,
        -1.53,
        5.5,
        -1.53
      ]
    },
    {
      "Target": "Parameter",
      "Id": "PARAM_LEFT_ARM",
      "Segments": [
        0,
        0.2,
        0,
        0.333,
        0.358,
        0,
        0.6,
        0.311,
        1,
        0.722,
        0.311,
        0.845,
        0.328,
        0.967,
        0.334,
        1,
        1.134,
        0.342,
        1.3,
        0.343,
        1.467,
        0.351,
        1,
        1.556,
        0.355,
        1.644,
        0.488,
        1.733,
        0.488,
        2,
        2.767,
        0.488,
        0,
        3.167,
        0.7,
        0,
        3.6,
        0.515,
        0,
        4.1,
        0.742,
        1,
        4.222,
        0.742,
        4.345,
        0.74,
        4.467,
        0.7,
        1,
        4.711,
        0.62,
        4.956,
        0.52,
        5.2,
        0.392,
        1,
        5.3,
        0.34,
        5.4,
        0.2,
        5.5,
        0.2
      ]
    },
    {
      "Target": "Parameter",
      "Id": "PARAM_ARM_L",
      "Segments": [
        0,
        -1,
        0,
        0.333,
        3.8,
        0,
        0.6,
        3.68,
        1,
        0.722,
        3.68,
        0.845,
        3.706,
        0.967,
        3.791,
        1,
        1.134,
        3.907,
        1.3,
        3.986,
        1.467,
        3.986,
        1,
        1.556,
        3.986,
        1.644,
        2.22,
        1.733,
        2.006,
        1,
        1.811,
        1.819,
        1.889,
        1.862,
        1.967,
        1.862,
        0,
        2.367,
        2.196,
        0,
        2.767,
        2.006,
        1,
        2.9,
        2.006,
        3.034,
        2.355,
        3.167,
        2.5,
        1,
        3.311,
        2.658,
        3.456,
        2.656,
        3.6,
        2.656,
        0,
        4.1,
        2.441,
        0,
        4.467,
        2.5,
        0,
        5.2,
        -1,
        2,
        5.5,
        -1
      ]
    },
    {
      "Target": "Parameter",
      "Id": "PARAM_ARM_L_TOUSHI2",
      "Segments": [
        0,
        0,
        0,
        0.333,
        0.772,
        2,
        0.967,
        0.772,
        2,
        1.467,
        0.772,
        0,
        1.733,
        0.413,
        2,
        2.767,
        0.413,
        2,
        3.167,
        0.413,
        2,
        4.467,
        0.413,
        0,
        5.2,
        0,
        2,
        5.5,
        0
      ]
    },
    {
      "Target": "Parameter",
      "Id": "PARAM_TOUSHI_L",
      "Segments": [
        0,
        0,
        0,
        0.333,
        0.3,
        2,
        0.967,
        0.3,
        2,
        1.467,
        0.3,
        0,
        1.733,
        0.8,
        2,
        2.767,
        0.8,
        2,
        3.167,
        0.8,
        2,
        4.467,
        0.8,
        0,
        5.2,
        0,
        2,
        5.5,
        0
      ]
    },
    {
      "Target": "Parameter",
      "Id": "PARAM_ARM_L_02",
      "Segments": [
        0,
        0.951,
        1,
        0.056,
        0.951,
        0.111,
        0.462,
        0.167,
        0.3,
        1,
        0.222,
        0.138,
        0.278,
        0.122,
        0.333,
        0,
        1,
        0.378,
        -0.097,
        0.422,
        -0.2,
        0.467,
        -0.2,
        1,
        0.578,
        -0.2,
        0.689,
        -0.139,
        0.8,
        0,
        1,
        0.911,
        0.139,
        1.022,
        0.218,
        1.133,
        0.218,
        0,
        1.467,
        -0.1,
        1,
        1.556,
        -0.1,
        1.644,
        -0.108,
        1.733,
        0,
        1,
        1.844,
        0.135,
        1.956,
        0.4,
        2.067,
        0.4,
        0,
        2.4,
        0.1,
        1,
        2.522,
        0.1,
        2.645,
        0.141,
        2.767,
        0.3,
        1,
        2.834,
        0.387,
        2.9,
        0.5,
        2.967,
        0.5,
        0,
        3.167,
        0.3,
        2,
        4.467,
        0.3,
        0,
        4.867,
        0,
        1,
        4.978,
        0,
        5.089,
        0.653,
        5.2,
        0.9,
        1,
        5.244,
        0.999,
        5.289,
        0.96,
        5.333,
        0.96,
        0,
        5.5,
        0.951
      ]
    },
    {
      "Target": "Parameter",
      "Id": "PARAM_HAND_L",
      "Segments": [
        0,
        0,
        2,
        0.167,
        0,
        2,
        0.2,
        0.5,
        2,
        0.967,
        0.5,
        2,
        1.467,
        0.5,
        2,
        1.733,
        0.5,
        2,
        2.767,
        0.5,
        2,
        3.167,
        0.5,
        2,
        4.467,
        0.5,
        2,
        4.833,
        0.5,
        2,
        4.867,
        0,
        2,
        5.2,
        0,
        2,
        5.5,
        0
      ]
    },
    {
      "Target": "Parameter",
      "Id": "PARAM_HAND_L2",
      "Segments": [
        0,
        0,
        2,
        0.167,
        0,
        2,
        0.2,
        1,
        2,
        0.967,
        1,
        2,
        1.467,
        1,
        2,
        1.733,
        1,
        2,
        2.767,
        1,
        2,
        3.167,
        1,
        2,
        4.467,
        1,
        2,
        4.833,
        1,
        2,
        4.867,
        0,
        2,
        5.2,
        0,
        2,
        5.5,
        0
      ]
    },
    {
      "Target": "Parameter",
      "Id": "PARAM_HAND_L_02",
      "Segments": [
        0,
        0,
        0,
        0.333,
        -1,
        2,
        0.967,
        -1,
        2,
        1.467,
        -1,
        2,
        1.733,
        -1,
        2,
        2.767,
        -1,
        2,
        3.167,
        -1,
        2,
        4.467,
        -1,
        0,
        5.2,
        0,
        2,
        5.5,
        0
      ]
    },
    {
      "Target": "Parameter",
      "Id": "PARAM_HAND_L_LEVEL",
      "Segments": [
        0,
        0,
        2,
        0.033,
        1,
        2,
        0.333,
        1,
        2,
        0.967,
        1,
        2,
        1.467,
        1,
        2,
        1.733,
        1,
        2,
        2.767,
        1,
        2,
        3.167,
        1,
        2,
        4.467,
        1,
        2,
        4.833,
        1,
        2,
        5.2,
        1,
        0,
        5.5,
        0
      ]
    },
    {
      "Target": "Parameter",
      "Id": "PARAM_RIGHT_ARM_TAI",
      "Segments": [
        0,
        0.5,
        0,
        0.333,
        0.3,
        2,
        1.467,
        0.3,
        0,
        1.733,
        0.5,
        0,
        3.167,
        0.3,
        2,
        4.467,
        0.3,
        0,
        5.5,
        0.5
      ]
    },
    {
      "Target": "Parameter",
      "Id": "PARAM_RIGHT_ARM",
      "Segments": [
        0,
        0.643,
        0,
        0.333,
        0.794,
        1,
        0.422,
        0.794,
        0.511,
        0.75,
        0.6,
        0.709,
        1,
        0.722,
        0.653,
        0.845,
        0.64,
        0.967,
        0.64,
        0,
        1.467,
        0.811,
        0,
        1.733,
        0.7,
        2,
        1.9,
        0.7,
        0,
        2.167,
        0.6,
        0,
        2.4,
        0.8,
        0,
        2.767,
        0.7,
        0,
        3.167,
        0.917,
        2,
        4.467,
        0.917,
        0,
        5,
        0.618,
        0,
        5.5,
        0.643
      ]
    },
    {
      "Target": "Parameter",
      "Id": "PARAM_ARM_R",
      "Segments": [
        0,
        4.557,
        0,
        0.233,
        4.6,
        0,
        0.6,
        4.29,
        1,
        0.722,
        4.29,
        0.845,
        4.335,
        0.967,
        4.392,
        1,
        1.134,
        4.469,
        1.3,
        4.495,
        1.467,
        4.495,
        0,
        1.733,
        4,
        0,
        1.9,
        4.2,
        0,
        2.067,
        3.9,
        0,
        2.267,
        4.1,
        0,
        2.467,
        3.9,
        0,
        2.767,
        4,
        0,
        3.167,
        3.914,
        0,
        3.4,
        3.969,
        0,
        3.667,
        3.854,
        0,
        3.933,
        3.969,
        0,
        4.233,
        3.916,
        0,
        4.467,
        3.969,
        0,
        5,
        3.39,
        0,
        5.5,
        4.557
      ]
    },
    {
      "Target": "Parameter",
      "Id": "PARAM_ARM_R_TOUSHI2",
      "Segments": [
        0,
        0.3,
        1,
        0.111,
        0.3,
        0.222,
        0.556,
        0.333,
        0.605,
        1,
        0.544,
        0.699,
        0.756,
        0.705,
        0.967,
        0.705,
        0,
        1.467,
        0.605,
        0,
        1.733,
        0.662,
        2,
        2.767,
        0.662,
        0,
        3.167,
        0.516,
        2,
        4.467,
        0.516,
        0,
        5,
        0.3,
        2,
        5.5,
        0.3
      ]
    },
    {
      "Target": "Parameter",
      "Id": "PARAM_TOUSHI_R",
      "Segments": [
        0,
        0.7,
        0,
        0.333,
        0.285,
        2,
        0.967,
        0.285,
        2,
        1.467,
        0.285,
        0,
        1.733,
        0.2,
        2,
        2.767,
        0.2,
        0,
        3.167,
        0.064,
        2,
        4.467,
        0.064,
        0,
        4.867,
        0.7,
        2,
        5.5,
        0.7
      ]
    },
    {
      "Target": "Parameter",
      "Id": "PARAM_ARM_R_02",
      "Segments": [
        0,
        0.847,
        0,
        0.067,
        0.9,
        1,
        0.156,
        0.9,
        0.244,
        0.361,
        0.333,
        -0.001,
        1,
        0.378,
        -0.182,
        0.422,
        -0.153,
        0.467,
        -0.153,
        1,
        0.589,
        -0.153,
        0.711,
        -0.122,
        0.833,
        -0.035,
        1,
        0.944,
        0.044,
        1.056,
        0.1,
        1.167,
        0.1,
        0,
        1.467,
        -0.1,
        2,
        1.733,
        -0.1,
        0,
        1.867,
        0.1,
        0,
        2.033,
        -0.3,
        0,
        2.167,
        -0.048,
        0,
        2.333,
        -0.2,
        2,
        2.467,
        -0.2,
        0,
        2.767,
        -0.1,
        2,
        3.167,
        -0.1,
        0,
        3.3,
        0,
        0,
        3.533,
        -0.1,
        0,
        3.767,
        0,
        0,
        4.067,
        -0.1,
        2,
        4.467,
        -0.1,
        0,
        4.733,
        -0.385,
        1,
        4.889,
        -0.385,
        5.044,
        0.687,
        5.2,
        0.8,
        1,
        5.3,
        0.873,
        5.4,
        0.847,
        5.5,
        0.847
      ]
    },
    {
      "Target": "Parameter",
      "Id": "PARAM_HAND_R",
      "Segments": [
        0,
        0,
        2,
        0.167,
        0,
        0,
        0.2,
        0.5,
        2,
        0.333,
        0.5,
        2,
        0.967,
        0.5,
        2,
        1.467,
        0.5,
        2,
        1.733,
        0.5,
        2,
        2.767,
        0.5,
        2,
        3.167,
        0.5,
        2,
        4.467,
        0.5,
        2,
        5,
        0.5,
        0,
        5.033,
        0,
        2,
        5.5,
        0
      ]
    },
    {
      "Target": "Parameter",
      "Id": "PARAM_HAND_R2",
      "Segments": [
        0,
        0,
        2,
        0.167,
        0,
        2,
        0.2,
        1,
        2,
        0.333,
        1,
        2,
        0.967,
        1,
        2,
        1.467,
        1,
        2,
        1.733,
        1,
        2,
        2.767,
        1,
        2,
        3.167,
        1,
        2,
        4.467,
        1,
        2,
        5,
        1,
        2,
        5.033,
        0,
        2,
        5.5,
        0
      ]
    },
    {
      "Target": "Parameter",
      "Id": "PARAM_HAND_R_02",
      "Segments": [
        0,
        1,
        2,
        0.167,
        1,
        2,
        0.2,
        -1,
        2,
        0.333,
        -1,
        2,
        0.967,
        -1,
        2,
        1.467,
        -1,
        0,
        1.733,
        0.9,
        0,
        1.833,
        0.6,
        0,
        1.933,
        1,
        2,
        2.033,
        1,
        0,
        2.167,
        0.8,
        0,
        2.3,
        1,
        0,
        2.5,
        0.7,
        0,
        2.767,
        0.9,
        0,
        3.167,
        -1,
        2,
        4.467,
        -1,
        2,
        5,
        -1,
        2,
        5.033,
        1,
        2,
        5.5,
        1
      ]
    },
    {
      "Target": "Parameter",
      "Id": "PARAM_EYE_L_OPEN",
      "Segments": [
        0,
        0,
        0,
        0.333,
        1,
        2,
        0.967,
        1,
        2,
        1.467,
        1,
        0,
        1.6,
        0,
        0,
        1.733,
        1,
        2,
        2.767,
        1,
        2,
        3,
        1,
        0,
        3.167,
        0,
        2,
        4.467,
        0,
        0,
        4.8,
        1,
        2,
        5.2,
        1,
        2,
        5.5,
        1
      ]
    },
    {
      "Target": "Parameter",
      "Id": "PARAM_EYE_L_FORM",
      "Segments": [
        0,
        0,
        2,
        0.333,
        0,
        2,
        0.967,
        0,
        2,
        1.467,
        0,
        0,
        1.733,
        0.5,
        2,
        2.767,
        0.5,
        2,
        3,
        0.5,
        0,
        3.167,
        0,
        2,
        4.467,
        0,
        0,
        4.8,
        0.5,
        2,
        5.2,
        0.5,
        2,
        5.5,
        0.5
      ]
    },
    {
      "Target": "Parameter",
      "Id": "PARAM_EYE_R_OPEN",
      "Segments": [
        0,
        0,
        0,
        0.333,
        1,
        2,
        0.967,
        1,
        2,
        1.467,
        1,
        0,
        1.6,
        0,
        0,
        1.733,
        1,
        2,
        2.767,
        1,
        2,
        3,
        1,
        0,
        3.167,
        0,
        2,
        4.467,
        0,
        0,
        4.8,
        1,
        2,
        5.2,
        1,
        2,
        5.5,
        1
      ]
    },
    {
      "Target": "Parameter",
      "Id": "PARAM_EYE_R_FORM",
      "Segments": [
        0,
        0,
        2,
        0.333,
        0,
        2,
        0.967,
        0,
        2,
        1.467,
        0,
        0,
        1.733,
        0.5,
        2,
        2.767,
        0.5,
        2,
        3,
        0.5,
        0,
        3.167,
        0,
        2,
        4.467,
        0,
        0,
        4.8,
        0.5,
        2,
        5.2,
        0.5,
        2,
        5.5,
        0.5
      ]
    },
    {
      "Target": "Parameter",
      "Id": "PARAM_BROW_L_Y",
      "Segments": [
        0,
        -1,
        0,
        0.333,
        0.5,
        2,
        0.967,
        0.5,
        2,
        1.467,
        0.5,
        0,
        1.6,
        -1,
        0,
        1.733,
        0,
        2,
        2.767,
        0,
        2,
        3,
        0,
        0,
        3.167,
        -1,
        2,
        4.467,
        -1,
        0,
        4.8,
        0,
        2,
        5.2,
        0,
        2,
        5.5,
        0
      ]
    },
    {
      "Target": "Parameter",
      "Id": "PARAM_BROW_R_Y",
      "Segments": [
        0,
        -1,
        0,
        0.333,
        0.5,
        2,
        0.967,
        0.5,
        2,
        1.467,
        0.5,
        0,
        1.6,
        -1,
        0,
        1.733,
        0,
        2,
        2.767,
        0,
        2,
        3,
        0,
        0,
        3.167,
        -1,
        2,
        4.467,
        -1,
        0,
        4.8,
        0,
        2,
        5.2,
        0,
        2,
        5.5,
        0
      ]
    },
    {
      "Target": "Parameter",
      "Id": "PARAM_BROW_L_ANGLE",
      "Segments": [
        0,
        0.4,
        2,
        0.333,
        0.4,
        2,
        0.967,
        0.4,
        2,
        1.467,
        0.4,
        0,
        1.733,
        0.3,
        2,
        2.767,
        0.3,
        2,
        3,
        0.3,
        0,
        3.167,
        0.6,
        2,
        4.467,
        0.6,
        0,
        5.2,
        0,
        2,
        5.5,
        0
      ]
    },
    {
      "Target": "Parameter",
      "Id": "PARAM_BROW_R_ANGLE",
      "Segments": [
        0,
        0.4,
        2,
        0.333,
        0.4,
        2,
        0.967,
        0.4,
        2,
        1.467,
        0.4,
        0,
        1.733,
        0.3,
        2,
        2.767,
        0.3,
        2,
        3,
        0.3,
        0,
        3.167,
        0.6,
        2,
        4.467,
        0.6,
        0,
        5.2,
        0,
        2,
        5.5,
        0
      ]
    },
    {
      "Target": "Parameter",
      "Id": "PARAM_BROW_L_FORM",
      "Segments": [
        0,
        1,
        2,
        0.333,
        1,
        2,
        0.967,
        1,
        2,
        1.467,
        1,
        0,
        1.733,
        -0.5,
        2,
        2.767,
        -0.5,
        2,
        3,
        -0.5,
        0,
        3.167,
        0,
        2,
        4.467,
        0,
        0,
        5.2,
        0.5,
        2,
        5.5,
        0.5
      ]
    },
    {
      "Target": "Parameter",
      "Id": "PARAM_BROW_R_FORM",
      "Segments": [
        0,
        1,
        2,
        0.333,
        1,
        2,
        0.967,
        1,
        2,
        1.467,
        1,
        0,
        1.733,
        -0.3,
        2,
        2.767,
        -0.3,
        2,
        3,
        -0.3,
        0,
        3.167,
        0,
        2,
        4.467,
        0,
        0,
        5.2,
        0.5,
        2,
        5.5,
        0.5
      ]
    },
    {
      "Target": "Parameter",
      "Id": "PARAM_MOUTH_OPEN",
      "Segments": [
        0,
        2,
        2,
        0.333,
        2,
        2,
        0.967,
        2,
        2,
        1.467,
        2,
        0,
        1.733,
        0,
        2,
        2.767,
        0,
        2,
        3.167,
        0,
        2,
        4.467,
        0,
        0,
        5.2,
        1.5,
        0,
        5.5,
        0
      ]
    },
    {
      "Target": "Parameter",
      "Id": "PARAM_MOUTH_FORM",
      "Segments": [
        0,
        -1,
        0,
        0.333,
        1,
        2,
        0.967,
        1,
        2,
        1.467,
        1,
        0,
        1.733,
        -1,
        2,
        2.767,
        -1,
        2,
        3.167,
        -1,
        2,
        4.467,
        -1,
        2,
        5.2,
        -1,
        0,
        5.5,
        -0.6
      ]
    },
    {
      "Target": "Parameter",
      "Id": "PARAM_SHY",
      "Segments": [
        0,
        1,
        2,
        0.333,
        1,
        2,
        0.967,
        1,
        2,
        1.467,
        1,
        2,
        1.733,
        1,
        2,
        2.767,
        1,
        2,
        3.167,
        1,
        2,
        4.467,
        1,
        0,
        5.2,
        0,
        2,
        5.5,
        0
      ]
    },
    {
      "Target": "Parameter",
      "Id": "PARAM_TERE",
      "Segments": [
        0,
        0.6,
        2,
        0.333,
        0.6,
        2,
        0.967,
        0.6,
        2,
        1.467,
        0.6,
        2,
        1.733,
        0.6,
        2,
        2.767,
        0.6,
        2,
        3.167,
        0.6,
        2,
        4.467,
        0.6,
        2,
        5.2,
        0.6,
        0,
        5.5,
        0.8
      ]
    },
    {
      "Target": "PartOpacity",
      "Id": "PARTS_GUDIAN",
      "Segments": [
        0,
        1,
        2,
        0.5,
        1,
        2,
        2,
        1,
        2,
        5.5,
        1
      ]
    },
    {
      "Target": "PartOpacity",
      "Id": "PARTS_01_ARM_L_01",
      "Segments": [
        0,
        1,
        2,
        0.5,
        1,
        2,
        2,
        1,
        2,
        5.5,
        1
      ]
    },
    {
      "Target": "PartOpacity",
      "Id": "PARTS_01_ARM_R_01",
      "Segments": [
        0,
        1,
        2,
        0.5,
        1,
        2,
        2,
        1,
        2,
        5.5,
        1
      ]
    },
    {
      "Target": "PartOpacity",
      "Id": "PARTS_01_BODY",
      "Segments": [
        0,
        1,
        2,
        0.9,
        1,
        2,
        3.97,
        1,
        2,
        5.5,
        1
      ]
    },
    {
      "Target": "PartOpacity",
      "Id": "PARTS_01_NECK",
      "Segments": [
        0,
        1,
        2,
        0.9,
        1,
        2,
        3.97,
        1,
        2,
        5.5,
        1
      ]
    },
    {
      "Target": "PartOpacity",
      "Id": "PARTS_01_HAIR_BACK_001",
      "Segments": [
        0,
        1,
        2,
        0.9,
        1,
        2,
        3.97,
        1,
        2,
        5.5,
        1
      ]
    },
    {
      "Target": "PartOpacity",
      "Id": "PARTS_01_HAIR_SIDE_001",
      "Segments": [
        0,
        1,
        2,
        0.9,
        1,
        2,
        3.97,
        1,
        2,
        5.5,
        1
      ]
    },
    {
      "Target": "PartOpacity",
      "Id": "PARTS_01_HAIR_FRONT_001",
      "Segments": [
        0,
        1,
        2,
        0.9,
        1,
        2,
        3.97,
        1,
        2,
        5.5,
        1
      ]
    },
    {
      "Target": "PartOpacity",
      "Id": "PARTS_01_EAR_001",
      "Segments": [
        0,
        1,
        2,
        0.9,
        1,
        2,
        3.97,
        1,
        2,
        5.5,
        1
      ]
    },
    {
      "Target": "PartOpacity",
      "Id": "PARTS_01_NOSE_001",
      "Segments": [
        0,
        1,
        2,
        0.9,
        1,
        2,
        3.97,
        1,
        2,
        5.5,
        1
      ]
    },
    {
      "Target": "PartOpacity",
      "Id": "PARTS_01_MOUTH_001",
      "Segments": [
        0,
        1,
        2,
        0.9,
        1,
        2,
        3.97,
        1,
        2,
        5.5,
        1
      ]
    },
    {
      "Target": "PartOpacity",
      "Id": "PARTS_01_BROW_001",
      "Segments": [
        0,
        1,
        2,
        0.9,
        1,
        2,
        3.97,
        1,
        2,
        5.5,
        1
      ]
    },
    {
      "Target": "PartOpacity",
      "Id": "PARTS_01_EYE_BALL_001",
      "Segments": [
        0,
        1,
        2,
        0.9,
        1,
        2,
        3.97,
        1,
        2,
        5.5,
        1
      ]
    },
    {
      "Target": "PartOpacity",
      "Id": "PARTS_01_EYE_001",
      "Segments": [
        0,
        1,
        2,
        0.9,
        1,
        2,
        3.97,
        1,
        2,
        5.5,
        1
      ]
    },
    {
      "Target": "PartOpacity",
      "Id": "PARTS_01_FACE_001",
      "Segments": [
        0,
        1,
        2,
        0.9,
        1,
        2,
        3.97,
        1,
        2,
        5.5,
        1
      ]
    },
    {
      "Target": "PartOpacity",
      "Id": "ROUGH",
      "Segments": [
        0,
        1,
        2,
        0.9,
        1,
        2,
        3.97,
        1,
        2,
        5.5,
        1
      ]
    },
    {
      "Target": "Model",
      "Id": "Opacity",
      "Segments": [
        0,
        1,
        0,
        5.5,
        1
      ]
    },
    {
      "Target": "Parameter",
      "Id": "PARAM_LEFT_ARM_TAI",
      "Segments": [
        0,
        0,
        0,
        5.5,
        0
      ]
    },
    {
      "Target": "Parameter",
      "Id": "PARAM_TANGDIE",
      "Segments": [
        0,
        0,
        0,
        5.5,
        0
      ]
    },
    {
      "Target": "Parameter",
      "Id": "PARAM_HAND_R_LEVEL",
      "Segments": [
        0,
        1,
        0,
        5.5,
        1
      ]
    },
    {
      "Target": "Parameter",
      "Id": "PARAM_YIFU",
      "Segments": [
        0,
        0,
        0,
        5.5,
        0
      ]
    },
    {
      "Target": "Parameter",
      "Id": "PARAM_CHICKEN",
      "Segments": [
        0,
        0,
        0,
        5.5,
        0
      ]
    },
    {
      "Target": "Parameter",
      "Id": "PARAM_CHICKEN_MOVE",
      "Segments": [
        0,
        0,
        0,
        5.5,
        0
      ]
    },
    {
      "Target": "Parameter",
      "Id": "PARAM_BANSHOU",
      "Segments": [
        0,
        0,
        0,
        5.5,
        0
      ]
    },
    {
      "Target": "Parameter",
      "Id": "PARAM_BANSHOU_MOVE",
      "Segments": [
        0,
        0,
        0,
        5.5,
        0
      ]
    },
    {
      "Target": "Parameter",
      "Id": "PARAM_BANSHOU_MOVE_01",
      "Segments": [
        0,
        0,
        0,
        5.5,
        0
      ]
    },
    {
      "Target": "Parameter",
      "Id": "PARAM_SHAOZI",
      "Segments": [
        0,
        0,
        0,
        5.5,
        0
      ]
    },
    {
      "Target": "Parameter",
      "Id": "PARAM_SHAOZI_MOVE",
      "Segments": [
        0,
        0,
        0,
        5.5,
        0
      ]
    },
    {
      "Target": "Parameter",
      "Id": "PARAM_SHAOZI_MOVE_01",
      "Segments": [
        0,
        0,
        0,
        5.5,
        0
      ]
    },
    {
      "Target": "Parameter",
      "Id": "PARAM_SOUP",
      "Segments": [
        0,
        0,
        0,
        5.5,
        0
      ]
    },
    {
      "Target": "Parameter",
      "Id": "PARAM_JITA_CHUXIAN",
      "Segments": [
        0,
        0,
        0,
        5.5,
        0
      ]
    },
    {
      "Target": "Parameter",
      "Id": "PARAM_JITA_LEVEL",
      "Segments": [
        0,
        0,
        0,
        5.5,
        0
      ]
    },
    {
      "Target": "Parameter",
      "Id": "PARAM_JITA_MOVE_X",
      "Segments": [
        0,
        0,
        0,
        5.5,
        0
      ]
    },
    {
      "Target": "Parameter",
      "Id": "PARAM_JITA_MOVE_Y",
      "Segments": [
        0,
        0,
        0,
        5.5,
        0
      ]
    },
    {
      "Target": "Parameter",
      "Id": "PARAM_JITA_Z",
      "Segments": [
        0,
        0,
        0,
        5.5,
        0
      ]
    },
    {
      "Target": "Parameter",
      "Id": "PARAM_JITA_X",
      "Segments": [
        0,
        0,
        0,
        5.5,
        0
      ]
    },
    {
      "Target": "Parameter",
      "Id": "PARAM_JITA_Y",
      "Segments": [
        0,
        0,
        0,
        5.5,
        0
      ]
    },
    {
      "Target": "Parameter",
      "Id": "PARAM_JINADAI_X",
      "Segments": [
        0,
        0,
        0,
        5.5,
        0
      ]
    },
    {
      "Target": "Parameter",
      "Id": "PARAM_JIANDAI_Y",
      "Segments": [
        0,
        0,
        0,
        5.5,
        0
      ]
    },
    {
      "Target": "Parameter",
      "Id": "PARAM_JIANDAI_BACK_X",
      "Segments": [
        0,
        0,
        0,
        5.5,
        0
      ]
    },
    {
      "Target": "Parameter",
      "Id": "PARAM_JIANDAI_BACK_Y",
      "Segments": [
        0,
        0,
        0,
        5.5,
        0
      ]
    },
    {
      "Target": "Parameter",
      "Id": "PARAM_EYE_BALL_X",
      "Segments": [
        0,
        0,
        0,
        5.5,
        0
      ]
    },
    {
      "Target": "Parameter",
      "Id": "PARAM_EYE_BALL_Y",
      "Segments": [
        0,
        0,
        0,
        5.5,
        0
      ]
    },
    {
      "Target": "Parameter",
      "Id": "PARAM_EYE_BALL_FORM",
      "Segments": [
        0,
        0,
        0,
        5.5,
        0
      ]
    },
    {
      "Target": "Parameter",
      "Id": "PARAM_EYE_BALL_SAD",
      "Segments": [
        0,
        0,
        0,
        5.5,
        0
      ]
    },
    {
      "Target": "Parameter",
      "Id": "PARAM_EYE_BALL_BAIYAN",
      "Segments": [
        0,
        0,
        0,
        5.5,
        0
      ]
    },
    {
      "Target": "Parameter",
      "Id": "PARAM_EYE_BALL_KIRAKIRA",
      "Segments": [
        0,
        0,
        0,
        5.5,
        0
      ]
    },
    {
      "Target": "Parameter",
      "Id": "PARAM_EYE_kira_R1",
      "Segments": [
        0,
        1,
        0,
        5.5,
        1
      ]
    },
    {
      "Target": "Parameter",
      "Id": "PARAM_EYE_kira_R2",
      "Segments": [
        0,
        0.5,
        0,
        5.5,
        0.5
      ]
    },
    {
      "Target": "Parameter",
      "Id": "PARAM_EYE_kira_L1",
      "Segments": [
        0,
        1,
        0,
        5.5,
        1
      ]
    },
    {
      "Target": "Parameter",
      "Id": "PARAM_EYE_kira_L2",
      "Segments": [
        0,
        0.5,
        0,
        5.5,
        0.5
      ]
    },
    {
      "Target": "Parameter",
      "Id": "PARAM_EYE_TI1",
      "Segments": [
        0,
        0,
        0,
        5.5,
        0
      ]
    },
    {
      "Target": "Parameter",
      "Id": "PARAM_EYE_TI2",
      "Segments": [
        0,
        0,
        0,
        5.5,
        0
      ]
    },
    {
      "Target": "Parameter",
      "Id": "PARAM_EYE_SPECIAL",
      "Segments": [
        0,
        0,
        0,
        5.5,
        0
      ]
    },
    {
      "Target": "Parameter",
      "Id": "PARAM_EYE_DEFROM",
      "Segments": [
        0,
        0,
        0,
        5.5,
        0
      ]
    },
    {
      "Target": "Parameter",
      "Id": "PARAM_BROW_L_X",
      "Segments": [
        0,
        0,
        0,
        5.5,
        0
      ]
    },
    {
      "Target": "Parameter",
      "Id": "PARAM_BROW_R_X",
      "Segments": [
        0,
        0,
        0,
        5.5,
        0
      ]
    },
    {
      "Target": "Parameter",
      "Id": "PARAM_MOUTH_SPECIAL",
      "Segments": [
        0,
        0,
        0,
        5.5,
        0
      ]
    },
    {
      "Target": "Parameter",
      "Id": "PARAM_MOUTH_WIDTH",
      "Segments": [
        0,
        1,
        0,
        5.5,
        1
      ]
    },
    {
      "Target": "Parameter",
      "Id": "PARAM_MOUTH_SIZE",
      "Segments": [
        0,
        -0.5,
        0,
        5.5,
        -0.5
      ]
    },
    {
      "Target": "Parameter",
      "Id": "PARAM_MOUTH_DEFORM_SPECIAL",
      "Segments": [
        0,
        0,
        0,
        5.5,
        0
      ]
    },
    {
      "Target": "Parameter",
      "Id": "PARAM_MOUTH_X",
      "Segments": [
        0,
        0,
        0,
        5.5,
        0
      ]
    },
    {
      "Target": "Parameter",
      "Id": "PARAM_MOUTH_Y",
      "Segments": [
        0,
        0,
        0,
        5.5,
        0
      ]
    },
    {
      "Target": "Parameter",
      "Id": "PARAM_TERE2",
      "Segments": [
        0,
        0,
        0,
        5.5,
        0
      ]
    },
    {
      "Target": "Parameter",
      "Id": "PARAM_WATER",
      "Segments": [
        0,
        0,
        0,
        5.5,
        0
      ]
    },
    {
      "Target": "Parameter",
      "Id": "PARAM_HAN",
      "Segments": [
        0,
        0,
        0,
        5.5,
        0
      ]
    },
    {
      "Target": "Parameter",
      "Id": "PARAM_ANGRY",
      "Segments": [
        0,
        0,
        0,
        5.5,
        0
      ]
    },
    {
      "Target": "Parameter",
      "Id": "PARAM_HEI",
      "Segments": [
        0,
        -1,
        0,
        5.5,
        -1
      ]
    },
    {
      "Target": "Parameter",
      "Id": "PARAM_LIANHEIXIAN",
      "Segments": [
        0,
        0,
        0,
        5.5,
        0
      ]
    },
    {
      "Target": "Parameter",
      "Id": "PARAM_FAT",
      "Segments": [
        0,
        0,
        0,
        5.5,
        0
      ]
    },
    {
      "Target": "Parameter",
      "Id": "PARAM_HEIXIAN",
      "Segments": [
        0,
        0,
        0,
        5.5,
        0
      ]
    },
    {
      "Target": "Parameter",
      "Id": "PARAM_YINYING",
      "Segments": [
        0,
        0,
        0,
        5.5,
        0
      ]
    },
    {
      "Target": "Parameter",
      "Id": "PARAM_TANQI",
      "Segments": [
        0,
        0,
        0,
        5.5,
        0
      ]
    },
    {
      "Target": "Parameter",
      "Id": "PARAM_ZHAMAO",
      "Segments": [
        0,
        0,
        0,
        5.5,
        0
      ]
    },
    {
      "Target": "Parameter",
      "Id": "PARAM_RU_X",
      "Segments": [
        0,
        0,
        0,
        5.5,
        0
      ]
    },
    {
      "Target": "Parameter",
      "Id": "PARAM_RU_Y",
      "Segments": [
        0,
        0,
        0,
        5.5,
        0
      ]
    },
    {
      "Target": "Parameter",
      "Id": "PARAM_BREATH",
      "Segments": [
        0,
        0,
        0,
        5.5,
        0
      ]
    },
    {
      "Target": "Parameter",
      "Id": "PARAM_HAIR_FRONT",
      "Segments": [
        0,
        0,
        0,
        5.5,
        0
      ]
    },
    {
      "Target": "Parameter",
      "Id": "PARAM_HAIR_FROUT_2",
      "Segments": [
        0,
        0,
        0,
        5.5,
        0
      ]
    },
    {
      "Target": "Parameter",
      "Id": "PARAM_HAIR_FROUT_WAVE",
      "Segments": [
        0,
        0,
        0,
        5.5,
        0
      ]
    },
    {
      "Target": "Parameter",
      "Id": "PARAM_HAIR_SIDE_R",
      "Segments": [
        0,
        0,
        0,
        5.5,
        0
      ]
    },
    {
      "Target": "Parameter",
      "Id": "PARAM_HAIR_SIDE_R2",
      "Segments": [
        0,
        0,
        0,
        5.5,
        0
      ]
    },
    {
      "Target": "Parameter",
      "Id": "PARAM_HAIR_SIDE_WAVE",
      "Segments": [
        0,
        0,
        0,
        5.5,
        0
      ]
    },
    {
      "Target": "Parameter",
      "Id": "PARAM_HAIR_SIDE_R3",
      "Segments": [
        0,
        0,
        0,
        5.5,
        0
      ]
    },
    {
      "Target": "Parameter",
      "Id": "PARAM_HAIR_SIDE_L",
      "Segments": [
        0,
        0,
        0,
        5.5,
        0
      ]
    },
    {
      "Target": "Parameter",
      "Id": "PARAM_HAIR_SIDE_L3",
      "Segments": [
        0,
        0,
        0,
        5.5,
        0
      ]
    },
    {
      "Target": "Parameter",
      "Id": "PARAM_HAIR_BACK_WAVE",
      "Segments": [
        0,
        0,
        0,
        5.5,
        0
      ]
    },
    {
      "Target": "Parameter",
      "Id": "PARAM_XIANQUNZI_1",
      "Segments": [
        0,
        0,
        0,
        5.5,
        0
      ]
    },
    {
      "Target": "Parameter",
      "Id": "PARAM_XIANQUNZI_2",
      "Segments": [
        0,
        0,
        0,
        5.5,
        0
      ]
    },
    {
      "Target": "Parameter",
      "Id": "PARAM_YICENGQUN_YIDUAN_SHAKE",
      "Segments": [
        0,
        0,
        0,
        5.5,
        0
      ]
    },
    {
      "Target": "Parameter",
      "Id": "PARAM_PARAM_YICENGQUN_ERDUAN_SHAKE",
      "Segments": [
        0,
        0,
        0,
        5.5,
        0
      ]
    },
    {
      "Target": "Parameter",
      "Id": "PARAM_YICENGSHA_1DUAN_SHAKE",
      "Segments": [
        0,
        0,
        0,
        5.5,
        0
      ]
    },
    {
      "Target": "Parameter",
      "Id": "PARAM_YICESHA_2DUAN_SHAKE",
      "Segments": [
        0,
        0,
        0,
        5.5,
        0
      ]
    },
    {
      "Target": "Parameter",
      "Id": "PARAM_ERCENGSHA_1DUAN_SHAKE",
      "Segments": [
        0,
        0,
        0,
        5.5,
        0
      ]
    },
    {
      "Target": "Parameter",
      "Id": "PARAM_ERCENGSAHA_2DUAN_SHAKE",
      "Segments": [
        0,
        0,
        0,
        5.5,
        0
      ]
    }
  ],
  "UserData": []
}