{
  "Version": 3,
  "Meta": {
    "Duration": 7.67,
    "Fps": 30.0,
    "Loop": true,
    "AreBeziersRestricted": true,
    "CurveCount": 134,
    "TotalSegmentCount": 1380,
    "TotalPointCount": 1538,
    "UserDataCount": 0,
    "TotalUserDataSize": 0
  },
  "Curves": [
    {
      "Target": "Parameter",
      "Id": "PARAM_ANGLE_X",
      "Segments": [
        0,
        -9,
        0,
        0.4,
        6.756,
        0,
        0.833,
        -6.943,
        1,
        1.166,
        -6.943,
        1.5,
        -5.198,
        1.833,
        1.1,
        1,
        1.911,
        2.57,
        1.989,
        26.852,
        2.067,
        26.852,
        0,
        2.333,
        4.911,
        0,
        4.1,
        9.311,
        0,
        4.6,
        1.039,
        0,
        4.867,
        13.123,
        0,
        5.233,
        9.506,
        0,
        5.733,
        30,
        2,
        6.067,
        30,
        1,
        6.178,
        30,
        6.289,
        -11.624,
        6.4,
        -16.862,
        1,
        6.556,
        -24.197,
        6.711,
        -24.365,
        6.867,
        -24.365,
        0,
        7.667,
        -9
      ]
    },
    {
      "Target": "Parameter",
      "Id": "PARAM_ANGLE_Y",
      "Segments": [
        0,
        -15,
        0,
        0.167,
        -30,
        0,
        0.433,
        30,
        0,
        0.833,
        -16.815,
        0,
        0.967,
        7.664,
        0,
        1.1,
        -16.425,
        0,
        1.267,
        7.664,
        0,
        1.467,
        -16.815,
        1,
        1.534,
        -16.815,
        1.6,
        -4.734,
        1.667,
        7.664,
        1,
        1.722,
        17.995,
        1.778,
        19.81,
        1.833,
        19.81,
        0,
        2,
        -22.295,
        0,
        2.2,
        7.664,
        0,
        2.433,
        -18.471,
        0,
        2.6,
        -2.585,
        0,
        2.767,
        -30,
        0,
        2.967,
        -2.585,
        0,
        3.167,
        -30,
        0,
        3.4,
        -6.462,
        0,
        3.667,
        -30,
        0,
        3.9,
        -6.462,
        1,
        3.967,
        -6.462,
        4.033,
        -26.276,
        4.1,
        -27.24,
        1,
        4.267,
        -29.651,
        4.433,
        -30,
        4.6,
        -30,
        1,
        4.778,
        -30,
        4.955,
        14.528,
        5.133,
        21.933,
        1,
        5.333,
        30.265,
        5.533,
        30,
        5.733,
        30,
        2,
        6.067,
        30,
        1,
        6.178,
        30,
        6.289,
        -15.224,
        6.4,
        -16,
        1,
        6.556,
        -17.087,
        6.711,
        -17.006,
        6.867,
        -17.006,
        0,
        7.233,
        3,
        0,
        7.667,
        -15
      ]
    },
    {
      "Target": "Parameter",
      "Id": "PARAM_ANGLE_Z",
      "Segments": [
        0,
        3,
        0,
        0.833,
        15,
        2,
        1.833,
        15,
        0,
        2.333,
        -3.198,
        0,
        4.1,
        28.366,
        1,
        4.4,
        28.366,
        4.7,
        26.206,
        5,
        14,
        1,
        5.244,
        4.054,
        5.489,
        -9.884,
        5.733,
        -9.884,
        0,
        6.067,
        7.755,
        1,
        6.178,
        7.755,
        6.289,
        -23.202,
        6.4,
        -24,
        1,
        6.556,
        -25.117,
        6.711,
        -25.038,
        6.867,
        -25.038,
        0,
        7.233,
        13,
        0,
        7.667,
        3
      ]
    },
    {
      "Target": "Parameter",
      "Id": "PARAM_BODY_ANGLE_X",
      "Segments": [
        0,
        -4,
        0,
        0.4,
        1.609,
        0,
        0.733,
        -3.135,
        0,
        1.267,
        3.4,
        0,
        1.833,
        -3.135,
        1,
        1.955,
        -3.135,
        2.078,
        -1.956,
        2.2,
        -0.278,
        1,
        2.356,
        1.859,
        2.511,
        2.656,
        2.667,
        2.656,
        0,
        3.4,
        -3.772,
        0,
        4.1,
        4.742,
        0,
        5,
        -3.135,
        1,
        5.244,
        -3.135,
        5.489,
        -0.798,
        5.733,
        2.81,
        1,
        5.822,
        4.123,
        5.911,
        4.396,
        6,
        4.396,
        1,
        6.111,
        4.396,
        6.222,
        -5.755,
        6.333,
        -6.172,
        1,
        6.511,
        -6.84,
        6.689,
        -6.814,
        6.867,
        -6.814,
        0,
        7.667,
        -4
      ]
    },
    {
      "Target": "Parameter",
      "Id": "PARAM_BODY_ANGLE_Y",
      "Segments": [
        0,
        0,
        0,
        0.4,
        6.025,
        0,
        0.733,
        0.536,
        0,
        0.9,
        6.461,
        0,
        1.033,
        0,
        0,
        1.2,
        6.461,
        0,
        1.4,
        0,
        0,
        1.6,
        6.461,
        0,
        1.833,
        0,
        0,
        2,
        8.513,
        0,
        2.3,
        -0.5,
        0,
        2.5,
        2.676,
        0,
        2.667,
        -0.447,
        0,
        2.867,
        2.676,
        0,
        3.067,
        0,
        0,
        3.3,
        2.3,
        0,
        3.567,
        0,
        0,
        3.8,
        2.3,
        1,
        3.9,
        2.3,
        4,
        2.049,
        4.1,
        0.386,
        1,
        4.156,
        -0.538,
        4.211,
        -3.089,
        4.267,
        -3.089,
        1,
        4.378,
        -3.089,
        4.489,
        -0.056,
        4.6,
        2.468,
        1,
        4.733,
        5.497,
        4.867,
        9.605,
        5,
        9.745,
        1,
        5.244,
        10.002,
        5.489,
        10,
        5.733,
        10,
        1,
        5.866,
        10,
        6,
        2.206,
        6.133,
        -2.124,
        1,
        6.2,
        -4.289,
        6.266,
        -5.709,
        6.333,
        -5.757,
        1,
        6.511,
        -5.884,
        6.689,
        -5.897,
        6.867,
        -5.897,
        0,
        7.667,
        0
      ]
    },
    {
      "Target": "Parameter",
      "Id": "PARAM_BODY_ANGLE_Z",
      "Segments": [
        0,
        -0.879,
        0,
        0.4,
        2.509,
        0,
        0.733,
        -1.152,
        0,
        1.833,
        8.129,
        1,
        1.955,
        8.129,
        2.078,
        2.007,
        2.2,
        0.87,
        1,
        2.233,
        0.56,
        2.267,
        0.764,
        2.3,
        0.61,
        1,
        2.344,
        0.404,
        2.389,
        -0.147,
        2.433,
        -0.147,
        0,
        2.867,
        4.704,
        0,
        3.5,
        2.303,
        0,
        4.1,
        6.58,
        1,
        4.156,
        6.58,
        4.211,
        5.786,
        4.267,
        5.224,
        1,
        4.445,
        3.429,
        4.622,
        2.811,
        4.8,
        2.811,
        0,
        5.733,
        6.13,
        1,
        5.878,
        6.13,
        6.022,
        4.136,
        6.167,
        1.552,
        1,
        6.222,
        0.558,
        6.278,
        -0.575,
        6.333,
        -0.602,
        1,
        6.511,
        -0.686,
        6.689,
        -0.699,
        6.867,
        -0.699,
        0,
        7.233,
        1.944,
        0,
        7.667,
        -0.879
      ]
    },
    {
      "Target": "Parameter",
      "Id": "PARAM_UPPER_BODY",
      "Segments": [
        0,
        -1.53,
        1,
        0.133,
        -1.53,
        0.267,
        -1.755,
        0.4,
        -2.231,
        1,
        0.511,
        -2.628,
        0.622,
        -2.84,
        0.733,
        -2.84,
        2,
        1.833,
        -2.84,
        0,
        2.2,
        -2.989,
        2,
        2.3,
        -2.989,
        2,
        2.867,
        -2.989,
        2,
        4.1,
        -2.989,
        0,
        4.8,
        -2,
        2,
        5.733,
        -2,
        0,
        6.1,
        1.115,
        2,
        6.233,
        1.115,
        2,
        6.333,
        1.115,
        2,
        6.867,
        1.115,
        0,
        7.667,
        -1.53
      ]
    },
    {
      "Target": "Parameter",
      "Id": "PARAM_LEFT_ARM_TAI",
      "Segments": [
        0,
        0,
        0,
        0.733,
        0.2,
        2,
        1.833,
        0.2,
        0,
        2.2,
        0,
        2,
        2.3,
        0,
        2,
        2.867,
        0,
        2,
        4.1,
        0,
        0,
        4.7,
        0.326,
        2,
        4.933,
        0.326,
        2,
        5.233,
        0.326,
        2,
        5.733,
        0.326,
        0,
        6,
        0,
        2,
        6.1,
        0,
        2,
        6.233,
        0,
        2,
        6.333,
        0,
        2,
        6.867,
        0,
        2,
        7,
        0,
        2,
        7.4,
        0,
        2,
        7.667,
        0
      ]
    },
    {
      "Target": "Parameter",
      "Id": "PARAM_LEFT_ARM",
      "Segments": [
        0,
        0.2,
        1,
        0.133,
        0.2,
        0.267,
        0.206,
        0.4,
        0.327,
        1,
        0.467,
        0.387,
        0.533,
        0.951,
        0.6,
        0.951,
        2,
        0.733,
        0.951,
        0,
        0.9,
        1.441,
        0,
        1.033,
        0.951,
        0,
        1.2,
        1.441,
        0,
        1.4,
        0.951,
        0,
        1.6,
        1.441,
        1,
        1.678,
        1.441,
        1.755,
        1.155,
        1.833,
        0.951,
        1,
        1.955,
        0.63,
        2.078,
        0.562,
        2.2,
        0.562,
        2,
        2.3,
        0.562,
        0,
        2.767,
        0.418,
        0,
        3.4,
        0.6,
        0,
        4.1,
        0.482,
        0,
        4.433,
        1.143,
        0,
        4.933,
        0.479,
        2,
        5.233,
        0.479,
        2,
        5.733,
        0.479,
        0,
        6,
        1.52,
        0,
        6.1,
        1.258,
        2,
        6.233,
        1.258,
        2,
        6.333,
        1.258,
        2,
        6.867,
        1.258,
        2,
        7,
        1.258,
        1,
        7.133,
        1.258,
        7.267,
        1.007,
        7.4,
        0.586,
        1,
        7.489,
        0.305,
        7.578,
        0.2,
        7.667,
        0.2
      ]
    },
    {
      "Target": "Parameter",
      "Id": "PARAM_ARM_L",
      "Segments": [
        0,
        -1,
        0,
        0.4,
        4.729,
        0,
        0.6,
        3.442,
        2,
        0.733,
        3.442,
        2,
        1.833,
        3.442,
        0,
        2.2,
        5.196,
        2,
        2.3,
        5.196,
        2,
        2.867,
        5.196,
        0,
        3.3,
        5.088,
        2,
        3.8,
        5.088,
        0,
        4.1,
        5.196,
        0,
        4.433,
        3.333,
        1,
        4.6,
        3.333,
        4.766,
        3.599,
        4.933,
        3.827,
        1,
        5.033,
        3.964,
        5.133,
        3.963,
        5.233,
        3.963,
        1,
        5.4,
        3.963,
        5.566,
        3.964,
        5.733,
        3.837,
        1,
        5.822,
        3.769,
        5.911,
        1.043,
        6,
        1.043,
        0,
        6.1,
        1.439,
        2,
        6.233,
        1.439,
        2,
        6.333,
        1.439,
        2,
        6.867,
        1.439,
        2,
        7,
        1.439,
        0,
        7.4,
        -1,
        2,
        7.667,
        -1
      ]
    },
    {
      "Target": "Parameter",
      "Id": "PARAM_ARM_L_TOUSHI2",
      "Segments": [
        0,
        0,
        0,
        0.4,
        0.438,
        2,
        0.6,
        0.438,
        2,
        0.733,
        0.438,
        2,
        1.833,
        0.438,
        0,
        2.2,
        0.403,
        2,
        2.3,
        0.403,
        2,
        2.867,
        0.403,
        2,
        4.1,
        0.403,
        1,
        4.3,
        0.403,
        4.5,
        0.413,
        4.7,
        0.472,
        1,
        4.778,
        0.495,
        4.855,
        0.584,
        4.933,
        0.584,
        2,
        5.233,
        0.584,
        2,
        5.733,
        0.584,
        0,
        6,
        0.423,
        2,
        6.1,
        0.423,
        2,
        6.233,
        0.423,
        2,
        6.333,
        0.423,
        2,
        6.867,
        0.423,
        2,
        7,
        0.423,
        0,
        7.4,
        0,
        2,
        7.667,
        0
      ]
    },
    {
      "Target": "Parameter",
      "Id": "PARAM_TOUSHI_L",
      "Segments": [
        0,
        0,
        0,
        0.4,
        0.8,
        2,
        0.6,
        0.8,
        2,
        0.733,
        0.8,
        2,
        1.833,
        0.8,
        0,
        2.2,
        1,
        2,
        2.3,
        1,
        2,
        2.867,
        1,
        2,
        4.1,
        1,
        0,
        4.7,
        0.783,
        2,
        4.933,
        0.783,
        2,
        5.233,
        0.783,
        2,
        5.733,
        0.783,
        0,
        6,
        0.859,
        2,
        6.1,
        0.859,
        2,
        6.233,
        0.859,
        2,
        6.333,
        0.859,
        2,
        6.867,
        0.859,
        2,
        7,
        0.859,
        0,
        7.4,
        0,
        2,
        7.667,
        0
      ]
    },
    {
      "Target": "Parameter",
      "Id": "PARAM_ARM_L_02",
      "Segments": [
        0,
        0.951,
        1,
        0.1,
        0.951,
        0.2,
        0.958,
        0.3,
        0.9,
        1,
        0.378,
        0.855,
        0.455,
        0.318,
        0.533,
        0.318,
        1,
        0.6,
        0.318,
        0.666,
        0.347,
        0.733,
        0.418,
        1,
        0.811,
        0.502,
        0.889,
        0.551,
        0.967,
        0.551,
        0,
        1.1,
        0.418,
        0,
        1.267,
        0.551,
        0,
        1.467,
        0.418,
        0,
        1.667,
        0.551,
        0,
        1.833,
        0.306,
        0,
        2.033,
        0.76,
        0,
        2.2,
        0.096,
        2,
        2.3,
        0.096,
        2,
        2.867,
        0.096,
        2,
        4.1,
        0.096,
        1,
        4.156,
        0.096,
        4.211,
        0.093,
        4.267,
        0.1,
        1,
        4.345,
        0.109,
        4.422,
        0.9,
        4.5,
        0.9,
        0,
        4.933,
        0.456,
        2,
        5.233,
        0.456,
        0,
        5.733,
        0.268,
        0,
        6.1,
        1,
        2,
        6.233,
        1,
        2,
        6.333,
        1,
        2,
        6.867,
        1,
        0,
        7.2,
        0.45,
        0,
        7.467,
        1,
        0,
        7.667,
        0.951
      ]
    },
    {
      "Target": "Parameter",
      "Id": "PARAM_HAND_L",
      "Segments": [
        0,
        0,
        2,
        0.167,
        0,
        0,
        0.2,
        0.5,
        2,
        0.6,
        0.5,
        2,
        0.733,
        0.5,
        2,
        1.833,
        0.5,
        2,
        1.933,
        0.5,
        2,
        1.967,
        0.5,
        2,
        2.2,
        0.5,
        2,
        2.3,
        0.5,
        2,
        2.867,
        0.5,
        2,
        4.1,
        0.5,
        2,
        4.4,
        0.5,
        2,
        4.433,
        0.5,
        2,
        4.7,
        0.5,
        2,
        4.933,
        0.5,
        2,
        5.233,
        0.5,
        2,
        5.733,
        0.5,
        2,
        6,
        0.5,
        2,
        6.1,
        0.5,
        2,
        6.233,
        0.5,
        2,
        6.333,
        0.5,
        2,
        6.867,
        0.5,
        2,
        7,
        0.5,
        2,
        7.2,
        0.5,
        0,
        7.233,
        0,
        2,
        7.4,
        0,
        2,
        7.667,
        0
      ]
    },
    {
      "Target": "Parameter",
      "Id": "PARAM_HAND_L2",
      "Segments": [
        0,
        0,
        2,
        0.167,
        0,
        2,
        0.2,
        1,
        2,
        0.6,
        1,
        2,
        0.733,
        1,
        2,
        1.833,
        1,
        2,
        1.933,
        1,
        2,
        1.967,
        0,
        2,
        2.2,
        0,
        2,
        2.3,
        0,
        2,
        2.867,
        0,
        2,
        4.1,
        0,
        2,
        4.4,
        0,
        2,
        4.433,
        1,
        2,
        4.7,
        1,
        2,
        4.933,
        1,
        2,
        5.233,
        1,
        2,
        5.733,
        1,
        2,
        6,
        1,
        2,
        6.1,
        1,
        2,
        6.233,
        1,
        2,
        6.333,
        1,
        2,
        6.867,
        1,
        2,
        7,
        1,
        2,
        7.2,
        1,
        2,
        7.233,
        0,
        2,
        7.4,
        0,
        2,
        7.667,
        0
      ]
    },
    {
      "Target": "Parameter",
      "Id": "PARAM_HAND_L_02",
      "Segments": [
        0,
        0,
        2,
        0.167,
        0,
        0,
        0.2,
        -1,
        2,
        0.6,
        -1,
        2,
        0.733,
        -1,
        2,
        1.833,
        -1,
        2,
        1.933,
        -1,
        2,
        1.967,
        -1,
        2,
        2.2,
        -1,
        2,
        2.3,
        -1,
        2,
        2.5,
        -1,
        0,
        2.667,
        -0.383,
        0,
        3.067,
        -1,
        0,
        3.3,
        0,
        0,
        3.567,
        -1,
        0,
        3.8,
        0,
        0,
        4.1,
        -1,
        2,
        4.4,
        -1,
        2,
        4.433,
        -1,
        2,
        4.7,
        -1,
        2,
        4.933,
        -1,
        2,
        5.233,
        -1,
        2,
        5.733,
        -1,
        2,
        6,
        -1,
        2,
        6.1,
        -1,
        2,
        6.233,
        -1,
        2,
        6.333,
        -1,
        2,
        6.867,
        -1,
        2,
        7,
        -1,
        0,
        7.4,
        0,
        2,
        7.667,
        0
      ]
    },
    {
      "Target": "Parameter",
      "Id": "PARAM_HAND_L_LEVEL",
      "Segments": [
        0,
        0,
        2,
        0.033,
        1,
        2,
        0.167,
        1,
        2,
        0.6,
        1,
        2,
        0.733,
        1,
        2,
        1.833,
        1,
        2,
        2.2,
        1,
        2,
        2.3,
        1,
        2,
        2.867,
        1,
        2,
        4.1,
        1,
        2,
        4.7,
        1,
        2,
        4.933,
        1,
        2,
        5.233,
        1,
        2,
        5.733,
        1,
        0,
        6,
        0.555,
        2,
        6.1,
        0.555,
        2,
        6.233,
        0.555,
        2,
        6.333,
        0.555,
        2,
        6.867,
        0.555,
        2,
        7,
        0.555,
        0,
        7.4,
        1,
        0,
        7.667,
        0
      ]
    },
    {
      "Target": "Parameter",
      "Id": "PARAM_RIGHT_ARM_TAI",
      "Segments": [
        0,
        0.5,
        0,
        0.733,
        0.8,
        2,
        1.833,
        0.8,
        0,
        2.2,
        0.5,
        2,
        2.3,
        0.5,
        2,
        2.5,
        0.5,
        2,
        2.867,
        0.5,
        2,
        4.1,
        0.5,
        0,
        4.567,
        0.7,
        2,
        5,
        0.7,
        2,
        5.233,
        0.7,
        0,
        5.733,
        0.5,
        2,
        5.933,
        0.5,
        2,
        6.067,
        0.5,
        2,
        6.233,
        0.5,
        2,
        6.333,
        0.5,
        2,
        6.867,
        0.5,
        2,
        7.467,
        0.5,
        2,
        7.667,
        0.5
      ]
    },
    {
      "Target": "Parameter",
      "Id": "PARAM_RIGHT_ARM",
      "Segments": [
        0,
        0.643,
        2,
        0.167,
        0.643,
        0,
        0.4,
        0.752,
        0,
        0.667,
        0.323,
        2,
        0.733,
        0.323,
        0,
        0.9,
        0.017,
        0,
        1.033,
        0.323,
        0,
        1.2,
        0.017,
        0,
        1.4,
        0.323,
        0,
        1.6,
        0.017,
        0,
        1.833,
        0.323,
        2,
        1.967,
        0.323,
        0,
        2.1,
        0.097,
        2,
        2.233,
        0.097,
        2,
        2.3,
        0.097,
        0,
        2.5,
        0.218,
        0,
        2.667,
        0.121,
        0,
        2.867,
        0.291,
        0,
        3.067,
        0.121,
        0,
        3.3,
        0.198,
        0,
        3.567,
        0.121,
        0,
        3.8,
        0.198,
        0,
        4.1,
        0.121,
        0,
        4.767,
        0.593,
        2,
        5,
        0.593,
        2,
        5.233,
        0.593,
        2,
        5.733,
        0.593,
        0,
        5.933,
        -0.763,
        0,
        6.067,
        0.15,
        0,
        6.233,
        0.012,
        2,
        6.333,
        0.012,
        2,
        6.867,
        0.012,
        0,
        7.467,
        0.643,
        2,
        7.667,
        0.643
      ]
    },
    {
      "Target": "Parameter",
      "Id": "PARAM_ARM_R",
      "Segments": [
        0,
        4.557,
        2,
        0.167,
        4.557,
        0,
        0.4,
        5.1,
        0,
        0.667,
        3.948,
        2,
        0.733,
        3.948,
        2,
        1.833,
        3.948,
        0,
        1.967,
        4.271,
        1,
        2.056,
        4.271,
        2.144,
        3.757,
        2.233,
        3.136,
        1,
        2.255,
        2.981,
        2.278,
        3,
        2.3,
        3,
        0,
        2.5,
        3.549,
        0,
        2.667,
        2.587,
        0,
        2.867,
        3.349,
        0,
        3.067,
        2.587,
        0,
        3.3,
        3.349,
        0,
        3.567,
        2.587,
        0,
        3.8,
        3.349,
        0,
        4.1,
        2.587,
        1,
        4.322,
        2.587,
        4.545,
        3.652,
        4.767,
        4.052,
        1,
        4.845,
        4.191,
        4.922,
        4.181,
        5,
        4.208,
        1,
        5.078,
        4.235,
        5.155,
        4.236,
        5.233,
        4.236,
        0,
        5.733,
        4.14,
        0,
        5.933,
        5.852,
        0,
        6.067,
        4.641,
        2,
        6.233,
        4.641,
        2,
        6.333,
        4.641,
        2,
        6.867,
        4.641,
        0,
        7.233,
        5.369,
        0,
        7.467,
        4.557,
        2,
        7.667,
        4.557
      ]
    },
    {
      "Target": "Parameter",
      "Id": "PARAM_ARM_R_TOUSHI2",
      "Segments": [
        0,
        0.3,
        2,
        0.167,
        0.3,
        0,
        0.4,
        0.587,
        2,
        0.667,
        0.587,
        2,
        0.733,
        0.587,
        2,
        1.833,
        0.587,
        2,
        1.967,
        0.587,
        0,
        2.1,
        0.4,
        2,
        2.233,
        0.4,
        2,
        2.3,
        0.4,
        2,
        2.5,
        0.4,
        2,
        2.867,
        0.4,
        2,
        4.1,
        0.4,
        1,
        4.256,
        0.4,
        4.411,
        0.588,
        4.567,
        0.653,
        1,
        4.711,
        0.714,
        4.856,
        0.708,
        5,
        0.708,
        2,
        5.233,
        0.708,
        0,
        5.733,
        0.705,
        2,
        5.933,
        0.705,
        0,
        6.067,
        0.3,
        2,
        6.233,
        0.3,
        2,
        6.333,
        0.3,
        2,
        6.867,
        0.3,
        2,
        7.233,
        0.3,
        2,
        7.467,
        0.3,
        2,
        7.667,
        0.3
      ]
    },
    {
      "Target": "Parameter",
      "Id": "PARAM_TOUSHI_R",
      "Segments": [
        0,
        0.7,
        2,
        0.167,
        0.7,
        0,
        0.4,
        0.5,
        2,
        0.667,
        0.5,
        2,
        0.733,
        0.5,
        2,
        1.833,
        0.5,
        2,
        1.967,
        0.5,
        0,
        2.1,
        1,
        2,
        2.233,
        1,
        2,
        2.3,
        1,
        2,
        2.5,
        1,
        2,
        2.867,
        1,
        2,
        4.1,
        1,
        0,
        4.567,
        0.645,
        2,
        5,
        0.645,
        2,
        5.233,
        0.645,
        2,
        5.733,
        0.645,
        2,
        5.933,
        0.645,
        0,
        6.067,
        0.38,
        0,
        6.233,
        0.9,
        2,
        6.333,
        0.9,
        2,
        6.867,
        0.9,
        0,
        7.233,
        0.38,
        0,
        7.467,
        0.7,
        2,
        7.667,
        0.7
      ]
    },
    {
      "Target": "Parameter",
      "Id": "PARAM_ARM_R_02",
      "Segments": [
        0,
        0.847,
        0,
        0.3,
        1,
        0,
        0.533,
        0,
        1,
        0.6,
        0,
        0.666,
        0.002,
        0.733,
        0.1,
        1,
        0.811,
        0.214,
        0.889,
        0.386,
        0.967,
        0.386,
        0,
        1.1,
        0.1,
        0,
        1.267,
        0.386,
        0,
        1.467,
        0.1,
        0,
        1.667,
        0.386,
        0,
        1.833,
        0.1,
        0,
        1.9,
        0.8,
        0,
        2.067,
        -0.151,
        1,
        2.111,
        -0.151,
        2.156,
        -0.102,
        2.2,
        0.112,
        1,
        2.233,
        0.272,
        2.267,
        0.452,
        2.3,
        0.452,
        0,
        2.5,
        -0.1,
        0,
        2.767,
        0.452,
        0,
        2.967,
        -0.1,
        0,
        3.167,
        0.452,
        0,
        3.4,
        -0.1,
        0,
        3.667,
        0.452,
        0,
        3.9,
        -0.1,
        1,
        3.967,
        -0.1,
        4.033,
        0.005,
        4.1,
        0.31,
        1,
        4.156,
        0.563,
        4.211,
        0.75,
        4.267,
        0.75,
        0,
        4.567,
        0.5,
        0,
        4.8,
        0.609,
        0,
        5,
        0.078,
        2,
        5.233,
        0.078,
        0,
        5.733,
        0,
        0,
        5.9,
        0.8,
        0,
        6.067,
        -0.151,
        1,
        6.089,
        -0.151,
        6.111,
        0.296,
        6.133,
        0.31,
        1,
        6.2,
        0.351,
        6.266,
        0.356,
        6.333,
        0.356,
        2,
        6.867,
        0.356,
        0,
        7.167,
        0.9,
        0,
        7.4,
        0.1,
        0,
        7.667,
        0.847
      ]
    },
    {
      "Target": "Parameter",
      "Id": "PARAM_HAND_R",
      "Segments": [
        0,
        0,
        2,
        0.167,
        0,
        2,
        0.4,
        0,
        0,
        0.433,
        0.5,
        2,
        0.733,
        0.5,
        2,
        1.833,
        0.5,
        2,
        2.1,
        0.5,
        2,
        2.233,
        0.5,
        2,
        2.3,
        0.5,
        2,
        2.5,
        0.5,
        2,
        2.867,
        0.5,
        2,
        4.1,
        0.5,
        2,
        4.567,
        0.5,
        2,
        5,
        0.5,
        2,
        5.233,
        0.5,
        2,
        5.733,
        0.5,
        2,
        5.933,
        0.5,
        2,
        6,
        0.5,
        2,
        6.033,
        0.5,
        2,
        6.233,
        0.5,
        2,
        6.333,
        0.5,
        2,
        6.867,
        0.5,
        2,
        7.2,
        0.5,
        0,
        7.233,
        0,
        2,
        7.467,
        0,
        2,
        7.667,
        0
      ]
    },
    {
      "Target": "Parameter",
      "Id": "PARAM_HAND_R2",
      "Segments": [
        0,
        0,
        2,
        0.167,
        0,
        2,
        0.4,
        0,
        2,
        0.433,
        1,
        2,
        0.733,
        1,
        2,
        1.833,
        1,
        2,
        2.1,
        1,
        2,
        2.233,
        1,
        2,
        2.3,
        1,
        2,
        2.5,
        1,
        2,
        2.867,
        1,
        2,
        4.1,
        1,
        2,
        4.567,
        1,
        2,
        5,
        1,
        2,
        5.233,
        1,
        2,
        5.733,
        1,
        2,
        5.933,
        1,
        2,
        6,
        1,
        2,
        6.033,
        0,
        2,
        6.233,
        0,
        2,
        6.333,
        0,
        2,
        6.867,
        0,
        2,
        7.2,
        0,
        2,
        7.233,
        0,
        2,
        7.467,
        0,
        2,
        7.667,
        0
      ]
    },
    {
      "Target": "Parameter",
      "Id": "PARAM_HAND_R_02",
      "Segments": [
        0,
        1,
        2,
        0.167,
        1,
        2,
        0.4,
        1,
        2,
        0.433,
        -1,
        2,
        0.733,
        -1,
        2,
        1.833,
        -1,
        0,
        2.1,
        -0.226,
        2,
        2.233,
        -0.226,
        2,
        2.3,
        -0.226,
        0,
        2.5,
        -0.788,
        0,
        2.767,
        -0.226,
        0,
        2.967,
        -0.788,
        0,
        3.167,
        -0.226,
        0,
        3.4,
        -0.788,
        0,
        3.667,
        -0.226,
        0,
        3.9,
        -0.788,
        0,
        4.1,
        -0.371,
        0,
        4.567,
        -1,
        2,
        5,
        -1,
        2,
        5.233,
        -1,
        2,
        5.733,
        -1,
        2,
        5.933,
        -1,
        2,
        6,
        -1,
        0,
        6.033,
        -0.676,
        2,
        6.233,
        -0.676,
        2,
        6.333,
        -0.676,
        0,
        6.5,
        1,
        0,
        6.7,
        -1,
        0,
        6.867,
        1,
        0,
        7.2,
        -0.676,
        2,
        7.233,
        1,
        2,
        7.467,
        1,
        2,
        7.667,
        1
      ]
    },
    {
      "Target": "Parameter",
      "Id": "PARAM_HAND_R_LEVEL",
      "Segments": [
        0,
        1,
        0,
        0.733,
        0.5,
        2,
        1.833,
        0.5,
        0,
        2.1,
        1,
        2,
        2.233,
        1,
        2,
        2.3,
        1,
        2,
        2.5,
        1,
        2,
        2.867,
        1,
        2,
        4.1,
        1,
        0,
        4.567,
        0.5,
        2,
        5,
        0.5,
        2,
        5.233,
        0.5,
        2,
        5.733,
        0.5,
        2,
        5.933,
        0.5,
        0,
        6.067,
        1,
        2,
        6.233,
        1,
        2,
        6.333,
        1,
        2,
        6.867,
        1,
        2,
        7.233,
        1,
        2,
        7.467,
        1,
        2,
        7.667,
        1
      ]
    },
    {
      "Target": "Parameter",
      "Id": "PARAM_JITA_MOVE_X",
      "Segments": [
        0,
        0,
        2,
        0.733,
        0,
        2,
        1.833,
        0,
        0,
        2.2,
        0.8,
        2,
        2.3,
        0.8,
        1,
        2.489,
        0.8,
        2.678,
        1.158,
        2.867,
        1.2,
        1,
        3.278,
        1.292,
        3.689,
        1.3,
        4.1,
        1.3,
        0,
        4.8,
        0,
        2,
        5.733,
        0,
        2,
        6.1,
        0,
        2,
        6.233,
        0,
        2,
        6.333,
        0,
        2,
        6.867,
        0,
        2,
        7.667,
        0
      ]
    },
    {
      "Target": "Parameter",
      "Id": "PARAM_JITA_MOVE_Y",
      "Segments": [
        0,
        0,
        2,
        0.733,
        0,
        2,
        1.833,
        0,
        0,
        2.2,
        2.485,
        2,
        2.3,
        2.485,
        0,
        2.867,
        2.605,
        2,
        4.1,
        2.605,
        0,
        4.8,
        0,
        2,
        5.733,
        0,
        2,
        6.1,
        0,
        2,
        6.233,
        0,
        2,
        6.333,
        0,
        2,
        6.867,
        0,
        2,
        7.667,
        0
      ]
    },
    {
      "Target": "Parameter",
      "Id": "PARAM_JITA_Z",
      "Segments": [
        0,
        0,
        2,
        0.733,
        0,
        2,
        1.833,
        0,
        0,
        2.2,
        0.15,
        2,
        2.3,
        0.15,
        2,
        2.867,
        0.15,
        2,
        4.1,
        0.15,
        0,
        4.8,
        0,
        2,
        5.733,
        0,
        2,
        6.1,
        0,
        2,
        6.233,
        0,
        2,
        6.333,
        0,
        2,
        6.867,
        0,
        2,
        7.667,
        0
      ]
    },
    {
      "Target": "Parameter",
      "Id": "PARAM_JITA_X",
      "Segments": [
        0,
        0,
        2,
        0.733,
        0,
        2,
        1.833,
        0,
        0,
        2.2,
        0.3,
        2,
        2.3,
        0.3,
        2,
        2.867,
        0.3,
        2,
        4.1,
        0.3,
        0,
        4.8,
        0,
        2,
        5.733,
        0,
        2,
        6.1,
        0,
        2,
        6.233,
        0,
        2,
        6.333,
        0,
        2,
        6.867,
        0,
        2,
        7.667,
        0
      ]
    },
    {
      "Target": "Parameter",
      "Id": "PARAM_EYE_L_OPEN",
      "Segments": [
        0,
        1,
        0,
        0.167,
        0,
        0,
        0.4,
        1,
        2,
        0.733,
        1,
        2,
        1.833,
        1,
        0,
        2,
        0,
        0,
        2.067,
        1,
        2,
        2.2,
        1,
        2,
        2.3,
        1,
        2,
        2.867,
        1,
        2,
        3.167,
        1,
        0,
        3.3,
        0,
        0,
        3.4,
        1,
        2,
        3.667,
        1,
        0,
        3.8,
        0,
        0,
        3.9,
        1,
        2,
        4.1,
        1,
        0,
        4.2,
        0,
        2,
        4.8,
        0,
        2,
        5.733,
        0,
        2,
        6,
        0,
        0,
        6.133,
        1,
        2,
        6.167,
        0,
        2,
        6.233,
        0,
        2,
        6.333,
        0,
        2,
        6.867,
        0,
        2,
        7.067,
        0,
        0,
        7.3,
        1,
        2,
        7.667,
        1
      ]
    },
    {
      "Target": "Parameter",
      "Id": "PARAM_EYE_L_FORM",
      "Segments": [
        0,
        0.5,
        2,
        0.167,
        0.5,
        2,
        0.4,
        0.5,
        2,
        0.733,
        0.5,
        2,
        1.833,
        0.5,
        2,
        2.067,
        0.5,
        2,
        2.2,
        0.5,
        2,
        2.3,
        0.5,
        2,
        2.867,
        0.5,
        2,
        3.167,
        0.5,
        2,
        3.3,
        0.5,
        2,
        3.4,
        0.5,
        2,
        3.667,
        0.5,
        2,
        3.8,
        0.5,
        2,
        3.9,
        0.5,
        2,
        4.1,
        0.5,
        2,
        4.2,
        0.5,
        2,
        4.8,
        0.5,
        2,
        5.733,
        0.5,
        2,
        6,
        0.5,
        2,
        6.133,
        0.5,
        0,
        6.167,
        0,
        2,
        6.233,
        0,
        2,
        6.333,
        0,
        2,
        6.867,
        0,
        0,
        7.067,
        0.5,
        2,
        7.3,
        0.5,
        2,
        7.667,
        0.5
      ]
    },
    {
      "Target": "Parameter",
      "Id": "PARAM_EYE_R_OPEN",
      "Segments": [
        0,
        1,
        0,
        0.167,
        0,
        0,
        0.4,
        1,
        2,
        0.733,
        1,
        2,
        1.833,
        1,
        0,
        2,
        0,
        0,
        2.067,
        1,
        2,
        2.2,
        1,
        2,
        2.3,
        1,
        2,
        2.867,
        1,
        2,
        3.167,
        1,
        0,
        3.3,
        0,
        0,
        3.4,
        1,
        2,
        3.667,
        1,
        0,
        3.8,
        0,
        0,
        3.9,
        1,
        2,
        4.1,
        1,
        0,
        4.2,
        0,
        2,
        4.8,
        0,
        2,
        5.733,
        0,
        2,
        6,
        0,
        0,
        6.133,
        1,
        2,
        6.167,
        1,
        2,
        6.233,
        1,
        2,
        6.333,
        1,
        2,
        6.867,
        1,
        0,
        7.067,
        0,
        0,
        7.3,
        1,
        2,
        7.667,
        1
      ]
    },
    {
      "Target": "Parameter",
      "Id": "PARAM_EYE_BALL_X",
      "Segments": [
        0,
        0,
        2,
        0.167,
        0,
        0,
        0.4,
        -0.28,
        2,
        0.733,
        -0.28,
        2,
        1.833,
        -0.28,
        0,
        2.2,
        0.3,
        2,
        2.3,
        0.3,
        2,
        2.867,
        0.3,
        2,
        4.1,
        0.3,
        0,
        4.8,
        -0.3,
        2,
        5.733,
        -0.3,
        1,
        5.855,
        -0.3,
        5.978,
        -0.356,
        6.1,
        -0.5,
        1,
        6.144,
        -0.552,
        6.189,
        -0.6,
        6.233,
        -0.6,
        1,
        6.266,
        -0.6,
        6.3,
        0.27,
        6.333,
        0.313,
        1,
        6.511,
        0.537,
        6.689,
        0.6,
        6.867,
        0.6,
        2,
        7.067,
        0.6,
        0,
        7.3,
        0,
        2,
        7.667,
        0
      ]
    },
    {
      "Target": "Parameter",
      "Id": "PARAM_EYE_BALL_Y",
      "Segments": [
        0,
        0,
        2,
        0.167,
        0,
        0,
        0.4,
        -0.2,
        2,
        0.733,
        -0.2,
        2,
        1.833,
        -0.2,
        0,
        2.2,
        -0.5,
        2,
        2.3,
        -0.5,
        2,
        2.867,
        -0.5,
        2,
        4.1,
        -0.5,
        0,
        4.8,
        0,
        2,
        5.733,
        0,
        0,
        6.1,
        -0.4,
        2,
        6.233,
        -0.4,
        2,
        6.333,
        -0.4,
        2,
        6.867,
        -0.4,
        2,
        7.067,
        -0.4,
        0,
        7.3,
        0,
        2,
        7.667,
        0
      ]
    },
    {
      "Target": "Parameter",
      "Id": "PARAM_EYE_BALL_KIRAKIRA",
      "Segments": [
        0,
        0,
        2,
        0.733,
        0,
        2,
        1.833,
        0,
        2,
        2,
        0,
        0,
        2.067,
        1,
        2,
        2.2,
        1,
        2,
        4.1,
        1,
        2,
        4.2,
        1,
        0,
        4.267,
        0,
        2,
        4.8,
        0,
        2,
        5.733,
        0,
        2,
        6.1,
        0,
        2,
        6.233,
        0,
        2,
        6.333,
        0,
        2,
        6.867,
        0,
        2,
        7.667,
        0
      ]
    },
    {
      "Target": "Parameter",
      "Id": "PARAM_EYE_kira_R1",
      "Segments": [
        0,
        1,
        2,
        0.733,
        1,
        2,
        1.833,
        1,
        2,
        2.2,
        1,
        0,
        2.3,
        0,
        2,
        2.867,
        0,
        2,
        4.1,
        0,
        2,
        4.8,
        0,
        0,
        5.733,
        1,
        2,
        6.1,
        1,
        2,
        6.233,
        1,
        2,
        6.333,
        1,
        2,
        6.867,
        1,
        2,
        7.667,
        1
      ]
    },
    {
      "Target": "Parameter",
      "Id": "PARAM_EYE_kira_R2",
      "Segments": [
        0,
        0.5,
        2,
        0.733,
        0.5,
        2,
        1.833,
        0.5,
        2,
        2.2,
        0.5,
        0,
        2.3,
        0,
        0,
        2.5,
        1,
        0,
        2.667,
        0,
        0,
        2.867,
        1,
        0,
        3.067,
        0,
        0,
        3.3,
        1,
        0,
        3.567,
        0,
        0,
        3.8,
        1,
        0,
        4.1,
        0.5,
        2,
        4.8,
        0.5,
        2,
        5.733,
        0.5,
        2,
        6.1,
        0.5,
        2,
        6.233,
        0.5,
        2,
        6.333,
        0.5,
        2,
        6.867,
        0.5,
        2,
        7.667,
        0.5
      ]
    },
    {
      "Target": "Parameter",
      "Id": "PARAM_EYE_kira_L1",
      "Segments": [
        0,
        1,
        2,
        0.733,
        1,
        2,
        1.833,
        1,
        2,
        2.2,
        1,
        0,
        2.3,
        0,
        2,
        2.867,
        0,
        2,
        4.1,
        0,
        2,
        4.8,
        0,
        0,
        5.733,
        1,
        2,
        6.1,
        1,
        2,
        6.233,
        1,
        2,
        6.333,
        1,
        2,
        6.867,
        1,
        2,
        7.667,
        1
      ]
    },
    {
      "Target": "Parameter",
      "Id": "PARAM_EYE_kira_L2",
      "Segments": [
        0,
        0.5,
        2,
        0.733,
        0.5,
        2,
        1.833,
        0.5,
        2,
        2.2,
        0.5,
        0,
        2.3,
        1,
        0,
        2.5,
        0,
        0,
        2.667,
        1,
        0,
        2.867,
        0,
        0,
        3.067,
        1,
        0,
        3.3,
        0,
        0,
        3.567,
        1,
        0,
        3.8,
        0,
        0,
        4.1,
        0.5,
        2,
        4.8,
        0.5,
        2,
        5.733,
        0.5,
        2,
        6.1,
        0.5,
        2,
        6.233,
        0.5,
        2,
        6.333,
        0.5,
        2,
        6.867,
        0.5,
        2,
        7.667,
        0.5
      ]
    },
    {
      "Target": "Parameter",
      "Id": "PARAM_BROW_L_X",
      "Segments": [
        0,
        0,
        0,
        0.733,
        0.407,
        2,
        1.833,
        0.407,
        0,
        2.2,
        0,
        2,
        2.3,
        0,
        2,
        2.867,
        0,
        2,
        3.167,
        0,
        2,
        3.4,
        0,
        2,
        3.667,
        0,
        2,
        3.9,
        0,
        2,
        4.1,
        0,
        0,
        4.8,
        0.407,
        2,
        5.733,
        0.407,
        2,
        6,
        0.407,
        0,
        6.133,
        0,
        2,
        6.233,
        0,
        2,
        6.333,
        0,
        2,
        6.867,
        0,
        2,
        7.3,
        0,
        2,
        7.667,
        0
      ]
    },
    {
      "Target": "Parameter",
      "Id": "PARAM_BROW_L_Y",
      "Segments": [
        0,
        0,
        0,
        0.167,
        -1,
        0,
        0.4,
        0,
        2,
        0.733,
        0,
        2,
        1.833,
        0,
        0,
        2,
        -1,
        0,
        2.067,
        0,
        2,
        2.2,
        0,
        2,
        2.3,
        0,
        2,
        2.867,
        0,
        2,
        3.167,
        0,
        0,
        3.3,
        -1,
        0,
        3.4,
        0,
        2,
        3.667,
        0,
        0,
        3.8,
        -1,
        0,
        3.9,
        0,
        2,
        4.1,
        0,
        0,
        4.2,
        -1,
        2,
        4.8,
        -1,
        0,
        5.733,
        -0.6,
        2,
        6,
        -0.6,
        0,
        6.133,
        0,
        0,
        6.167,
        -1,
        2,
        6.233,
        -1,
        2,
        6.333,
        -1,
        2,
        6.867,
        -1,
        2,
        7.067,
        -1,
        0,
        7.3,
        0,
        2,
        7.667,
        0
      ]
    },
    {
      "Target": "Parameter",
      "Id": "PARAM_BROW_R_X",
      "Segments": [
        0,
        0,
        0,
        0.733,
        0.457,
        2,
        1.833,
        0.457,
        0,
        2.2,
        0,
        2,
        2.3,
        0,
        2,
        2.867,
        0,
        2,
        3.167,
        0,
        2,
        3.4,
        0,
        2,
        3.667,
        0,
        2,
        3.9,
        0,
        2,
        4.1,
        0,
        0,
        4.8,
        0.457,
        2,
        5.733,
        0.457,
        2,
        6,
        0.457,
        0,
        6.133,
        0,
        2,
        6.233,
        0,
        2,
        6.333,
        0,
        2,
        6.867,
        0,
        2,
        7.3,
        0,
        2,
        7.667,
        0
      ]
    },
    {
      "Target": "Parameter",
      "Id": "PARAM_BROW_R_Y",
      "Segments": [
        0,
        0,
        0,
        0.167,
        -1,
        0,
        0.4,
        0,
        2,
        0.733,
        0,
        2,
        1.833,
        0,
        0,
        2,
        -1,
        0,
        2.067,
        0,
        2,
        2.2,
        0,
        2,
        2.3,
        0,
        2,
        2.867,
        0,
        2,
        3.167,
        0,
        0,
        3.3,
        -1,
        0,
        3.4,
        0,
        2,
        3.667,
        0,
        0,
        3.8,
        -1,
        0,
        3.9,
        0,
        2,
        4.1,
        0,
        0,
        4.2,
        -1,
        2,
        4.8,
        -1,
        0,
        5.733,
        -0.6,
        2,
        6,
        -0.6,
        0,
        6.133,
        0,
        2,
        6.233,
        0,
        2,
        6.333,
        0,
        2,
        6.867,
        0,
        0,
        7.067,
        -1,
        0,
        7.3,
        0,
        2,
        7.667,
        0
      ]
    },
    {
      "Target": "Parameter",
      "Id": "PARAM_BROW_L_FORM",
      "Segments": [
        0,
        0.5,
        0,
        0.733,
        0.004,
        2,
        1.833,
        0.004,
        0,
        2.2,
        0.5,
        2,
        2.3,
        0.5,
        2,
        2.867,
        0.5,
        2,
        4.1,
        0.5,
        0,
        4.8,
        0.004,
        2,
        5.733,
        0.004,
        0,
        6.1,
        0.5,
        2,
        6.233,
        0.5,
        2,
        6.333,
        0.5,
        2,
        6.867,
        0.5,
        2,
        7.3,
        0.5,
        2,
        7.667,
        0.5
      ]
    },
    {
      "Target": "Parameter",
      "Id": "PARAM_BROW_R_FORM",
      "Segments": [
        0,
        0.5,
        0,
        0.733,
        0.004,
        2,
        1.833,
        0.004,
        0,
        2.2,
        0.5,
        2,
        2.3,
        0.5,
        2,
        2.867,
        0.5,
        2,
        4.1,
        0.5,
        0,
        4.8,
        0.004,
        2,
        5.733,
        0.004,
        0,
        6.1,
        0.5,
        2,
        6.233,
        0.5,
        2,
        6.333,
        0.5,
        2,
        6.867,
        0.5,
        2,
        7.3,
        0.5,
        2,
        7.667,
        0.5
      ]
    },
    {
      "Target": "Parameter",
      "Id": "PARAM_MOUTH_OPEN",
      "Segments": [
        0,
        0,
        0,
        0.733,
        2,
        2,
        1.833,
        2,
        2,
        2,
        2,
        0,
        2.2,
        0.6,
        0,
        2.3,
        2,
        2,
        2.867,
        2,
        2,
        4.1,
        2,
        0,
        4.6,
        0,
        2,
        4.8,
        0,
        2,
        5.733,
        0,
        2,
        6.1,
        0,
        2,
        6.233,
        0,
        0,
        6.333,
        2,
        2,
        6.867,
        2,
        0,
        7.667,
        0
      ]
    },
    {
      "Target": "Parameter",
      "Id": "PARAM_MOUTH_FORM",
      "Segments": [
        0,
        -0.6,
        0,
        0.733,
        -1,
        2,
        1.833,
        -1,
        2,
        2,
        -1,
        2,
        2.2,
        -1,
        2,
        2.3,
        -1,
        2,
        2.867,
        -1,
        2,
        4.1,
        -1,
        0,
        4.6,
        -0.8,
        2,
        4.8,
        -0.8,
        2,
        5.733,
        -0.8,
        0,
        6.1,
        -1,
        2,
        6.233,
        -1,
        2,
        6.333,
        -1,
        2,
        6.867,
        -1,
        0,
        7.667,
        -0.6
      ]
    },
    {
      "Target": "Parameter",
      "Id": "PARAM_MOUTH_WIDTH",
      "Segments": [
        0,
        1,
        0,
        0.733,
        0,
        2,
        1.833,
        0,
        2,
        2,
        0,
        0,
        2.2,
        1,
        2,
        2.3,
        1,
        2,
        2.867,
        1,
        2,
        4.1,
        1,
        0,
        4.6,
        0,
        2,
        4.8,
        0,
        2,
        5.733,
        0,
        0,
        6.1,
        1,
        2,
        6.233,
        1,
        2,
        6.333,
        1,
        2,
        6.867,
        1,
        2,
        7.667,
        1
      ]
    },
    {
      "Target": "Parameter",
      "Id": "PARAM_MOUTH_SIZE",
      "Segments": [
        0,
        -0.5,
        0,
        0.733,
        1,
        2,
        1.833,
        1,
        2,
        2,
        1,
        0,
        2.2,
        -0.5,
        2,
        2.3,
        -0.5,
        2,
        2.867,
        -0.5,
        2,
        4.1,
        -0.5,
        0,
        4.6,
        0,
        2,
        4.8,
        0,
        2,
        5.733,
        0,
        0,
        6.1,
        -0.5,
        2,
        6.233,
        -0.5,
        2,
        6.333,
        -0.5,
        2,
        6.867,
        -0.5,
        2,
        7.667,
        -0.5
      ]
    },
    {
      "Target": "Parameter",
      "Id": "PARAM_MOUTH_X",
      "Segments": [
        0,
        0,
        0,
        0.733,
        -0.066,
        2,
        1.833,
        -0.066,
        2,
        2,
        -0.066,
        0,
        2.2,
        0,
        2,
        2.3,
        0,
        2,
        2.867,
        0,
        2,
        4.1,
        0,
        2,
        4.6,
        0,
        2,
        4.8,
        0,
        2,
        5.733,
        0,
        2,
        6.1,
        0,
        2,
        6.233,
        0,
        2,
        6.333,
        0,
        2,
        6.867,
        0,
        2,
        7.667,
        0
      ]
    },
    {
      "Target": "Parameter",
      "Id": "PARAM_SHY",
      "Segments": [
        0,
        0,
        2,
        0.733,
        0,
        2,
        1.833,
        0,
        0,
        2.2,
        1,
        0,
        2.3,
        0,
        2,
        2.867,
        0,
        2,
        4.1,
        0,
        2,
        4.8,
        0,
        2,
        5.733,
        0,
        2,
        6.1,
        0,
        2,
        6.233,
        0,
        2,
        6.333,
        0,
        2,
        6.867,
        0,
        2,
        7.667,
        0
      ]
    },
    {
      "Target": "Parameter",
      "Id": "PARAM_TERE",
      "Segments": [
        0,
        0.8,
        0,
        0.733,
        1,
        2,
        1.833,
        1,
        2,
        2.2,
        1,
        0,
        2.3,
        0.8,
        2,
        2.867,
        0.8,
        2,
        4.1,
        0.8,
        0,
        4.8,
        0.6,
        2,
        5.733,
        0.6,
        2,
        6.1,
        0.6,
        2,
        6.233,
        0.6,
        2,
        6.333,
        0.6,
        2,
        6.867,
        0.6,
        0,
        7.667,
        0.8
      ]
    },
    {
      "Target": "Parameter",
      "Id": "PARAM_TERE2",
      "Segments": [
        0,
        0,
        0,
        0.733,
        0.2,
        2,
        1.833,
        0.2,
        0,
        2.2,
        0,
        2,
        2.3,
        0,
        2,
        2.867,
        0,
        2,
        4.1,
        0,
        2,
        4.8,
        0,
        2,
        5.733,
        0,
        2,
        6.1,
        0,
        2,
        6.233,
        0,
        2,
        6.333,
        0,
        2,
        6.867,
        0,
        2,
        7.667,
        0
      ]
    },
    {
      "Target": "PartOpacity",
      "Id": "PARTS_GUDIAN",
      "Segments": [
        0,
        1,
        2,
        0.73,
        1,
        2,
        1.83,
        1,
        2,
        2.2,
        1,
        2,
        2.3,
        1,
        2,
        2.87,
        1,
        2,
        4.1,
        1,
        2,
        4.8,
        1,
        2,
        5.73,
        1,
        2,
        6.1,
        1,
        2,
        6.23,
        1,
        2,
        6.33,
        1,
        2,
        6.87,
        1,
        2,
        7.67,
        1
      ]
    },
    {
      "Target": "PartOpacity",
      "Id": "PARTS_01_ARM_L_01",
      "Segments": [
        0,
        1,
        2,
        0.73,
        1,
        2,
        1.83,
        1,
        2,
        2.2,
        1,
        2,
        2.3,
        1,
        2,
        2.87,
        1,
        2,
        4.1,
        1,
        2,
        4.8,
        1,
        2,
        5.73,
        1,
        2,
        6.1,
        1,
        2,
        6.23,
        1,
        2,
        6.33,
        1,
        2,
        6.87,
        1,
        2,
        7.67,
        1
      ]
    },
    {
      "Target": "PartOpacity",
      "Id": "PARTS_01_ARM_R_01",
      "Segments": [
        0,
        1,
        2,
        0.73,
        1,
        2,
        1.83,
        1,
        2,
        2.2,
        1,
        2,
        2.3,
        1,
        2,
        2.87,
        1,
        2,
        4.1,
        1,
        2,
        4.8,
        1,
        2,
        5.73,
        1,
        2,
        6.1,
        1,
        2,
        6.23,
        1,
        2,
        6.33,
        1,
        2,
        6.87,
        1,
        2,
        7.67,
        1
      ]
    },
    {
      "Target": "PartOpacity",
      "Id": "PARTS_01_BODY",
      "Segments": [
        0,
        1,
        2,
        0.73,
        1,
        2,
        1.83,
        1,
        2,
        2.2,
        1,
        2,
        2.3,
        1,
        2,
        2.87,
        1,
        2,
        4.1,
        1,
        2,
        4.8,
        1,
        2,
        5.73,
        1,
        2,
        6.1,
        1,
        2,
        6.23,
        1,
        2,
        6.33,
        1,
        2,
        6.87,
        1,
        2,
        7.67,
        1
      ]
    },
    {
      "Target": "PartOpacity",
      "Id": "PARTS_01_NECK",
      "Segments": [
        0,
        1,
        2,
        0.73,
        1,
        2,
        1.83,
        1,
        2,
        2.2,
        1,
        2,
        2.3,
        1,
        2,
        2.87,
        1,
        2,
        4.1,
        1,
        2,
        4.8,
        1,
        2,
        5.73,
        1,
        2,
        6.1,
        1,
        2,
        6.23,
        1,
        2,
        6.33,
        1,
        2,
        6.87,
        1,
        2,
        7.67,
        1
      ]
    },
    {
      "Target": "PartOpacity",
      "Id": "PARTS_01_HAIR_BACK_001",
      "Segments": [
        0,
        1,
        2,
        0.73,
        1,
        2,
        1.83,
        1,
        2,
        2.2,
        1,
        2,
        2.3,
        1,
        2,
        2.87,
        1,
        2,
        4.1,
        1,
        2,
        4.8,
        1,
        2,
        5.73,
        1,
        2,
        6.1,
        1,
        2,
        6.23,
        1,
        2,
        6.33,
        1,
        2,
        6.87,
        1,
        2,
        7.67,
        1
      ]
    },
    {
      "Target": "PartOpacity",
      "Id": "PARTS_01_HAIR_SIDE_001",
      "Segments": [
        0,
        1,
        2,
        0.73,
        1,
        2,
        1.83,
        1,
        2,
        2.2,
        1,
        2,
        2.3,
        1,
        2,
        2.87,
        1,
        2,
        4.1,
        1,
        2,
        4.8,
        1,
        2,
        5.73,
        1,
        2,
        6.1,
        1,
        2,
        6.23,
        1,
        2,
        6.33,
        1,
        2,
        6.87,
        1,
        2,
        7.67,
        1
      ]
    },
    {
      "Target": "PartOpacity",
      "Id": "PARTS_01_HAIR_FRONT_001",
      "Segments": [
        0,
        1,
        2,
        0.73,
        1,
        2,
        1.83,
        1,
        2,
        2.2,
        1,
        2,
        2.3,
        1,
        2,
        2.87,
        1,
        2,
        4.1,
        1,
        2,
        4.8,
        1,
        2,
        5.73,
        1,
        2,
        6.1,
        1,
        2,
        6.23,
        1,
        2,
        6.33,
        1,
        2,
        6.87,
        1,
        2,
        7.67,
        1
      ]
    },
    {
      "Target": "PartOpacity",
      "Id": "PARTS_01_EAR_001",
      "Segments": [
        0,
        1,
        2,
        0.73,
        1,
        2,
        1.83,
        1,
        2,
        2.2,
        1,
        2,
        2.3,
        1,
        2,
        2.87,
        1,
        2,
        4.1,
        1,
        2,
        4.8,
        1,
        2,
        5.73,
        1,
        2,
        6.1,
        1,
        2,
        6.23,
        1,
        2,
        6.33,
        1,
        2,
        6.87,
        1,
        2,
        7.67,
        1
      ]
    },
    {
      "Target": "PartOpacity",
      "Id": "PARTS_01_NOSE_001",
      "Segments": [
        0,
        1,
        2,
        0.73,
        1,
        2,
        1.83,
        1,
        2,
        2.2,
        1,
        2,
        2.3,
        1,
        2,
        2.87,
        1,
        2,
        4.1,
        1,
        2,
        4.8,
        1,
        2,
        5.73,
        1,
        2,
        6.1,
        1,
        2,
        6.23,
        1,
        2,
        6.33,
        1,
        2,
        6.87,
        1,
        2,
        7.67,
        1
      ]
    },
    {
      "Target": "PartOpacity",
      "Id": "PARTS_01_MOUTH_001",
      "Segments": [
        0,
        1,
        2,
        0.73,
        1,
        2,
        1.83,
        1,
        2,
        2.2,
        1,
        2,
        2.3,
        1,
        2,
        2.87,
        1,
        2,
        4.1,
        1,
        2,
        4.8,
        1,
        2,
        5.73,
        1,
        2,
        6.1,
        1,
        2,
        6.23,
        1,
        2,
        6.33,
        1,
        2,
        6.87,
        1,
        2,
        7.67,
        1
      ]
    },
    {
      "Target": "PartOpacity",
      "Id": "PARTS_01_BROW_001",
      "Segments": [
        0,
        1,
        2,
        0.73,
        1,
        2,
        1.83,
        1,
        2,
        2.2,
        1,
        2,
        2.3,
        1,
        2,
        2.87,
        1,
        2,
        4.1,
        1,
        2,
        4.8,
        1,
        2,
        5.73,
        1,
        2,
        6.1,
        1,
        2,
        6.23,
        1,
        2,
        6.33,
        1,
        2,
        6.87,
        1,
        2,
        7.67,
        1
      ]
    },
    {
      "Target": "PartOpacity",
      "Id": "PARTS_01_EYE_BALL_001",
      "Segments": [
        0,
        1,
        2,
        0.73,
        1,
        2,
        1.83,
        1,
        2,
        2.2,
        1,
        2,
        2.3,
        1,
        2,
        2.87,
        1,
        2,
        4.1,
        1,
        2,
        4.8,
        1,
        2,
        5.73,
        1,
        2,
        6.1,
        1,
        2,
        6.23,
        1,
        2,
        6.33,
        1,
        2,
        6.87,
        1,
        2,
        7.67,
        1
      ]
    },
    {
      "Target": "PartOpacity",
      "Id": "PARTS_01_EYE_001",
      "Segments": [
        0,
        1,
        2,
        0.73,
        1,
        2,
        1.83,
        1,
        2,
        2.2,
        1,
        2,
        2.3,
        1,
        2,
        2.87,
        1,
        2,
        4.1,
        1,
        2,
        4.8,
        1,
        2,
        5.73,
        1,
        2,
        6.1,
        1,
        2,
        6.23,
        1,
        2,
        6.33,
        1,
        2,
        6.87,
        1,
        2,
        7.67,
        1
      ]
    },
    {
      "Target": "PartOpacity",
      "Id": "PARTS_01_FACE_001",
      "Segments": [
        0,
        1,
        2,
        0.73,
        1,
        2,
        1.83,
        1,
        2,
        2.2,
        1,
        2,
        2.3,
        1,
        2,
        2.87,
        1,
        2,
        4.1,
        1,
        2,
        4.8,
        1,
        2,
        5.73,
        1,
        2,
        6.1,
        1,
        2,
        6.23,
        1,
        2,
        6.33,
        1,
        2,
        6.87,
        1,
        2,
        7.67,
        1
      ]
    },
    {
      "Target": "PartOpacity",
      "Id": "ROUGH",
      "Segments": [
        0,
        1,
        2,
        0.73,
        1,
        2,
        1.83,
        1,
        2,
        2.2,
        1,
        2,
        2.3,
        1,
        2,
        2.87,
        1,
        2,
        4.1,
        1,
        2,
        4.8,
        1,
        2,
        5.73,
        1,
        2,
        6.1,
        1,
        2,
        6.23,
        1,
        2,
        6.33,
        1,
        2,
        6.87,
        1,
        2,
        7.67,
        1
      ]
    },
    {
      "Target": "Model",
      "Id": "Opacity",
      "Segments": [
        0,
        1,
        0,
        7.67,
        1
      ]
    },
    {
      "Target": "Parameter",
      "Id": "PARAM_TANGDIE",
      "Segments": [
        0,
        0,
        0,
        7.67,
        0
      ]
    },
    {
      "Target": "Parameter",
      "Id": "PARAM_YIFU",
      "Segments": [
        0,
        0,
        0,
        7.67,
        0
      ]
    },
    {
      "Target": "Parameter",
      "Id": "PARAM_CHICKEN",
      "Segments": [
        0,
        0,
        0,
        7.67,
        0
      ]
    },
    {
      "Target": "Parameter",
      "Id": "PARAM_CHICKEN_MOVE",
      "Segments": [
        0,
        0,
        0,
        7.67,
        0
      ]
    },
    {
      "Target": "Parameter",
      "Id": "PARAM_BANSHOU",
      "Segments": [
        0,
        0,
        0,
        7.67,
        0
      ]
    },
    {
      "Target": "Parameter",
      "Id": "PARAM_BANSHOU_MOVE",
      "Segments": [
        0,
        0,
        0,
        7.67,
        0
      ]
    },
    {
      "Target": "Parameter",
      "Id": "PARAM_BANSHOU_MOVE_01",
      "Segments": [
        0,
        0,
        0,
        7.67,
        0
      ]
    },
    {
      "Target": "Parameter",
      "Id": "PARAM_SHAOZI",
      "Segments": [
        0,
        0,
        0,
        7.67,
        0
      ]
    },
    {
      "Target": "Parameter",
      "Id": "PARAM_SHAOZI_MOVE",
      "Segments": [
        0,
        0,
        0,
        7.67,
        0
      ]
    },
    {
      "Target": "Parameter",
      "Id": "PARAM_SHAOZI_MOVE_01",
      "Segments": [
        0,
        0,
        0,
        7.67,
        0
      ]
    },
    {
      "Target": "Parameter",
      "Id": "PARAM_SOUP",
      "Segments": [
        0,
        0,
        0,
        7.67,
        0
      ]
    },
    {
      "Target": "Parameter",
      "Id": "PARAM_JITA_CHUXIAN",
      "Segments": [
        0,
        0,
        0,
        7.67,
        0
      ]
    },
    {
      "Target": "Parameter",
      "Id": "PARAM_JITA_LEVEL",
      "Segments": [
        0,
        0,
        0,
        7.67,
        0
      ]
    },
    {
      "Target": "Parameter",
      "Id": "PARAM_JITA_Y",
      "Segments": [
        0,
        0,
        0,
        7.67,
        0
      ]
    },
    {
      "Target": "Parameter",
      "Id": "PARAM_JINADAI_X",
      "Segments": [
        0,
        0,
        0,
        7.67,
        0
      ]
    },
    {
      "Target": "Parameter",
      "Id": "PARAM_JIANDAI_Y",
      "Segments": [
        0,
        0,
        0,
        7.67,
        0
      ]
    },
    {
      "Target": "Parameter",
      "Id": "PARAM_JIANDAI_BACK_X",
      "Segments": [
        0,
        0,
        0,
        7.67,
        0
      ]
    },
    {
      "Target": "Parameter",
      "Id": "PARAM_JIANDAI_BACK_Y",
      "Segments": [
        0,
        0,
        0,
        7.67,
        0
      ]
    },
    {
      "Target": "Parameter",
      "Id": "PARAM_EYE_R_FORM",
      "Segments": [
        0,
        0.5,
        0,
        7.67,
        0.5
      ]
    },
    {
      "Target": "Parameter",
      "Id": "PARAM_EYE_BALL_FORM",
      "Segments": [
        0,
        0,
        0,
        7.67,
        0
      ]
    },
    {
      "Target": "Parameter",
      "Id": "PARAM_EYE_BALL_SAD",
      "Segments": [
        0,
        0,
        0,
        7.67,
        0
      ]
    },
    {
      "Target": "Parameter",
      "Id": "PARAM_EYE_BALL_BAIYAN",
      "Segments": [
        0,
        0,
        0,
        7.67,
        0
      ]
    },
    {
      "Target": "Parameter",
      "Id": "PARAM_EYE_TI1",
      "Segments": [
        0,
        0,
        0,
        7.67,
        0
      ]
    },
    {
      "Target": "Parameter",
      "Id": "PARAM_EYE_TI2",
      "Segments": [
        0,
        0,
        0,
        7.67,
        0
      ]
    },
    {
      "Target": "Parameter",
      "Id": "PARAM_EYE_SPECIAL",
      "Segments": [
        0,
        0,
        0,
        7.67,
        0
      ]
    },
    {
      "Target": "Parameter",
      "Id": "PARAM_EYE_DEFROM",
      "Segments": [
        0,
        0,
        0,
        7.67,
        0
      ]
    },
    {
      "Target": "Parameter",
      "Id": "PARAM_BROW_L_ANGLE",
      "Segments": [
        0,
        0,
        0,
        7.67,
        0
      ]
    },
    {
      "Target": "Parameter",
      "Id": "PARAM_BROW_R_ANGLE",
      "Segments": [
        0,
        0,
        0,
        7.67,
        0
      ]
    },
    {
      "Target": "Parameter",
      "Id": "PARAM_MOUTH_SPECIAL",
      "Segments": [
        0,
        0,
        0,
        7.67,
        0
      ]
    },
    {
      "Target": "Parameter",
      "Id": "PARAM_MOUTH_DEFORM_SPECIAL",
      "Segments": [
        0,
        0,
        0,
        7.67,
        0
      ]
    },
    {
      "Target": "Parameter",
      "Id": "PARAM_MOUTH_Y",
      "Segments": [
        0,
        0,
        0,
        7.67,
        0
      ]
    },
    {
      "Target": "Parameter",
      "Id": "PARAM_WATER",
      "Segments": [
        0,
        0,
        0,
        7.67,
        0
      ]
    },
    {
      "Target": "Parameter",
      "Id": "PARAM_HAN",
      "Segments": [
        0,
        0,
        0,
        7.67,
        0
      ]
    },
    {
      "Target": "Parameter",
      "Id": "PARAM_ANGRY",
      "Segments": [
        0,
        0,
        0,
        7.67,
        0
      ]
    },
    {
      "Target": "Parameter",
      "Id": "PARAM_HEI",
      "Segments": [
        0,
        -1,
        0,
        7.67,
        -1
      ]
    },
    {
      "Target": "Parameter",
      "Id": "PARAM_LIANHEIXIAN",
      "Segments": [
        0,
        0,
        0,
        7.67,
        0
      ]
    },
    {
      "Target": "Parameter",
      "Id": "PARAM_FAT",
      "Segments": [
        0,
        0,
        0,
        7.67,
        0
      ]
    },
    {
      "Target": "Parameter",
      "Id": "PARAM_HEIXIAN",
      "Segments": [
        0,
        0,
        0,
        7.67,
        0
      ]
    },
    {
      "Target": "Parameter",
      "Id": "PARAM_YINYING",
      "Segments": [
        0,
        0,
        0,
        7.67,
        0
      ]
    },
    {
      "Target": "Parameter",
      "Id": "PARAM_TANQI",
      "Segments": [
        0,
        0,
        0,
        7.67,
        0
      ]
    },
    {
      "Target": "Parameter",
      "Id": "PARAM_ZHAMAO",
      "Segments": [
        0,
        0,
        0,
        7.67,
        0
      ]
    },
    {
      "Target": "Parameter",
      "Id": "PARAM_RU_X",
      "Segments": [
        0,
        0,
        0,
        7.67,
        0
      ]
    },
    {
      "Target": "Parameter",
      "Id": "PARAM_RU_Y",
      "Segments": [
        0,
        0,
        0,
        7.67,
        0
      ]
    },
    {
      "Target": "Parameter",
      "Id": "PARAM_BREATH",
      "Segments": [
        0,
        0,
        0,
        7.67,
        0
      ]
    },
    {
      "Target": "Parameter",
      "Id": "PARAM_HAIR_FRONT",
      "Segments": [
        0,
        0,
        0,
        7.67,
        0
      ]
    },
    {
      "Target": "Parameter",
      "Id": "PARAM_HAIR_FROUT_2",
      "Segments": [
        0,
        0,
        0,
        7.67,
        0
      ]
    },
    {
      "Target": "Parameter",
      "Id": "PARAM_HAIR_FROUT_WAVE",
      "Segments": [
        0,
        0,
        0,
        7.67,
        0
      ]
    },
    {
      "Target": "Parameter",
      "Id": "PARAM_HAIR_SIDE_R",
      "Segments": [
        0,
        0,
        0,
        7.67,
        0
      ]
    },
    {
      "Target": "Parameter",
      "Id": "PARAM_HAIR_SIDE_R2",
      "Segments": [
        0,
        0,
        0,
        7.67,
        0
      ]
    },
    {
      "Target": "Parameter",
      "Id": "PARAM_HAIR_SIDE_WAVE",
      "Segments": [
        0,
        0,
        0,
        7.67,
        0
      ]
    },
    {
      "Target": "Parameter",
      "Id": "PARAM_HAIR_SIDE_R3",
      "Segments": [
        0,
        0,
        0,
        7.67,
        0
      ]
    },
    {
      "Target": "Parameter",
      "Id": "PARAM_HAIR_SIDE_L",
      "Segments": [
        0,
        0,
        0,
        7.67,
        0
      ]
    },
    {
      "Target": "Parameter",
      "Id": "PARAM_HAIR_SIDE_L3",
      "Segments": [
        0,
        0,
        0,
        7.67,
        0
      ]
    },
    {
      "Target": "Parameter",
      "Id": "PARAM_HAIR_BACK_WAVE",
      "Segments": [
        0,
        0,
        0,
        7.67,
        0
      ]
    },
    {
      "Target": "Parameter",
      "Id": "PARAM_XIANQUNZI_1",
      "Segments": [
        0,
        0,
        0,
        7.67,
        0
      ]
    },
    {
      "Target": "Parameter",
      "Id": "PARAM_XIANQUNZI_2",
      "Segments": [
        0,
        0,
        0,
        7.67,
        0
      ]
    },
    {
      "Target": "Parameter",
      "Id": "PARAM_YICENGQUN_YIDUAN_SHAKE",
      "Segments": [
        0,
        0,
        0,
        7.67,
        0
      ]
    },
    {
      "Target": "Parameter",
      "Id": "PARAM_PARAM_YICENGQUN_ERDUAN_SHAKE",
      "Segments": [
        0,
        0,
        0,
        7.67,
        0
      ]
    },
    {
      "Target": "Parameter",
      "Id": "PARAM_YICENGSHA_1DUAN_SHAKE",
      "Segments": [
        0,
        0,
        0,
        7.67,
        0
      ]
    },
    {
      "Target": "Parameter",
      "Id": "PARAM_YICESHA_2DUAN_SHAKE",
      "Segments": [
        0,
        0,
        0,
        7.67,
        0
      ]
    },
    {
      "Target": "Parameter",
      "Id": "PARAM_ERCENGSHA_1DUAN_SHAKE",
      "Segments": [
        0,
        0,
        0,
        7.67,
        0
      ]
    },
    {
      "Target": "Parameter",
      "Id": "PARAM_ERCENGSAHA_2DUAN_SHAKE",
      "Segments": [
        0,
        0,
        0,
        7.67,
        0
      ]
    }
  ],
  "UserData": []
}