{
  "Version": 3,
  "Meta": {
    "Duration": 8.4,
    "Fps": 30.0,
    "Loop": true,
    "AreBeziersRestricted": true,
    "CurveCount": 134,
    "TotalSegmentCount": 1424,
    "TotalPointCount": 1656,
    "UserDataCount": 0,
    "TotalUserDataSize": 0
  },
  "Curves": [
    {
      "Target": "Parameter",
      "Id": "PARAM_ANGLE_X",
      "Segments": [
        0,
        -9,
        0,
        0.4,
        -8,
        2,
        0.733,
        -8,
        0,
        1.167,
        -18,
        0,
        1.9,
        0,
        0,
        2.667,
        -18,
        0,
        3.467,
        0,
        2,
        3.767,
        0,
        0,
        3.867,
        10,
        0,
        3.967,
        -10,
        0,
        4.1,
        10,
        0,
        4.2,
        -10,
        0,
        4.3,
        10,
        0,
        4.4,
        -10,
        0,
        4.5,
        10,
        0,
        4.567,
        -10,
        0,
        4.633,
        10,
        0,
        4.7,
        -10,
        0,
        4.8,
        10,
        0,
        4.933,
        -10,
        0,
        5.433,
        -6.011,
        2,
        6.333,
        -6.011,
        1,
        6.489,
        -6.011,
        6.644,
        24.481,
        6.8,
        26.79,
        1,
        7.022,
        30.087,
        7.245,
        30.035,
        7.467,
        30.035,
        0,
        8.4,
        -9
      ]
    },
    {
      "Target": "Parameter",
      "Id": "PARAM_ANGLE_Y",
      "Segments": [
        0,
        -15,
        0,
        0.1,
        -29.387,
        0,
        0.267,
        18.479,
        1,
        0.311,
        18.479,
        0.356,
        8.53,
        0.4,
        5.481,
        1,
        0.511,
        -2.142,
        0.622,
        -3.865,
        0.733,
        -3.865,
        0,
        1,
        0,
        0,
        1.3,
        -3.8,
        0,
        1.667,
        0,
        0,
        2.033,
        -3.865,
        0,
        2.4,
        0,
        0,
        2.8,
        -3.865,
        0,
        3.167,
        0,
        0,
        3.6,
        -3.865,
        0,
        3.9,
        26.167,
        0,
        4.3,
        -30,
        0,
        4.833,
        30,
        2,
        5.1,
        30,
        0,
        5.2,
        -13.49,
        1,
        5.3,
        -13.49,
        5.4,
        1.028,
        5.5,
        16.212,
        1,
        5.578,
        28.021,
        5.655,
        30,
        5.733,
        30,
        0,
        5.833,
        -3.307,
        0,
        6.033,
        30,
        0,
        6.1,
        -11.055,
        1,
        6.167,
        -11.055,
        6.233,
        -11.194,
        6.3,
        -8.051,
        1,
        6.356,
        -5.432,
        6.411,
        30,
        6.467,
        30,
        0,
        6.667,
        -21.755,
        0,
        6.933,
        30,
        2,
        7.467,
        30,
        0,
        8,
        -29.387,
        0,
        8.4,
        -15
      ]
    },
    {
      "Target": "Parameter",
      "Id": "PARAM_ANGLE_Z",
      "Segments": [
        0,
        3,
        0,
        0.267,
        29.759,
        0,
        0.8,
        -31.654,
        1,
        1.022,
        -31.654,
        1.245,
        18.467,
        1.467,
        39.016,
        1,
        1.545,
        46.208,
        1.622,
        43.748,
        1.7,
        43.748,
        1,
        1.867,
        43.748,
        2.033,
        -1.115,
        2.2,
        -28.128,
        1,
        2.256,
        -37.132,
        2.311,
        -34.457,
        2.367,
        -34.457,
        0,
        2.967,
        39.016,
        1,
        3.134,
        39.016,
        3.3,
        35.063,
        3.467,
        22.03,
        1,
        3.567,
        14.209,
        3.667,
        6,
        3.767,
        6,
        0,
        4.3,
        27,
        1,
        4.511,
        27,
        4.722,
        18.261,
        4.933,
        11.925,
        1,
        5.166,
        4.922,
        5.4,
        3.865,
        5.633,
        3.865,
        0,
        6.333,
        11.925,
        1,
        6.444,
        11.925,
        6.556,
        6.303,
        6.667,
        -2.507,
        1,
        6.934,
        -23.652,
        7.2,
        -33.165,
        7.467,
        -33.165,
        0,
        8,
        25.792,
        0,
        8.4,
        3
      ]
    },
    {
      "Target": "Parameter",
      "Id": "PARAM_BODY_ANGLE_X",
      "Segments": [
        0,
        -4,
        0,
        0.1,
        3,
        1,
        0.178,
        3,
        0.255,
        2.354,
        0.333,
        0,
        1,
        0.4,
        -2.017,
        0.466,
        -3.87,
        0.533,
        -3.87,
        1,
        0.744,
        -3.87,
        0.956,
        -2.311,
        1.167,
        0,
        1,
        1.411,
        2.676,
        1.656,
        3.684,
        1.9,
        3.684,
        0,
        2.667,
        -4,
        1,
        2.934,
        -4,
        3.2,
        0.154,
        3.467,
        2.66,
        1,
        3.567,
        3.6,
        3.667,
        3.325,
        3.767,
        3.325,
        1,
        4.156,
        3.325,
        4.544,
        0.207,
        4.933,
        -1.086,
        1,
        5.1,
        -1.64,
        5.266,
        -1.441,
        5.433,
        -1.81,
        1,
        5.533,
        -2.031,
        5.633,
        -4.83,
        5.733,
        -4.83,
        0,
        5.9,
        -1.193,
        0,
        6,
        -4.344,
        0,
        6.2,
        0.033,
        0,
        6.433,
        -3.172,
        1,
        6.544,
        -3.172,
        6.656,
        5.911,
        6.767,
        7.138,
        1,
        7,
        9.716,
        7.234,
        10,
        7.467,
        10,
        0,
        8.2,
        -5.783,
        0,
        8.4,
        -4
      ]
    },
    {
      "Target": "Parameter",
      "Id": "PARAM_BODY_ANGLE_Y",
      "Segments": [
        0,
        0,
        0,
        0.233,
        9.581,
        1,
        0.266,
        9.581,
        0.3,
        0.733,
        0.333,
        0.234,
        1,
        0.4,
        -0.762,
        0.466,
        -0.847,
        0.533,
        -0.847,
        0,
        0.867,
        0,
        0,
        1.167,
        -0.847,
        0,
        1.533,
        0,
        0,
        1.9,
        -0.847,
        0,
        2.267,
        0,
        0,
        2.667,
        -0.847,
        0,
        3.033,
        0,
        0,
        3.467,
        -0.562,
        0,
        3.767,
        1.376,
        0,
        3.967,
        -4,
        0,
        4.933,
        8.079,
        0,
        5.167,
        -1.812,
        1,
        5.278,
        -1.812,
        5.389,
        0.013,
        5.5,
        4.925,
        1,
        5.556,
        7.381,
        5.611,
        9.51,
        5.667,
        9.51,
        1,
        5.7,
        9.51,
        5.734,
        0.917,
        5.767,
        -0.004,
        1,
        5.811,
        -1.231,
        5.856,
        -1.227,
        5.9,
        -1.227,
        0,
        6,
        8.228,
        1,
        6.011,
        8.228,
        6.022,
        0.006,
        6.033,
        -0.263,
        1,
        6.078,
        -1.339,
        6.122,
        -1.622,
        6.167,
        -1.622,
        1,
        6.222,
        -1.622,
        6.278,
        8.564,
        6.333,
        9.249,
        1,
        6.4,
        10.072,
        6.466,
        10,
        6.533,
        10,
        0,
        6.6,
        -2.962,
        0,
        6.767,
        10,
        1,
        7,
        10,
        7.234,
        10.281,
        7.467,
        9.052,
        1,
        7.778,
        7.415,
        8.089,
        0,
        8.4,
        0
      ]
    },
    {
      "Target": "Parameter",
      "Id": "PARAM_BODY_ANGLE_Z",
      "Segments": [
        0,
        -0.879,
        0,
        0.333,
        1.793,
        0,
        0.533,
        1.5,
        0,
        1.167,
        8,
        0,
        1.9,
        -4.5,
        0,
        2.667,
        8,
        1,
        2.934,
        8,
        3.2,
        5.392,
        3.467,
        0.229,
        1,
        3.567,
        -1.707,
        3.667,
        -2.649,
        3.767,
        -2.649,
        0,
        4.933,
        6.365,
        0,
        5.433,
        0.297,
        0,
        5.9,
        4.12,
        1,
        6.044,
        4.12,
        6.189,
        3.865,
        6.333,
        2.497,
        1,
        6.389,
        1.971,
        6.444,
        -0.47,
        6.5,
        -0.47,
        1,
        6.567,
        -0.47,
        6.633,
        4.709,
        6.7,
        4.842,
        1,
        6.956,
        5.351,
        7.211,
        5.455,
        7.467,
        5.455,
        0,
        8.4,
        -0.879
      ]
    },
    {
      "Target": "Parameter",
      "Id": "PARAM_UPPER_BODY",
      "Segments": [
        0,
        -1.53,
        0,
        0.333,
        -0.793,
        2,
        0.667,
        -0.793,
        0,
        1.333,
        2,
        0,
        2.067,
        -5.363,
        0,
        2.833,
        2,
        0,
        3.767,
        -2.803,
        0,
        3.967,
        -1.452,
        0,
        4.467,
        -3.445,
        0,
        4.933,
        -1.431,
        0,
        5.433,
        -1.851,
        1,
        5.733,
        -1.851,
        6.033,
        -1.747,
        6.333,
        -1,
        1,
        6.455,
        -0.696,
        6.578,
        1.108,
        6.7,
        1.108,
        1,
        6.956,
        1.108,
        7.211,
        1.117,
        7.467,
        -0.027,
        1,
        7.711,
        -1.121,
        7.956,
        -3.606,
        8.2,
        -3.606,
        0,
        8.4,
        -1.53
      ]
    },
    {
      "Target": "Parameter",
      "Id": "PARAM_LEFT_ARM_TAI",
      "Segments": [
        0,
        0,
        2,
        0.233,
        0,
        2,
        0.333,
        0,
        2,
        0.533,
        0,
        2,
        1.167,
        0,
        2,
        1.9,
        0,
        2,
        2.667,
        0,
        2,
        3.467,
        0,
        2,
        3.767,
        0,
        0,
        3.967,
        0.21,
        0,
        4.933,
        0.135,
        0,
        5.433,
        0.298,
        2,
        6.333,
        0.298,
        2,
        6.7,
        0.298,
        2,
        7.467,
        0.298,
        0,
        8,
        0,
        2,
        8.4,
        0
      ]
    },
    {
      "Target": "Parameter",
      "Id": "PARAM_LEFT_ARM",
      "Segments": [
        0,
        0.2,
        0,
        0.233,
        0.898,
        0,
        0.333,
        0.332,
        2,
        0.533,
        0.332,
        2,
        1.167,
        0.332,
        2,
        1.9,
        0.332,
        2,
        2.667,
        0.332,
        2,
        3.467,
        0.332,
        2,
        3.767,
        0.332,
        0,
        3.967,
        0.265,
        1,
        4.289,
        0.265,
        4.611,
        0.268,
        4.933,
        0.357,
        1,
        5.1,
        0.403,
        5.266,
        1.127,
        5.433,
        1.347,
        1,
        5.533,
        1.479,
        5.633,
        1.475,
        5.733,
        1.475,
        0,
        5.8,
        1.4,
        0,
        6,
        1.475,
        0,
        6.1,
        1.4,
        0,
        6.467,
        1.6,
        0,
        6.7,
        1.547,
        0,
        7.467,
        1.579,
        0,
        7.7,
        0.365,
        0,
        8,
        0.4,
        0,
        8.4,
        0.2
      ]
    },
    {
      "Target": "Parameter",
      "Id": "PARAM_ARM_L",
      "Segments": [
        0,
        -1,
        0,
        0.233,
        2.135,
        0,
        0.333,
        0.488,
        2,
        0.533,
        0.488,
        0,
        1.167,
        0.305,
        0,
        1.9,
        0.508,
        0,
        2.667,
        0.35,
        0,
        3.467,
        0.5,
        0,
        3.767,
        0.467,
        1,
        3.834,
        0.467,
        3.9,
        3.836,
        3.967,
        3.882,
        1,
        4.289,
        4.105,
        4.611,
        4.16,
        4.933,
        4.16,
        0,
        5.433,
        1.129,
        0,
        6.333,
        1.3,
        2,
        6.7,
        1.3,
        2,
        7.467,
        1.3,
        0,
        8,
        -1,
        2,
        8.4,
        -1
      ]
    },
    {
      "Target": "Parameter",
      "Id": "PARAM_ARM_L_TOUSHI2",
      "Segments": [
        0,
        0,
        0,
        0.333,
        0.436,
        2,
        0.533,
        0.436,
        2,
        1.167,
        0.436,
        2,
        1.9,
        0.436,
        2,
        2.667,
        0.436,
        2,
        3.467,
        0.436,
        2,
        3.767,
        0.436,
        0,
        3.967,
        0.46,
        1,
        4.289,
        0.46,
        4.611,
        0.46,
        4.933,
        0.461,
        0,
        5.433,
        0.779,
        0,
        6.333,
        0.778,
        2,
        6.7,
        0.778,
        2,
        7.467,
        0.778,
        0,
        8,
        0,
        2,
        8.4,
        0
      ]
    },
    {
      "Target": "Parameter",
      "Id": "PARAM_TOUSHI_L",
      "Segments": [
        0,
        0,
        2,
        0.233,
        0,
        2,
        0.333,
        0,
        2,
        0.533,
        0,
        2,
        1.167,
        0,
        2,
        1.9,
        0,
        2,
        2.667,
        0,
        2,
        3.467,
        0,
        2,
        3.767,
        0,
        0,
        3.967,
        0.636,
        2,
        4.933,
        0.636,
        0,
        5.433,
        0.843,
        2,
        6.333,
        0.843,
        2,
        6.7,
        0.843,
        2,
        7.467,
        0.843,
        0,
        8,
        0,
        2,
        8.4,
        0
      ]
    },
    {
      "Target": "Parameter",
      "Id": "PARAM_ARM_L_02",
      "Segments": [
        0,
        0.951,
        0,
        0.1,
        1,
        0,
        0.3,
        0.3,
        1,
        0.311,
        0.3,
        0.322,
        0.454,
        0.333,
        0.477,
        1,
        0.444,
        0.708,
        0.556,
        0.798,
        0.667,
        0.798,
        0,
        3.767,
        0.696,
        0,
        3.867,
        1,
        0,
        4.1,
        0.226,
        2,
        4.933,
        0.226,
        0,
        5.433,
        -1,
        2,
        6.333,
        -1,
        2,
        6.7,
        -1,
        2,
        7.467,
        -1,
        1,
        7.534,
        -1,
        7.6,
        -0.075,
        7.667,
        0.1,
        1,
        7.734,
        0.275,
        7.8,
        0.24,
        7.867,
        0.4,
        1,
        7.967,
        0.64,
        8.067,
        1,
        8.167,
        1,
        0,
        8.4,
        0.951
      ]
    },
    {
      "Target": "Parameter",
      "Id": "PARAM_HAND_L",
      "Segments": [
        0,
        0,
        2,
        0.233,
        0,
        2,
        0.267,
        1,
        2,
        0.333,
        1,
        2,
        0.533,
        1,
        2,
        1.167,
        1,
        2,
        1.9,
        1,
        2,
        2.667,
        1,
        2,
        3.467,
        1,
        2,
        3.767,
        1,
        0,
        3.8,
        0.5,
        2,
        3.967,
        0.5,
        2,
        4.933,
        0.5,
        2,
        5.433,
        0.5,
        2,
        6.333,
        0.5,
        2,
        6.7,
        0.5,
        2,
        7.467,
        0.5,
        0,
        7.667,
        0,
        2,
        8,
        0,
        2,
        8.4,
        0
      ]
    },
    {
      "Target": "Parameter",
      "Id": "PARAM_HAND_L2",
      "Segments": [
        0,
        0,
        2,
        0.233,
        0,
        2,
        0.267,
        1,
        2,
        0.333,
        1,
        2,
        0.533,
        1,
        2,
        1.167,
        1,
        2,
        1.9,
        1,
        2,
        2.667,
        1,
        2,
        3.467,
        1,
        2,
        3.767,
        1,
        2,
        3.8,
        1,
        2,
        3.967,
        1,
        2,
        4.933,
        1,
        0,
        5.433,
        0,
        2,
        6.333,
        0,
        2,
        6.7,
        0,
        2,
        7.467,
        0,
        2,
        7.667,
        0,
        2,
        8,
        0,
        2,
        8.4,
        0
      ]
    },
    {
      "Target": "Parameter",
      "Id": "PARAM_HAND_L_02",
      "Segments": [
        0,
        0,
        2,
        0.233,
        0,
        0,
        1.167,
        -0.069,
        2,
        1.9,
        -0.069,
        2,
        2.667,
        -0.069,
        2,
        3.467,
        -0.069,
        2,
        3.767,
        -0.069,
        0,
        3.8,
        -1,
        2,
        3.967,
        -1,
        2,
        4.933,
        -1,
        2,
        5.433,
        -1,
        2,
        6.333,
        -1,
        2,
        6.7,
        -1,
        2,
        7.467,
        -1,
        0,
        7.667,
        0,
        2,
        8,
        0,
        2,
        8.4,
        0
      ]
    },
    {
      "Target": "Parameter",
      "Id": "PARAM_HAND_L_LEVEL",
      "Segments": [
        0,
        0,
        2,
        0.033,
        1,
        2,
        0.1,
        1,
        2,
        0.233,
        1,
        2,
        0.333,
        1,
        2,
        0.533,
        1,
        2,
        1.167,
        1,
        2,
        1.9,
        1,
        2,
        2.667,
        1,
        2,
        3.467,
        1,
        2,
        3.767,
        1,
        2,
        3.967,
        1,
        2,
        4.933,
        1,
        2,
        5.433,
        1,
        2,
        6.333,
        1,
        1,
        6.455,
        1,
        6.578,
        0.702,
        6.7,
        0.7,
        1,
        6.956,
        0.696,
        7.211,
        0.696,
        7.467,
        0.696,
        2,
        7.667,
        0.696,
        2,
        7.867,
        0.696,
        0,
        8.4,
        0
      ]
    },
    {
      "Target": "Parameter",
      "Id": "PARAM_RIGHT_ARM_TAI",
      "Segments": [
        0,
        0.5,
        2,
        0.1,
        0.5,
        0,
        0.333,
        0,
        2,
        0.533,
        0,
        2,
        1.167,
        0,
        2,
        1.9,
        0,
        2,
        2.667,
        0,
        2,
        3.467,
        0,
        2,
        3.767,
        0,
        0,
        4.1,
        1,
        2,
        4.933,
        1,
        0,
        5.433,
        0.675,
        2,
        6.333,
        0.675,
        0,
        6.467,
        1,
        0,
        6.6,
        0.675,
        2,
        7.467,
        0.675,
        0,
        8.167,
        0.5,
        2,
        8.4,
        0.5
      ]
    },
    {
      "Target": "Parameter",
      "Id": "PARAM_RIGHT_ARM",
      "Segments": [
        0,
        0.643,
        0,
        0.233,
        0.4,
        0,
        0.333,
        0.764,
        2,
        0.533,
        0.764,
        2,
        1.167,
        0.764,
        2,
        1.9,
        0.764,
        2,
        2.667,
        0.764,
        2,
        3.467,
        0.764,
        2,
        3.767,
        0.764,
        0,
        3.867,
        0.528,
        0,
        4.1,
        0.699,
        2,
        4.933,
        0.699,
        1,
        4.989,
        0.699,
        5.044,
        0.211,
        5.1,
        0.156,
        1,
        5.211,
        0.047,
        5.322,
        0.041,
        5.433,
        0.041,
        1,
        5.533,
        0.041,
        5.633,
        0.079,
        5.733,
        0.179,
        1,
        5.744,
        0.191,
        5.756,
        0.303,
        5.767,
        0.315,
        1,
        5.811,
        0.361,
        5.856,
        0.374,
        5.9,
        0.374,
        0,
        6,
        0.191,
        1,
        6.011,
        0.191,
        6.022,
        0.329,
        6.033,
        0.336,
        1,
        6.078,
        0.367,
        6.122,
        0.374,
        6.167,
        0.374,
        1,
        6.222,
        0.374,
        6.278,
        0.288,
        6.333,
        0.091,
        1,
        6.378,
        -0.067,
        6.422,
        -0.161,
        6.467,
        -0.161,
        0,
        6.6,
        0.741,
        0,
        6.933,
        0.422,
        2,
        7.467,
        0.422,
        0,
        8.167,
        0.643,
        2,
        8.4,
        0.643
      ]
    },
    {
      "Target": "Parameter",
      "Id": "PARAM_ARM_R",
      "Segments": [
        0,
        4.557,
        0,
        0.1,
        4.933,
        0,
        0.333,
        1.229,
        2,
        0.533,
        1.229,
        0,
        1.167,
        1.444,
        1,
        1.411,
        1.444,
        1.656,
        1.297,
        1.9,
        1.282,
        1,
        2.422,
        1.25,
        2.945,
        1.241,
        3.467,
        1.215,
        1,
        3.567,
        1.21,
        3.667,
        1.13,
        3.767,
        1.13,
        0,
        4.1,
        4.41,
        2,
        4.933,
        4.41,
        0,
        5.1,
        3.063,
        1,
        5.211,
        3.063,
        5.322,
        4.529,
        5.433,
        4.9,
        1,
        5.533,
        5.234,
        5.633,
        5.184,
        5.733,
        5.184,
        1,
        5.744,
        5.184,
        5.756,
        4.904,
        5.767,
        4.885,
        1,
        5.811,
        4.812,
        5.856,
        4.795,
        5.9,
        4.795,
        0,
        6,
        5.252,
        1,
        6.011,
        5.252,
        6.022,
        4.962,
        6.033,
        4.932,
        1,
        6.078,
        4.812,
        6.122,
        4.783,
        6.167,
        4.783,
        0,
        6.467,
        5.676,
        1,
        6.511,
        5.676,
        6.556,
        2.606,
        6.6,
        2.574,
        1,
        6.889,
        2.363,
        7.178,
        2.299,
        7.467,
        2.299,
        0,
        8.167,
        4.557,
        2,
        8.4,
        4.557
      ]
    },
    {
      "Target": "Parameter",
      "Id": "PARAM_ARM_R_TOUSHI2",
      "Segments": [
        0,
        0.3,
        2,
        0.1,
        0.3,
        0,
        0.333,
        0.52,
        2,
        0.533,
        0.52,
        2,
        1.167,
        0.52,
        2,
        1.9,
        0.52,
        2,
        2.667,
        0.52,
        2,
        3.467,
        0.52,
        2,
        3.767,
        0.52,
        0,
        4.1,
        0.475,
        0,
        4.4,
        0.533,
        0,
        4.933,
        0.475,
        1,
        4.989,
        0.475,
        5.044,
        0.481,
        5.1,
        0.52,
        1,
        5.211,
        0.599,
        5.322,
        0.743,
        5.433,
        0.8,
        1,
        5.733,
        0.953,
        6.033,
        1,
        6.333,
        1,
        2,
        6.467,
        1,
        0,
        6.6,
        0.7,
        2,
        7.467,
        0.7,
        0,
        8.167,
        0.3,
        2,
        8.4,
        0.3
      ]
    },
    {
      "Target": "Parameter",
      "Id": "PARAM_TOUSHI_R",
      "Segments": [
        0,
        0.7,
        2,
        0.1,
        0.7,
        0,
        0.333,
        0.796,
        2,
        0.533,
        0.796,
        2,
        1.167,
        0.796,
        2,
        1.9,
        0.796,
        2,
        2.667,
        0.796,
        2,
        3.467,
        0.796,
        2,
        3.767,
        0.796,
        0,
        4.1,
        0.535,
        2,
        4.933,
        0.535,
        0,
        5.1,
        1,
        1,
        5.211,
        1,
        5.322,
        0.687,
        5.433,
        0.583,
        1,
        5.533,
        0.489,
        5.633,
        0.5,
        5.733,
        0.5,
        1,
        5.744,
        0.5,
        5.756,
        0.917,
        5.767,
        0.931,
        1,
        5.811,
        0.988,
        5.856,
        1,
        5.9,
        1,
        0,
        5.933,
        0.8,
        1,
        5.966,
        0.8,
        6,
        0.894,
        6.033,
        0.938,
        1,
        6.078,
        0.996,
        6.122,
        1,
        6.167,
        1,
        0,
        6.333,
        0.52,
        2,
        6.6,
        0.52,
        1,
        6.889,
        0.52,
        7.178,
        0.536,
        7.467,
        0.6,
        1,
        7.7,
        0.651,
        7.934,
        0.7,
        8.167,
        0.7,
        2,
        8.4,
        0.7
      ]
    },
    {
      "Target": "Parameter",
      "Id": "PARAM_ARM_R_02",
      "Segments": [
        0,
        0.847,
        2,
        0.1,
        0.847,
        0,
        0.267,
        -0.247,
        0,
        0.4,
        -0.147,
        2,
        0.667,
        -0.147,
        1,
        1.6,
        -0.147,
        2.534,
        -0.129,
        3.467,
        -0.082,
        1,
        3.567,
        -0.077,
        3.667,
        -0.05,
        3.767,
        -0.02,
        1,
        3.811,
        -0.006,
        3.856,
        0.75,
        3.9,
        0.75,
        0,
        4.2,
        -0.304,
        2,
        4.933,
        -0.304,
        1,
        4.989,
        -0.304,
        5.044,
        -0.304,
        5.1,
        -0.02,
        1,
        5.178,
        0.378,
        5.255,
        0.912,
        5.333,
        0.912,
        1,
        5.366,
        0.912,
        5.4,
        0.528,
        5.433,
        0.34,
        1,
        5.533,
        -0.223,
        5.633,
        -0.383,
        5.733,
        -0.383,
        1,
        5.744,
        -0.383,
        5.756,
        0.286,
        5.767,
        0.355,
        1,
        5.811,
        0.63,
        5.856,
        0.698,
        5.9,
        0.698,
        0,
        6,
        -0.383,
        1,
        6.011,
        -0.383,
        6.022,
        0.311,
        6.033,
        0.34,
        1,
        6.133,
        0.603,
        6.233,
        0.698,
        6.333,
        0.698,
        0,
        6.467,
        -0.719,
        1,
        6.511,
        -0.719,
        6.556,
        -0.72,
        6.6,
        -0.479,
        1,
        6.633,
        -0.299,
        6.667,
        0.386,
        6.7,
        0.386,
        2,
        7.467,
        0.386,
        0,
        7.7,
        0.9,
        0,
        8.167,
        0.847,
        2,
        8.4,
        0.847
      ]
    },
    {
      "Target": "Parameter",
      "Id": "PARAM_HAND_R",
      "Segments": [
        0,
        0,
        2,
        0.233,
        0,
        2,
        0.267,
        1,
        2,
        0.333,
        1,
        2,
        0.533,
        1,
        2,
        1.167,
        1,
        2,
        1.9,
        1,
        2,
        2.667,
        1,
        2,
        3.467,
        1,
        2,
        3.767,
        1,
        2,
        3.867,
        1,
        0,
        3.9,
        0.5,
        2,
        4.1,
        0.5,
        2,
        4.933,
        0.5,
        2,
        5.433,
        0.5,
        2,
        6.333,
        0.5,
        2,
        6.467,
        0.5,
        2,
        6.6,
        0.5,
        2,
        7.467,
        0.5,
        2,
        7.667,
        0.5,
        0,
        7.7,
        0,
        2,
        8.167,
        0,
        2,
        8.4,
        0
      ]
    },
    {
      "Target": "Parameter",
      "Id": "PARAM_HAND_R2",
      "Segments": [
        0,
        0,
        2,
        0.233,
        0,
        2,
        0.267,
        1,
        2,
        0.333,
        1,
        2,
        0.533,
        1,
        2,
        1.167,
        1,
        2,
        1.9,
        1,
        2,
        2.667,
        1,
        2,
        3.467,
        1,
        2,
        3.767,
        1,
        2,
        3.867,
        1,
        2,
        3.9,
        1,
        2,
        4.1,
        1,
        2,
        4.933,
        1,
        2,
        5.433,
        1,
        2,
        6.333,
        1,
        2,
        6.467,
        1,
        2,
        6.6,
        1,
        2,
        7.467,
        1,
        2,
        7.667,
        1,
        2,
        7.7,
        0,
        2,
        8.167,
        0,
        2,
        8.4,
        0
      ]
    },
    {
      "Target": "Parameter",
      "Id": "PARAM_HAND_R_02",
      "Segments": [
        0,
        1,
        2,
        0.233,
        1,
        0,
        1.167,
        0.679,
        2,
        1.9,
        0.679,
        2,
        2.667,
        0.679,
        2,
        3.467,
        0.679,
        2,
        3.767,
        0.679,
        2,
        3.867,
        0.679,
        2,
        3.9,
        -1,
        2,
        4.1,
        -1,
        2,
        4.933,
        -1,
        2,
        5.433,
        -1,
        2,
        6.333,
        -1,
        2,
        6.467,
        -1,
        2,
        6.6,
        -1,
        2,
        7.467,
        -1,
        2,
        7.667,
        -1,
        2,
        7.7,
        1,
        2,
        8.167,
        1,
        2,
        8.4,
        1
      ]
    },
    {
      "Target": "Parameter",
      "Id": "PARAM_BANSHOU",
      "Segments": [
        0,
        0,
        2,
        0.333,
        0,
        2,
        0.533,
        0,
        2,
        1.167,
        0,
        2,
        1.9,
        0,
        2,
        2.667,
        0,
        2,
        3.467,
        0,
        2,
        3.767,
        0,
        2,
        4.933,
        0,
        2,
        5.167,
        0,
        2,
        5.2,
        1,
        2,
        5.433,
        1,
        2,
        6.333,
        1,
        2,
        6.7,
        1,
        2,
        7.467,
        1,
        2,
        7.667,
        1,
        2,
        7.7,
        0,
        2,
        8.4,
        0
      ]
    },
    {
      "Target": "Parameter",
      "Id": "PARAM_EYE_L_OPEN",
      "Segments": [
        0,
        1,
        2,
        0.1,
        1,
        0,
        0.233,
        0,
        2,
        0.3,
        0,
        2,
        0.333,
        1,
        2,
        0.533,
        1,
        2,
        1.167,
        1,
        2,
        1.9,
        1,
        2,
        2.667,
        1,
        2,
        3.467,
        1,
        2,
        3.767,
        1,
        2,
        3.8,
        0,
        2,
        3.967,
        0,
        0,
        4.1,
        1,
        2,
        4.933,
        1,
        2,
        5.1,
        1,
        0,
        5.3,
        0,
        0,
        5.433,
        1,
        2,
        6.333,
        1,
        2,
        6.667,
        1,
        2,
        6.7,
        0,
        2,
        7.467,
        0,
        2,
        7.867,
        0,
        0,
        8,
        1,
        2,
        8.4,
        1
      ]
    },
    {
      "Target": "Parameter",
      "Id": "PARAM_EYE_L_FORM",
      "Segments": [
        0,
        0,
        2,
        0.1,
        0,
        0,
        0.233,
        0.5,
        2,
        0.3,
        0.5,
        0,
        0.333,
        1,
        2,
        0.533,
        1,
        2,
        1.167,
        1,
        2,
        1.9,
        1,
        2,
        2.667,
        1,
        2,
        3.467,
        1,
        2,
        3.767,
        1,
        0,
        3.8,
        0.5,
        2,
        3.967,
        0.5,
        2,
        4.1,
        0.5,
        2,
        4.933,
        0.5,
        2,
        5.1,
        0.5,
        2,
        5.3,
        0.5,
        0,
        5.433,
        1,
        2,
        6.333,
        1,
        2,
        6.667,
        1,
        2,
        6.7,
        1,
        2,
        7.467,
        1,
        2,
        7.867,
        1,
        0,
        8,
        0.5,
        2,
        8.4,
        0.5
      ]
    },
    {
      "Target": "Parameter",
      "Id": "PARAM_EYE_R_OPEN",
      "Segments": [
        0,
        1,
        2,
        0.1,
        1,
        0,
        0.233,
        0,
        2,
        0.3,
        0,
        2,
        0.333,
        1,
        2,
        0.533,
        1,
        2,
        1.167,
        1,
        2,
        1.9,
        1,
        2,
        2.667,
        1,
        2,
        3.467,
        1,
        2,
        3.767,
        1,
        2,
        3.8,
        0,
        2,
        3.967,
        0,
        0,
        4.1,
        1,
        2,
        4.933,
        1,
        2,
        5.1,
        1,
        0,
        5.3,
        0,
        0,
        5.433,
        1,
        2,
        6.333,
        1,
        2,
        6.667,
        1,
        2,
        6.7,
        0,
        2,
        7.467,
        0,
        2,
        7.867,
        0,
        0,
        8,
        1,
        2,
        8.4,
        1
      ]
    },
    {
      "Target": "Parameter",
      "Id": "PARAM_EYE_R_FORM",
      "Segments": [
        0,
        0,
        2,
        0.1,
        0,
        0,
        0.233,
        0.5,
        2,
        0.3,
        0.5,
        0,
        0.333,
        1,
        2,
        0.533,
        1,
        2,
        1.167,
        1,
        2,
        1.9,
        1,
        2,
        2.667,
        1,
        2,
        3.467,
        1,
        2,
        3.767,
        1,
        0,
        3.8,
        0.5,
        2,
        3.967,
        0.5,
        2,
        4.1,
        0.5,
        2,
        4.933,
        0.5,
        2,
        5.1,
        0.5,
        2,
        5.3,
        0.5,
        0,
        5.433,
        1,
        2,
        6.333,
        1,
        2,
        6.667,
        1,
        2,
        6.7,
        1,
        2,
        7.467,
        1,
        2,
        7.867,
        1,
        0,
        8,
        0.5,
        2,
        8.4,
        0.5
      ]
    },
    {
      "Target": "Parameter",
      "Id": "PARAM_EYE_BALL_X",
      "Segments": [
        0,
        0,
        0,
        0.333,
        0.216,
        2,
        0.533,
        0.216,
        2,
        1.167,
        0.216,
        2,
        1.9,
        0.216,
        2,
        2.667,
        0.216,
        2,
        3.467,
        0.216,
        2,
        3.767,
        0.216,
        0,
        3.867,
        -0.4,
        0,
        4.933,
        0.1,
        0,
        5.433,
        -0.184,
        2,
        6.333,
        -0.184,
        2,
        6.667,
        -0.184,
        2,
        6.7,
        -0.184,
        2,
        7.467,
        -0.184,
        0,
        8.4,
        0
      ]
    },
    {
      "Target": "Parameter",
      "Id": "PARAM_EYE_BALL_Y",
      "Segments": [
        0,
        0.2,
        0,
        0.333,
        0.005,
        2,
        0.533,
        0.005,
        2,
        1.167,
        0.005,
        2,
        1.9,
        0.005,
        2,
        2.667,
        0.005,
        2,
        3.467,
        0.005,
        2,
        3.767,
        0.005,
        0,
        4.1,
        0.5,
        1,
        4.378,
        0.5,
        4.655,
        0.484,
        4.933,
        0.208,
        1,
        5.1,
        0.043,
        5.266,
        -0.6,
        5.433,
        -0.6,
        2,
        6.333,
        -0.6,
        2,
        6.667,
        -0.6,
        2,
        6.7,
        -0.6,
        2,
        7.467,
        -0.6,
        0,
        8.4,
        0
      ]
    },
    {
      "Target": "Parameter",
      "Id": "PARAM_EYE_BALL_FORM",
      "Segments": [
        0,
        -0.3,
        0,
        0.333,
        -0.091,
        2,
        0.533,
        -0.091,
        2,
        1.167,
        -0.091,
        2,
        1.9,
        -0.091,
        2,
        2.667,
        -0.091,
        2,
        3.467,
        -0.091,
        2,
        3.767,
        -0.091,
        0,
        3.8,
        0,
        2,
        4.933,
        0,
        0,
        5.1,
        -0.053,
        2,
        5.3,
        -0.053,
        0,
        5.333,
        0,
        2,
        5.433,
        0,
        2,
        6.333,
        0,
        2,
        6.667,
        0,
        2,
        6.7,
        0,
        2,
        7.467,
        0,
        2,
        8.4,
        0
      ]
    },
    {
      "Target": "Parameter",
      "Id": "PARAM_EYE_BALL_SAD",
      "Segments": [
        0,
        0,
        2,
        0.333,
        0,
        2,
        0.533,
        0,
        2,
        1.167,
        0,
        2,
        1.9,
        0,
        2,
        2.667,
        0,
        2,
        3.467,
        0,
        2,
        3.767,
        0,
        2,
        3.8,
        0,
        2,
        4.933,
        0,
        2,
        5.1,
        0,
        2,
        5.3,
        0,
        2,
        5.333,
        0,
        2,
        5.433,
        0,
        0,
        5.667,
        1,
        0,
        6.333,
        0,
        2,
        6.667,
        0,
        2,
        6.7,
        0,
        2,
        7.467,
        0,
        2,
        8.4,
        0
      ]
    },
    {
      "Target": "Parameter",
      "Id": "PARAM_EYE_TI1",
      "Segments": [
        0,
        0,
        2,
        0.1,
        0,
        2,
        0.3,
        0,
        0,
        0.333,
        1,
        2,
        0.533,
        1,
        2,
        1.167,
        1,
        2,
        1.9,
        1,
        2,
        2.667,
        1,
        2,
        3.467,
        1,
        2,
        3.767,
        1,
        0,
        3.8,
        0,
        2,
        4.933,
        0,
        2,
        5.1,
        0,
        2,
        5.3,
        0,
        2,
        5.333,
        0,
        2,
        5.433,
        0,
        2,
        6.333,
        0,
        2,
        6.667,
        0,
        2,
        6.7,
        0,
        2,
        7.467,
        0,
        2,
        8.4,
        0
      ]
    },
    {
      "Target": "Parameter",
      "Id": "PARAM_EYE_SPECIAL",
      "Segments": [
        0,
        0,
        2,
        0.1,
        0,
        2,
        0.3,
        0,
        2,
        0.333,
        1,
        2,
        0.533,
        1,
        2,
        1.167,
        1,
        2,
        1.9,
        1,
        2,
        2.667,
        1,
        2,
        3.467,
        1,
        2,
        3.767,
        1,
        2,
        3.8,
        0,
        2,
        4.933,
        0,
        2,
        5.1,
        0,
        2,
        5.3,
        0,
        2,
        5.333,
        1,
        2,
        5.433,
        1,
        2,
        6.333,
        1,
        2,
        6.667,
        1,
        2,
        6.7,
        0,
        2,
        7.467,
        0,
        2,
        8.4,
        0
      ]
    },
    {
      "Target": "Parameter",
      "Id": "PARAM_EYE_DEFROM",
      "Segments": [
        0,
        0,
        2,
        0.1,
        0,
        2,
        0.3,
        0,
        2,
        0.333,
        0,
        0,
        2.033,
        4.96,
        2,
        2.067,
        0,
        0,
        3.767,
        4.96,
        2,
        3.8,
        0,
        2,
        4.933,
        0,
        2,
        5.1,
        0,
        2,
        5.3,
        0,
        2,
        5.333,
        0,
        2,
        5.433,
        0,
        2,
        6.333,
        0,
        2,
        6.667,
        0,
        2,
        6.7,
        0,
        2,
        7.467,
        0,
        2,
        8.4,
        0
      ]
    },
    {
      "Target": "Parameter",
      "Id": "PARAM_BROW_L_X",
      "Segments": [
        0,
        -0.8,
        2,
        0.1,
        -0.8,
        0,
        0.333,
        -0.244,
        2,
        0.533,
        -0.244,
        2,
        1.167,
        -0.244,
        2,
        1.9,
        -0.244,
        2,
        2.667,
        -0.244,
        2,
        3.467,
        -0.244,
        2,
        3.767,
        -0.244,
        2,
        4.933,
        -0.244,
        2,
        5.1,
        -0.244,
        0,
        5.433,
        0,
        2,
        6.333,
        0,
        2,
        6.667,
        0,
        2,
        6.7,
        0,
        2,
        7.467,
        0,
        2,
        7.867,
        0,
        2,
        8,
        0,
        2,
        8.4,
        0
      ]
    },
    {
      "Target": "Parameter",
      "Id": "PARAM_BROW_L_Y",
      "Segments": [
        0,
        0,
        2,
        0.1,
        0,
        0,
        0.233,
        -1,
        2,
        0.3,
        -1,
        2,
        0.333,
        1,
        2,
        0.533,
        1,
        2,
        1.167,
        1,
        2,
        1.9,
        1,
        2,
        2.667,
        1,
        2,
        3.467,
        1,
        2,
        3.767,
        1,
        2,
        3.8,
        -1,
        2,
        3.967,
        -1,
        0,
        4.1,
        1,
        2,
        4.933,
        1,
        2,
        5.1,
        1,
        0,
        5.3,
        -1,
        0,
        5.333,
        -0.5,
        2,
        5.433,
        -0.5,
        2,
        6.333,
        -0.5,
        2,
        6.667,
        -0.5,
        0,
        6.7,
        -1,
        2,
        7.467,
        -1,
        2,
        7.867,
        -1,
        0,
        8,
        0,
        2,
        8.4,
        0
      ]
    },
    {
      "Target": "Parameter",
      "Id": "PARAM_BROW_R_X",
      "Segments": [
        0,
        0.8,
        2,
        0.1,
        0.8,
        0,
        0.333,
        0.244,
        2,
        0.533,
        0.244,
        2,
        1.167,
        0.244,
        2,
        1.9,
        0.244,
        2,
        2.667,
        0.244,
        2,
        3.467,
        0.244,
        2,
        3.767,
        0.244,
        2,
        4.933,
        0.244,
        2,
        5.1,
        0.244,
        0,
        5.433,
        0,
        2,
        6.333,
        0,
        2,
        6.667,
        0,
        2,
        6.7,
        0,
        2,
        7.467,
        0,
        2,
        7.867,
        0,
        2,
        8,
        0,
        2,
        8.4,
        0
      ]
    },
    {
      "Target": "Parameter",
      "Id": "PARAM_BROW_R_Y",
      "Segments": [
        0,
        0,
        2,
        0.1,
        0,
        0,
        0.233,
        -1,
        2,
        0.3,
        -1,
        2,
        0.333,
        1,
        2,
        0.533,
        1,
        2,
        1.167,
        1,
        2,
        1.9,
        1,
        2,
        2.667,
        1,
        2,
        3.467,
        1,
        2,
        3.767,
        1,
        2,
        3.8,
        -1,
        2,
        3.967,
        -1,
        0,
        4.1,
        1,
        2,
        4.933,
        1,
        2,
        5.1,
        1,
        0,
        5.3,
        -1,
        0,
        5.333,
        -0.5,
        2,
        5.433,
        -0.5,
        2,
        6.333,
        -0.5,
        2,
        6.667,
        -0.5,
        0,
        6.7,
        -1,
        2,
        7.467,
        -1,
        2,
        7.867,
        -1,
        0,
        8,
        0,
        2,
        8.4,
        0
      ]
    },
    {
      "Target": "Parameter",
      "Id": "PARAM_BROW_L_ANGLE",
      "Segments": [
        0,
        0.4,
        0,
        0.333,
        1,
        2,
        0.533,
        1,
        2,
        1.167,
        1,
        2,
        1.9,
        1,
        2,
        2.667,
        1,
        2,
        3.467,
        1,
        2,
        3.767,
        1,
        1,
        3.834,
        1,
        3.9,
        0.969,
        3.967,
        0.6,
        1,
        4.078,
        -0.015,
        4.189,
        -0.6,
        4.3,
        -0.6,
        2,
        4.933,
        -0.6,
        0,
        5.433,
        -1,
        2,
        6.333,
        -1,
        2,
        6.7,
        -1,
        2,
        7.467,
        -1,
        2,
        7.867,
        -1,
        0,
        8,
        0,
        2,
        8.4,
        0
      ]
    },
    {
      "Target": "Parameter",
      "Id": "PARAM_BROW_R_ANGLE",
      "Segments": [
        0,
        0.4,
        0,
        0.333,
        1,
        2,
        0.533,
        1,
        2,
        1.167,
        1,
        2,
        1.9,
        1,
        2,
        2.667,
        1,
        2,
        3.467,
        1,
        2,
        3.767,
        1,
        1,
        3.834,
        1,
        3.9,
        0.969,
        3.967,
        0.6,
        1,
        4.078,
        -0.015,
        4.189,
        -0.6,
        4.3,
        -0.6,
        2,
        4.933,
        -0.6,
        0,
        5.433,
        -1,
        2,
        6.333,
        -1,
        2,
        6.7,
        -1,
        2,
        7.467,
        -1,
        2,
        7.867,
        -1,
        0,
        8,
        0,
        2,
        8.4,
        0
      ]
    },
    {
      "Target": "Parameter",
      "Id": "PARAM_BROW_L_FORM",
      "Segments": [
        0,
        -0.6,
        0,
        0.333,
        -1,
        2,
        0.533,
        -1,
        2,
        1.167,
        -1,
        2,
        1.9,
        -1,
        2,
        2.667,
        -1,
        2,
        3.467,
        -1,
        2,
        3.767,
        -1,
        0,
        3.967,
        -0.6,
        2,
        4.933,
        -0.6,
        0,
        5.433,
        -0.7,
        2,
        6.333,
        -0.7,
        2,
        6.7,
        -0.7,
        2,
        7.467,
        -0.7,
        2,
        7.867,
        -0.7,
        0,
        8,
        0.5,
        2,
        8.4,
        0.5
      ]
    },
    {
      "Target": "Parameter",
      "Id": "PARAM_BROW_R_FORM",
      "Segments": [
        0,
        -0.6,
        0,
        0.333,
        -1,
        2,
        0.533,
        -1,
        2,
        1.167,
        -1,
        2,
        1.9,
        -1,
        2,
        2.667,
        -1,
        2,
        3.467,
        -1,
        2,
        3.767,
        -1,
        0,
        3.967,
        -0.6,
        2,
        4.933,
        -0.6,
        0,
        5.433,
        -0.7,
        2,
        6.333,
        -0.7,
        2,
        6.7,
        -0.7,
        2,
        7.467,
        -0.7,
        2,
        7.867,
        -0.7,
        0,
        8,
        0.5,
        2,
        8.4,
        0.5
      ]
    },
    {
      "Target": "Parameter",
      "Id": "PARAM_MOUTH_OPEN",
      "Segments": [
        0,
        0,
        2,
        0.267,
        0,
        2,
        0.3,
        0,
        2,
        0.333,
        0,
        2,
        0.533,
        0,
        2,
        1.167,
        0,
        2,
        1.9,
        0,
        2,
        2.667,
        0,
        2,
        3.467,
        0,
        2,
        3.767,
        0,
        2,
        4.933,
        0,
        2,
        5.167,
        0,
        2,
        5.2,
        2,
        2,
        5.433,
        2,
        2,
        6.333,
        2,
        2,
        6.467,
        2,
        2,
        6.667,
        2,
        2,
        6.7,
        0,
        2,
        7.467,
        0,
        2,
        8.4,
        0
      ]
    },
    {
      "Target": "Parameter",
      "Id": "PARAM_MOUTH_FORM",
      "Segments": [
        0,
        -1,
        2,
        0.267,
        -1,
        2,
        0.3,
        -1,
        2,
        0.333,
        -1,
        2,
        0.533,
        -1,
        2,
        1.167,
        -1,
        2,
        1.9,
        -1,
        2,
        2.667,
        -1,
        2,
        3.467,
        -1,
        2,
        3.767,
        -1,
        2,
        4.933,
        -1,
        2,
        5.167,
        -1,
        2,
        5.2,
        1,
        2,
        5.433,
        1,
        2,
        6.333,
        1,
        2,
        6.467,
        1,
        2,
        6.667,
        1,
        2,
        6.7,
        1,
        2,
        7.467,
        1,
        0,
        8.4,
        -0.6
      ]
    },
    {
      "Target": "Parameter",
      "Id": "PARAM_MOUTH_SPECIAL",
      "Segments": [
        0,
        0,
        2,
        0.267,
        0,
        2,
        0.3,
        1,
        2,
        0.333,
        1,
        2,
        0.533,
        1,
        2,
        1.167,
        1,
        2,
        1.9,
        1,
        2,
        2.667,
        1,
        2,
        3.467,
        1,
        2,
        3.767,
        1,
        2,
        4.933,
        1,
        2,
        5.167,
        1,
        2,
        5.2,
        1,
        2,
        5.433,
        1,
        2,
        6.333,
        1,
        2,
        6.467,
        1,
        2,
        6.667,
        1,
        2,
        6.7,
        0,
        2,
        7.467,
        0,
        2,
        8.4,
        0
      ]
    },
    {
      "Target": "Parameter",
      "Id": "PARAM_MOUTH_SIZE",
      "Segments": [
        0,
        -0.9,
        2,
        0.267,
        -0.9,
        0,
        0.3,
        -0.274,
        2,
        0.333,
        -0.274,
        2,
        0.533,
        -0.274,
        0,
        1.167,
        -1,
        0,
        1.9,
        0,
        0,
        2.667,
        -1,
        0,
        3.467,
        0,
        0,
        3.767,
        -1,
        2,
        4.933,
        -1,
        2,
        5.167,
        -1,
        0,
        5.2,
        0,
        2,
        5.433,
        0,
        2,
        6.333,
        0,
        2,
        6.467,
        0,
        2,
        6.667,
        0,
        2,
        6.7,
        0,
        2,
        7.467,
        0,
        0,
        8.4,
        -0.5
      ]
    },
    {
      "Target": "Parameter",
      "Id": "PARAM_MOUTH_X",
      "Segments": [
        0,
        0,
        2,
        0.267,
        0,
        2,
        0.3,
        0,
        2,
        0.333,
        0,
        2,
        0.533,
        0,
        2,
        1.167,
        0,
        2,
        1.9,
        0,
        2,
        2.667,
        0,
        2,
        3.467,
        0,
        2,
        3.767,
        0,
        2,
        4.933,
        0,
        2,
        5.167,
        0,
        2,
        5.2,
        0,
        2,
        5.433,
        0,
        2,
        6.333,
        0,
        2,
        6.467,
        0,
        2,
        6.667,
        0,
        2,
        6.7,
        0,
        0,
        6.867,
        0.5,
        2,
        7.467,
        0.5,
        0,
        8.4,
        0
      ]
    },
    {
      "Target": "Parameter",
      "Id": "PARAM_MOUTH_Y",
      "Segments": [
        0,
        0,
        2,
        0.267,
        0,
        2,
        0.3,
        0,
        2,
        0.333,
        0,
        2,
        0.533,
        0,
        2,
        1.167,
        0,
        2,
        1.9,
        0,
        2,
        2.667,
        0,
        2,
        3.467,
        0,
        2,
        3.767,
        0,
        2,
        4.933,
        0,
        2,
        5.167,
        0,
        2,
        5.2,
        0,
        2,
        5.433,
        0,
        2,
        6.333,
        0,
        2,
        6.467,
        0,
        2,
        6.667,
        0,
        2,
        6.7,
        0,
        0,
        6.867,
        0.4,
        2,
        7.467,
        0.4,
        0,
        8.4,
        0
      ]
    },
    {
      "Target": "Parameter",
      "Id": "PARAM_SHY",
      "Segments": [
        0,
        1,
        2,
        0.333,
        1,
        2,
        0.533,
        1,
        2,
        1.167,
        1,
        2,
        1.9,
        1,
        2,
        2.667,
        1,
        2,
        3.467,
        1,
        2,
        3.767,
        1,
        2,
        4.933,
        1,
        0,
        5.433,
        0,
        2,
        6.333,
        0,
        2,
        6.7,
        0,
        2,
        7.467,
        0,
        2,
        8.4,
        0
      ]
    },
    {
      "Target": "Parameter",
      "Id": "PARAM_TERE",
      "Segments": [
        0,
        0.6,
        0,
        0.333,
        1,
        2,
        0.533,
        1,
        2,
        1.167,
        1,
        2,
        1.9,
        1,
        2,
        2.667,
        1,
        2,
        3.467,
        1,
        2,
        3.767,
        1,
        2,
        4.933,
        1,
        0,
        5.433,
        0.6,
        2,
        6.333,
        0.6,
        2,
        6.7,
        0.6,
        2,
        7.467,
        0.6,
        0,
        8.4,
        0.8
      ]
    },
    {
      "Target": "Parameter",
      "Id": "PARAM_HAN",
      "Segments": [
        0,
        1,
        2,
        0.333,
        1,
        2,
        0.533,
        1,
        2,
        1.167,
        1,
        2,
        1.2,
        0,
        0,
        3.767,
        1,
        2,
        3.8,
        0,
        2,
        4.933,
        0,
        2,
        5.433,
        0,
        2,
        6.333,
        0,
        2,
        6.7,
        0,
        2,
        7.467,
        0,
        2,
        8.4,
        0
      ]
    },
    {
      "Target": "Parameter",
      "Id": "PARAM_ANGRY",
      "Segments": [
        0,
        0,
        2,
        0.333,
        0,
        2,
        0.533,
        0,
        2,
        1.167,
        0,
        2,
        1.9,
        0,
        2,
        2.667,
        0,
        2,
        3.467,
        0,
        2,
        3.767,
        0,
        2,
        4.933,
        0,
        1,
        5.1,
        0,
        5.266,
        0.218,
        5.433,
        1,
        1,
        5.478,
        1.209,
        5.522,
        1.918,
        5.567,
        1.918,
        0,
        5.633,
        1,
        0,
        5.733,
        1.918,
        0,
        5.8,
        1,
        0,
        5.9,
        1.918,
        0,
        6,
        1,
        0,
        6.033,
        1.918,
        0,
        6.067,
        1,
        0,
        6.2,
        1.918,
        0,
        6.333,
        1,
        2,
        6.7,
        1,
        2,
        6.767,
        1,
        0,
        6.8,
        0,
        2,
        8.4,
        0
      ]
    },
    {
      "Target": "Parameter",
      "Id": "PARAM_HEI",
      "Segments": [
        0,
        -1,
        0,
        0.333,
        -0.7,
        2,
        0.533,
        -0.7,
        2,
        1.167,
        -0.7,
        2,
        1.9,
        -0.7,
        2,
        2.667,
        -0.7,
        2,
        3.467,
        -0.7,
        2,
        3.767,
        -0.7,
        2,
        4.933,
        -0.7,
        0,
        5.433,
        -0.5,
        2,
        6.333,
        -0.5,
        0,
        6.7,
        -1,
        2,
        7.467,
        -1,
        2,
        8.4,
        -1
      ]
    },
    {
      "Target": "Parameter",
      "Id": "PARAM_FAT",
      "Segments": [
        0,
        0,
        2,
        0.333,
        0,
        2,
        0.533,
        0,
        2,
        1.167,
        0,
        2,
        1.9,
        0,
        2,
        2.667,
        0,
        2,
        3.467,
        0,
        2,
        3.767,
        0,
        2,
        4.933,
        0,
        0,
        5.433,
        1,
        2,
        6.333,
        1,
        2,
        6.7,
        1,
        2,
        7.467,
        1,
        0,
        8.4,
        0
      ]
    },
    {
      "Target": "Parameter",
      "Id": "PARAM_YINYING",
      "Segments": [
        0,
        0,
        2,
        0.333,
        0,
        2,
        0.533,
        0,
        2,
        1.167,
        0,
        2,
        1.9,
        0,
        2,
        2.667,
        0,
        2,
        3.467,
        0,
        2,
        3.767,
        0,
        2,
        4.933,
        0,
        0,
        5.433,
        0.9,
        2,
        6.333,
        0.9,
        0,
        6.7,
        0,
        2,
        7.467,
        0,
        2,
        8.4,
        0
      ]
    },
    {
      "Target": "Parameter",
      "Id": "PARAM_BREATH",
      "Segments": [
        0,
        0,
        2,
        0.333,
        0,
        2,
        0.533,
        0,
        2,
        1.167,
        0,
        2,
        1.9,
        0,
        2,
        2.667,
        0,
        2,
        3.467,
        0,
        2,
        3.767,
        0,
        2,
        4.933,
        0,
        0,
        5.433,
        0.441,
        2,
        6.333,
        0.441,
        2,
        6.7,
        0.441,
        2,
        7.467,
        0.441,
        0,
        8.4,
        0
      ]
    },
    {
      "Target": "Parameter",
      "Id": "PARAM_XIANQUNZI_1",
      "Segments": [
        0,
        1,
        2,
        0.267,
        1,
        0,
        0.333,
        0,
        2,
        0.533,
        0,
        2,
        1.167,
        0,
        2,
        1.9,
        0,
        2,
        2.667,
        0,
        2,
        3.467,
        0,
        2,
        3.767,
        0,
        2,
        4.933,
        0,
        2,
        5.433,
        0,
        2,
        6.033,
        0,
        2,
        6.5,
        0,
        2,
        7.4,
        0,
        2,
        8.4,
        0
      ]
    },
    {
      "Target": "Parameter",
      "Id": "PARAM_XIANQUNZI_2",
      "Segments": [
        0,
        1,
        2,
        0.267,
        1,
        0,
        0.333,
        0,
        2,
        0.533,
        0,
        2,
        1.167,
        0,
        2,
        1.9,
        0,
        2,
        2.667,
        0,
        2,
        3.467,
        0,
        2,
        3.767,
        0,
        2,
        4.933,
        0,
        2,
        5.433,
        0,
        2,
        6.033,
        0,
        2,
        6.5,
        0,
        2,
        7.4,
        0,
        2,
        8.4,
        0
      ]
    },
    {
      "Target": "PartOpacity",
      "Id": "PARTS_GUDIAN",
      "Segments": [
        0,
        1,
        2,
        0.33,
        1,
        2,
        0.53,
        1,
        2,
        1.17,
        1,
        2,
        1.9,
        1,
        2,
        2.67,
        1,
        2,
        3.47,
        1,
        2,
        3.77,
        1,
        2,
        4.93,
        1,
        2,
        6.5,
        1,
        2,
        7.4,
        1,
        2,
        8.4,
        1
      ]
    },
    {
      "Target": "PartOpacity",
      "Id": "PARTS_01_ARM_L_01",
      "Segments": [
        0,
        1,
        2,
        0.33,
        1,
        2,
        0.53,
        1,
        2,
        1.17,
        1,
        2,
        1.9,
        1,
        2,
        2.67,
        1,
        2,
        3.47,
        1,
        2,
        3.77,
        1,
        2,
        4.93,
        1,
        2,
        5.43,
        1,
        2,
        6.33,
        1,
        2,
        6.7,
        1,
        2,
        7.47,
        1,
        2,
        8.4,
        1
      ]
    },
    {
      "Target": "PartOpacity",
      "Id": "PARTS_01_ARM_R_01",
      "Segments": [
        0,
        1,
        2,
        0.33,
        1,
        2,
        0.53,
        1,
        2,
        1.17,
        1,
        2,
        1.9,
        1,
        2,
        2.67,
        1,
        2,
        3.47,
        1,
        2,
        3.77,
        1,
        2,
        4.93,
        1,
        2,
        5.43,
        1,
        2,
        6.33,
        1,
        2,
        6.7,
        1,
        2,
        7.47,
        1,
        2,
        8.4,
        1
      ]
    },
    {
      "Target": "PartOpacity",
      "Id": "PARTS_01_BODY",
      "Segments": [
        0,
        1,
        2,
        0.33,
        1,
        2,
        0.53,
        1,
        2,
        1.17,
        1,
        2,
        1.9,
        1,
        2,
        2.67,
        1,
        2,
        3.47,
        1,
        2,
        3.77,
        1,
        2,
        4.93,
        1,
        2,
        5.43,
        1,
        2,
        6.33,
        1,
        2,
        6.7,
        1,
        2,
        7.47,
        1,
        2,
        8.4,
        1
      ]
    },
    {
      "Target": "PartOpacity",
      "Id": "PARTS_01_NECK",
      "Segments": [
        0,
        1,
        2,
        0.33,
        1,
        2,
        0.53,
        1,
        2,
        1.17,
        1,
        2,
        1.9,
        1,
        2,
        2.67,
        1,
        2,
        3.47,
        1,
        2,
        3.77,
        1,
        2,
        4.93,
        1,
        2,
        5.43,
        1,
        2,
        6.33,
        1,
        2,
        6.7,
        1,
        2,
        7.47,
        1,
        2,
        8.4,
        1
      ]
    },
    {
      "Target": "PartOpacity",
      "Id": "PARTS_01_HAIR_BACK_001",
      "Segments": [
        0,
        1,
        2,
        0.33,
        1,
        2,
        0.53,
        1,
        2,
        1.17,
        1,
        2,
        1.9,
        1,
        2,
        2.67,
        1,
        2,
        3.47,
        1,
        2,
        3.77,
        1,
        2,
        4.93,
        1,
        2,
        5.43,
        1,
        2,
        6.33,
        1,
        2,
        6.7,
        1,
        2,
        7.47,
        1,
        2,
        8.4,
        1
      ]
    },
    {
      "Target": "PartOpacity",
      "Id": "PARTS_01_HAIR_SIDE_001",
      "Segments": [
        0,
        1,
        2,
        0.33,
        1,
        2,
        0.53,
        1,
        2,
        1.17,
        1,
        2,
        1.9,
        1,
        2,
        2.67,
        1,
        2,
        3.47,
        1,
        2,
        3.77,
        1,
        2,
        4.93,
        1,
        2,
        5.43,
        1,
        2,
        6.33,
        1,
        2,
        6.7,
        1,
        2,
        7.47,
        1,
        2,
        8.4,
        1
      ]
    },
    {
      "Target": "PartOpacity",
      "Id": "PARTS_01_HAIR_FRONT_001",
      "Segments": [
        0,
        1,
        2,
        0.33,
        1,
        2,
        0.53,
        1,
        2,
        1.17,
        1,
        2,
        1.9,
        1,
        2,
        2.67,
        1,
        2,
        3.47,
        1,
        2,
        3.77,
        1,
        2,
        4.93,
        1,
        2,
        5.43,
        1,
        2,
        6.33,
        1,
        2,
        6.7,
        1,
        2,
        7.47,
        1,
        2,
        8.4,
        1
      ]
    },
    {
      "Target": "PartOpacity",
      "Id": "PARTS_01_EAR_001",
      "Segments": [
        0,
        1,
        2,
        0.33,
        1,
        2,
        0.53,
        1,
        2,
        1.17,
        1,
        2,
        1.9,
        1,
        2,
        2.67,
        1,
        2,
        3.47,
        1,
        2,
        3.77,
        1,
        2,
        4.93,
        1,
        2,
        5.43,
        1,
        2,
        6.33,
        1,
        2,
        6.7,
        1,
        2,
        7.47,
        1,
        2,
        8.4,
        1
      ]
    },
    {
      "Target": "PartOpacity",
      "Id": "PARTS_01_NOSE_001",
      "Segments": [
        0,
        1,
        2,
        0.33,
        1,
        2,
        0.53,
        1,
        2,
        1.17,
        1,
        2,
        1.9,
        1,
        2,
        2.67,
        1,
        2,
        3.47,
        1,
        2,
        3.77,
        1,
        2,
        4.93,
        1,
        2,
        5.43,
        1,
        2,
        6.33,
        1,
        2,
        6.7,
        1,
        2,
        7.47,
        1,
        2,
        8.4,
        1
      ]
    },
    {
      "Target": "PartOpacity",
      "Id": "PARTS_01_MOUTH_001",
      "Segments": [
        0,
        1,
        2,
        0.33,
        1,
        2,
        0.53,
        1,
        2,
        1.17,
        1,
        2,
        1.9,
        1,
        2,
        2.67,
        1,
        2,
        3.47,
        1,
        2,
        3.77,
        1,
        2,
        4.93,
        1,
        2,
        5.43,
        1,
        2,
        6.33,
        1,
        2,
        6.7,
        1,
        2,
        7.47,
        1,
        2,
        8.4,
        1
      ]
    },
    {
      "Target": "PartOpacity",
      "Id": "PARTS_01_BROW_001",
      "Segments": [
        0,
        1,
        2,
        0.33,
        1,
        2,
        0.53,
        1,
        2,
        1.17,
        1,
        2,
        1.9,
        1,
        2,
        2.67,
        1,
        2,
        3.47,
        1,
        2,
        3.77,
        1,
        2,
        4.93,
        1,
        2,
        5.43,
        1,
        2,
        6.33,
        1,
        2,
        6.7,
        1,
        2,
        7.47,
        1,
        2,
        8.4,
        1
      ]
    },
    {
      "Target": "PartOpacity",
      "Id": "PARTS_01_EYE_BALL_001",
      "Segments": [
        0,
        1,
        2,
        0.33,
        1,
        2,
        0.53,
        1,
        2,
        1.17,
        1,
        2,
        1.9,
        1,
        2,
        2.67,
        1,
        2,
        3.47,
        1,
        2,
        3.77,
        1,
        2,
        4.93,
        1,
        2,
        5.43,
        1,
        2,
        6.33,
        1,
        2,
        6.7,
        1,
        2,
        7.47,
        1,
        2,
        8.4,
        1
      ]
    },
    {
      "Target": "PartOpacity",
      "Id": "PARTS_01_EYE_001",
      "Segments": [
        0,
        1,
        2,
        0.33,
        1,
        2,
        0.53,
        1,
        2,
        1.17,
        1,
        2,
        1.9,
        1,
        2,
        2.67,
        1,
        2,
        3.47,
        1,
        2,
        3.77,
        1,
        2,
        4.93,
        1,
        2,
        5.43,
        1,
        2,
        6.33,
        1,
        2,
        6.7,
        1,
        2,
        7.47,
        1,
        2,
        8.4,
        1
      ]
    },
    {
      "Target": "PartOpacity",
      "Id": "PARTS_01_FACE_001",
      "Segments": [
        0,
        1,
        2,
        0.33,
        1,
        2,
        0.53,
        1,
        2,
        1.17,
        1,
        2,
        1.9,
        1,
        2,
        2.67,
        1,
        2,
        3.47,
        1,
        2,
        3.77,
        1,
        2,
        4.93,
        1,
        2,
        5.43,
        1,
        2,
        6.33,
        1,
        2,
        6.7,
        1,
        2,
        7.47,
        1,
        2,
        8.4,
        1
      ]
    },
    {
      "Target": "PartOpacity",
      "Id": "ROUGH",
      "Segments": [
        0,
        1,
        2,
        0.33,
        1,
        2,
        0.53,
        1,
        2,
        1.17,
        1,
        2,
        1.9,
        1,
        2,
        2.67,
        1,
        2,
        3.47,
        1,
        2,
        3.77,
        1,
        2,
        4.93,
        1,
        2,
        5.43,
        1,
        2,
        6.33,
        1,
        2,
        6.7,
        1,
        2,
        7.47,
        1,
        2,
        8.4,
        1
      ]
    },
    {
      "Target": "Model",
      "Id": "Opacity",
      "Segments": [
        0,
        1,
        0,
        8.4,
        1
      ]
    },
    {
      "Target": "Parameter",
      "Id": "PARAM_TANGDIE",
      "Segments": [
        0,
        0,
        0,
        8.4,
        0
      ]
    },
    {
      "Target": "Parameter",
      "Id": "PARAM_HAND_R_LEVEL",
      "Segments": [
        0,
        1,
        0,
        8.4,
        1
      ]
    },
    {
      "Target": "Parameter",
      "Id": "PARAM_YIFU",
      "Segments": [
        0,
        0,
        0,
        8.4,
        0
      ]
    },
    {
      "Target": "Parameter",
      "Id": "PARAM_CHICKEN",
      "Segments": [
        0,
        0,
        0,
        8.4,
        0
      ]
    },
    {
      "Target": "Parameter",
      "Id": "PARAM_CHICKEN_MOVE",
      "Segments": [
        0,
        0,
        0,
        8.4,
        0
      ]
    },
    {
      "Target": "Parameter",
      "Id": "PARAM_BANSHOU_MOVE",
      "Segments": [
        0,
        0,
        0,
        8.4,
        0
      ]
    },
    {
      "Target": "Parameter",
      "Id": "PARAM_BANSHOU_MOVE_01",
      "Segments": [
        0,
        0,
        0,
        8.4,
        0
      ]
    },
    {
      "Target": "Parameter",
      "Id": "PARAM_SHAOZI",
      "Segments": [
        0,
        0,
        0,
        8.4,
        0
      ]
    },
    {
      "Target": "Parameter",
      "Id": "PARAM_SHAOZI_MOVE",
      "Segments": [
        0,
        0,
        0,
        8.4,
        0
      ]
    },
    {
      "Target": "Parameter",
      "Id": "PARAM_SHAOZI_MOVE_01",
      "Segments": [
        0,
        0,
        0,
        8.4,
        0
      ]
    },
    {
      "Target": "Parameter",
      "Id": "PARAM_SOUP",
      "Segments": [
        0,
        0,
        0,
        8.4,
        0
      ]
    },
    {
      "Target": "Parameter",
      "Id": "PARAM_JITA_CHUXIAN",
      "Segments": [
        0,
        0,
        0,
        8.4,
        0
      ]
    },
    {
      "Target": "Parameter",
      "Id": "PARAM_JITA_LEVEL",
      "Segments": [
        0,
        0,
        0,
        8.4,
        0
      ]
    },
    {
      "Target": "Parameter",
      "Id": "PARAM_JITA_MOVE_X",
      "Segments": [
        0,
        0,
        0,
        8.4,
        0
      ]
    },
    {
      "Target": "Parameter",
      "Id": "PARAM_JITA_MOVE_Y",
      "Segments": [
        0,
        0,
        0,
        8.4,
        0
      ]
    },
    {
      "Target": "Parameter",
      "Id": "PARAM_JITA_Z",
      "Segments": [
        0,
        0,
        0,
        8.4,
        0
      ]
    },
    {
      "Target": "Parameter",
      "Id": "PARAM_JITA_X",
      "Segments": [
        0,
        0,
        0,
        8.4,
        0
      ]
    },
    {
      "Target": "Parameter",
      "Id": "PARAM_JITA_Y",
      "Segments": [
        0,
        0,
        0,
        8.4,
        0
      ]
    },
    {
      "Target": "Parameter",
      "Id": "PARAM_JINADAI_X",
      "Segments": [
        0,
        0,
        0,
        8.4,
        0
      ]
    },
    {
      "Target": "Parameter",
      "Id": "PARAM_JIANDAI_Y",
      "Segments": [
        0,
        0,
        0,
        8.4,
        0
      ]
    },
    {
      "Target": "Parameter",
      "Id": "PARAM_JIANDAI_BACK_X",
      "Segments": [
        0,
        0,
        0,
        8.4,
        0
      ]
    },
    {
      "Target": "Parameter",
      "Id": "PARAM_JIANDAI_BACK_Y",
      "Segments": [
        0,
        0,
        0,
        8.4,
        0
      ]
    },
    {
      "Target": "Parameter",
      "Id": "PARAM_EYE_BALL_BAIYAN",
      "Segments": [
        0,
        0,
        0,
        8.4,
        0
      ]
    },
    {
      "Target": "Parameter",
      "Id": "PARAM_EYE_BALL_KIRAKIRA",
      "Segments": [
        0,
        0,
        0,
        8.4,
        0
      ]
    },
    {
      "Target": "Parameter",
      "Id": "PARAM_EYE_kira_R1",
      "Segments": [
        0,
        1,
        0,
        8.4,
        1
      ]
    },
    {
      "Target": "Parameter",
      "Id": "PARAM_EYE_kira_R2",
      "Segments": [
        0,
        0.5,
        0,
        8.4,
        0.5
      ]
    },
    {
      "Target": "Parameter",
      "Id": "PARAM_EYE_kira_L1",
      "Segments": [
        0,
        1,
        0,
        8.4,
        1
      ]
    },
    {
      "Target": "Parameter",
      "Id": "PARAM_EYE_kira_L2",
      "Segments": [
        0,
        0.5,
        0,
        8.4,
        0.5
      ]
    },
    {
      "Target": "Parameter",
      "Id": "PARAM_EYE_TI2",
      "Segments": [
        0,
        0,
        0,
        8.4,
        0
      ]
    },
    {
      "Target": "Parameter",
      "Id": "PARAM_MOUTH_WIDTH",
      "Segments": [
        0,
        1,
        0,
        8.4,
        1
      ]
    },
    {
      "Target": "Parameter",
      "Id": "PARAM_MOUTH_DEFORM_SPECIAL",
      "Segments": [
        0,
        0,
        0,
        8.4,
        0
      ]
    },
    {
      "Target": "Parameter",
      "Id": "PARAM_TERE2",
      "Segments": [
        0,
        0,
        0,
        8.4,
        0
      ]
    },
    {
      "Target": "Parameter",
      "Id": "PARAM_WATER",
      "Segments": [
        0,
        0,
        0,
        8.4,
        0
      ]
    },
    {
      "Target": "Parameter",
      "Id": "PARAM_LIANHEIXIAN",
      "Segments": [
        0,
        0,
        0,
        8.4,
        0
      ]
    },
    {
      "Target": "Parameter",
      "Id": "PARAM_HEIXIAN",
      "Segments": [
        0,
        0,
        0,
        8.4,
        0
      ]
    },
    {
      "Target": "Parameter",
      "Id": "PARAM_TANQI",
      "Segments": [
        0,
        0,
        0,
        8.4,
        0
      ]
    },
    {
      "Target": "Parameter",
      "Id": "PARAM_ZHAMAO",
      "Segments": [
        0,
        0,
        0,
        8.4,
        0
      ]
    },
    {
      "Target": "Parameter",
      "Id": "PARAM_RU_X",
      "Segments": [
        0,
        0,
        0,
        8.4,
        0
      ]
    },
    {
      "Target": "Parameter",
      "Id": "PARAM_RU_Y",
      "Segments": [
        0,
        0,
        0,
        8.4,
        0
      ]
    },
    {
      "Target": "Parameter",
      "Id": "PARAM_HAIR_FRONT",
      "Segments": [
        0,
        0,
        0,
        8.4,
        0
      ]
    },
    {
      "Target": "Parameter",
      "Id": "PARAM_HAIR_FROUT_2",
      "Segments": [
        0,
        0,
        0,
        8.4,
        0
      ]
    },
    {
      "Target": "Parameter",
      "Id": "PARAM_HAIR_FROUT_WAVE",
      "Segments": [
        0,
        0,
        0,
        8.4,
        0
      ]
    },
    {
      "Target": "Parameter",
      "Id": "PARAM_HAIR_SIDE_R",
      "Segments": [
        0,
        0,
        0,
        8.4,
        0
      ]
    },
    {
      "Target": "Parameter",
      "Id": "PARAM_HAIR_SIDE_R2",
      "Segments": [
        0,
        0,
        0,
        8.4,
        0
      ]
    },
    {
      "Target": "Parameter",
      "Id": "PARAM_HAIR_SIDE_WAVE",
      "Segments": [
        0,
        0,
        0,
        8.4,
        0
      ]
    },
    {
      "Target": "Parameter",
      "Id": "PARAM_HAIR_SIDE_R3",
      "Segments": [
        0,
        0,
        0,
        8.4,
        0
      ]
    },
    {
      "Target": "Parameter",
      "Id": "PARAM_HAIR_SIDE_L",
      "Segments": [
        0,
        0,
        0,
        8.4,
        0
      ]
    },
    {
      "Target": "Parameter",
      "Id": "PARAM_HAIR_SIDE_L3",
      "Segments": [
        0,
        0,
        0,
        8.4,
        0
      ]
    },
    {
      "Target": "Parameter",
      "Id": "PARAM_HAIR_BACK_WAVE",
      "Segments": [
        0,
        0,
        0,
        8.4,
        0
      ]
    },
    {
      "Target": "Parameter",
      "Id": "PARAM_YICENGQUN_YIDUAN_SHAKE",
      "Segments": [
        0,
        0,
        0,
        8.4,
        0
      ]
    },
    {
      "Target": "Parameter",
      "Id": "PARAM_PARAM_YICENGQUN_ERDUAN_SHAKE",
      "Segments": [
        0,
        0,
        0,
        8.4,
        0
      ]
    },
    {
      "Target": "Parameter",
      "Id": "PARAM_YICENGSHA_1DUAN_SHAKE",
      "Segments": [
        0,
        0,
        0,
        8.4,
        0
      ]
    },
    {
      "Target": "Parameter",
      "Id": "PARAM_YICESHA_2DUAN_SHAKE",
      "Segments": [
        0,
        0,
        0,
        8.4,
        0
      ]
    },
    {
      "Target": "Parameter",
      "Id": "PARAM_ERCENGSHA_1DUAN_SHAKE",
      "Segments": [
        0,
        0,
        0,
        8.4,
        0
      ]
    },
    {
      "Target": "Parameter",
      "Id": "PARAM_ERCENGSAHA_2DUAN_SHAKE",
      "Segments": [
        0,
        0,
        0,
        8.4,
        0
      ]
    }
  ],
  "UserData": []
}