{
  "Version": 3,
  "Meta": {
    "Duration": 7.67,
    "Fps": 30.0,
    "Loop": true,
    "AreBeziersRestricted": true,
    "CurveCount": 134,
    "TotalSegmentCount": 1184,
    "TotalPointCount": 1310,
    "UserDataCount": 0,
    "TotalUserDataSize": 0
  },
  "Curves": [
    {
      "Target": "Parameter",
      "Id": "PARAM_ANGLE_X",
      "Segments": [
        0,
        -9,
        0,
        0.733,
        30,
        0,
        1.333,
        -24,
        0,
        2,
        30,
        0,
        2.667,
        -24,
        2,
        2.967,
        -24,
        0,
        3.2,
        -6,
        2,
        3.3,
        -6,
        2,
        3.9,
        -6,
        0,
        4,
        13.6,
        0,
        4.333,
        -51.6,
        0,
        4.467,
        -38.812,
        0,
        4.633,
        -60,
        1,
        4.733,
        -60,
        4.833,
        -38.914,
        4.933,
        -35.559,
        1,
        5.089,
        -30.34,
        5.244,
        -30,
        5.4,
        -30,
        1,
        5.433,
        -30,
        5.467,
        -31.574,
        5.5,
        -35,
        1,
        5.544,
        -39.568,
        5.589,
        -42,
        5.633,
        -42,
        0,
        5.8,
        -33.6,
        0,
        6,
        -56.423,
        0,
        6.2,
        -41.12,
        0,
        6.433,
        -56.423,
        0,
        6.7,
        -41.12,
        0,
        7,
        -60,
        0,
        7.667,
        -9
      ]
    },
    {
      "Target": "Parameter",
      "Id": "PARAM_ANGLE_Y",
      "Segments": [
        0,
        -15,
        0,
        0.167,
        -30,
        0,
        0.433,
        30,
        0,
        0.733,
        -9.067,
        0,
        1.167,
        30,
        0,
        1.5,
        -9.067,
        0,
        1.833,
        30,
        0,
        2.167,
        -9.067,
        0,
        2.5,
        30,
        1,
        2.611,
        30,
        2.722,
        -0.251,
        2.833,
        -9.067,
        1,
        2.878,
        -12.593,
        2.922,
        -11.224,
        2.967,
        -13.716,
        1,
        3.011,
        -16.208,
        3.056,
        -30,
        3.1,
        -30,
        1,
        3.133,
        -30,
        3.167,
        14.439,
        3.2,
        17.867,
        1,
        3.278,
        25.864,
        3.355,
        26.933,
        3.433,
        26.933,
        2,
        3.9,
        26.933,
        0,
        4.1,
        30,
        0,
        4.333,
        -13,
        2,
        4.633,
        -13,
        0,
        4.8,
        -17.6,
        1,
        4.878,
        -17.6,
        4.955,
        -15.702,
        5.033,
        -11.353,
        1,
        5.155,
        -4.518,
        5.278,
        -0.8,
        5.4,
        -0.8,
        1,
        5.533,
        -0.8,
        5.667,
        -17.942,
        5.8,
        -20,
        1,
        6.2,
        -26.174,
        6.6,
        -27.467,
        7,
        -27.467,
        0,
        7.333,
        7,
        0,
        7.667,
        -15
      ]
    },
    {
      "Target": "Parameter",
      "Id": "PARAM_ANGLE_Z",
      "Segments": [
        0,
        3,
        1,
        0.178,
        3,
        0.355,
        2.797,
        0.533,
        4,
        1,
        0.7,
        5.128,
        0.866,
        38.333,
        1.033,
        38.333,
        0,
        1.667,
        -11.443,
        0,
        2.333,
        38.333,
        0,
        2.967,
        -11.443,
        0,
        3.3,
        20,
        2,
        3.9,
        20,
        0,
        4.1,
        30,
        0,
        4.333,
        -15.29,
        2,
        4.633,
        -15.29,
        1,
        4.733,
        -15.29,
        4.833,
        -9.92,
        4.933,
        -8.145,
        1,
        5.089,
        -5.384,
        5.244,
        -5.101,
        5.4,
        -5.101,
        1,
        5.456,
        -5.101,
        5.511,
        -11.174,
        5.567,
        -12.524,
        1,
        6.045,
        -24.136,
        6.522,
        -28.76,
        7,
        -28.76,
        0,
        7.333,
        24,
        0,
        7.667,
        3
      ]
    },
    {
      "Target": "Parameter",
      "Id": "PARAM_BODY_ANGLE_X",
      "Segments": [
        0,
        -4,
        1,
        0.178,
        -4,
        0.355,
        -1.343,
        0.533,
        3.231,
        1,
        0.6,
        4.946,
        0.666,
        5.5,
        0.733,
        5.5,
        0,
        1.333,
        -2,
        0,
        2,
        5.5,
        1,
        2.222,
        5.5,
        2.445,
        0.232,
        2.667,
        -1.5,
        1,
        2.767,
        -2.279,
        2.867,
        -2,
        2.967,
        -2,
        0,
        3.133,
        1,
        2,
        3.3,
        1,
        0,
        3.9,
        3.72,
        1,
        4,
        3.72,
        4.1,
        -4.713,
        4.2,
        -7.584,
        1,
        4.289,
        -10.135,
        4.378,
        -10,
        4.467,
        -10,
        0,
        4.633,
        -8,
        0,
        4.933,
        -10,
        0,
        5.4,
        -8.797,
        0,
        5.5,
        -10,
        0,
        5.8,
        -8.797,
        0,
        6,
        -10,
        0,
        6.2,
        -8.797,
        0,
        6.433,
        -10,
        0,
        6.7,
        -8.797,
        0,
        7,
        -10,
        0,
        7.333,
        -1.109,
        0,
        7.667,
        -4
      ]
    },
    {
      "Target": "Parameter",
      "Id": "PARAM_BODY_ANGLE_Y",
      "Segments": [
        0,
        0,
        0,
        0.333,
        7,
        1,
        0.4,
        7,
        0.466,
        1.077,
        0.533,
        -0.037,
        1,
        0.6,
        -1.151,
        0.666,
        -1.047,
        0.733,
        -1.047,
        0,
        1.033,
        10,
        0,
        1.333,
        -1.047,
        0,
        1.667,
        10,
        0,
        2,
        -1.047,
        0,
        2.333,
        10,
        1,
        2.444,
        10,
        2.556,
        -0.359,
        2.667,
        -0.654,
        1,
        2.767,
        -0.919,
        2.867,
        -0.874,
        2.967,
        -1.047,
        1,
        3,
        -1.104,
        3.034,
        -4.496,
        3.067,
        -4.496,
        1,
        3.089,
        -4.496,
        3.111,
        1.997,
        3.133,
        3,
        1,
        3.189,
        5.507,
        3.244,
        5.986,
        3.3,
        5.986,
        2,
        3.9,
        5.986,
        0,
        4.2,
        -1.302,
        2,
        4.633,
        -1.302,
        0,
        4.8,
        -1.868,
        0,
        5.133,
        -1.047,
        0,
        5.567,
        -2.255,
        2,
        7,
        -2.255,
        0,
        7.667,
        0
      ]
    },
    {
      "Target": "Parameter",
      "Id": "PARAM_BODY_ANGLE_Z",
      "Segments": [
        0,
        -0.879,
        0,
        0.167,
        -2.406,
        1,
        0.289,
        -2.406,
        0.411,
        1.291,
        0.533,
        4.072,
        1,
        0.6,
        5.589,
        0.666,
        5.5,
        0.733,
        5.5,
        0,
        1.333,
        0,
        0,
        2,
        5.5,
        1,
        2.222,
        5.5,
        2.445,
        2.643,
        2.667,
        0,
        1,
        2.767,
        -1.189,
        2.867,
        -1.115,
        2.967,
        -1.115,
        1,
        3.022,
        -1.115,
        3.078,
        3.935,
        3.133,
        4.248,
        1,
        3.389,
        5.686,
        3.644,
        6.067,
        3.9,
        6.067,
        1,
        4,
        6.067,
        4.1,
        0.768,
        4.2,
        -0.26,
        1,
        4.4,
        -2.317,
        4.6,
        -2.548,
        4.8,
        -2.548,
        0,
        5.133,
        -1.087,
        0,
        7,
        -4.597,
        0,
        7.5,
        0.79,
        0,
        7.667,
        -0.879
      ]
    },
    {
      "Target": "Parameter",
      "Id": "PARAM_UPPER_BODY",
      "Segments": [
        0,
        -1.53,
        0,
        0.533,
        -1.642,
        0,
        0.733,
        -1.359,
        0,
        1.333,
        -3.603,
        0,
        2,
        -1.359,
        1,
        2.222,
        -1.359,
        2.445,
        -2.75,
        2.667,
        -3.4,
        1,
        2.767,
        -3.692,
        2.867,
        -3.603,
        2.967,
        -3.603,
        2,
        3.133,
        -3.603,
        1,
        3.389,
        -3.603,
        3.644,
        -3.401,
        3.9,
        -2.222,
        1,
        4,
        -1.761,
        4.1,
        0.34,
        4.2,
        0.34,
        2,
        7,
        0.34,
        0,
        7.667,
        -1.53
      ]
    },
    {
      "Target": "Parameter",
      "Id": "PARAM_LEFT_ARM",
      "Segments": [
        0,
        0.2,
        1,
        0.056,
        0.2,
        0.111,
        0.324,
        0.167,
        0.36,
        1,
        0.289,
        0.438,
        0.411,
        0.45,
        0.533,
        0.45,
        2,
        0.733,
        0.45,
        2,
        1.333,
        0.45,
        2,
        2,
        0.45,
        2,
        2.667,
        0.45,
        2,
        2.967,
        0.45,
        0,
        3.033,
        0.68,
        0,
        3.133,
        0.45,
        2,
        3.233,
        0.45,
        2,
        3.9,
        0.45,
        0,
        4.133,
        0.273,
        2,
        4.8,
        0.273,
        0,
        5.133,
        0.199,
        2,
        5.567,
        0.199,
        0,
        6,
        0.273,
        2,
        7,
        0.273,
        0,
        7.233,
        0.337,
        0,
        7.667,
        0.2
      ]
    },
    {
      "Target": "Parameter",
      "Id": "PARAM_ARM_L",
      "Segments": [
        0,
        -1,
        2,
        0.167,
        -1,
        1,
        0.289,
        -1,
        0.411,
        3.468,
        0.533,
        4.768,
        1,
        0.6,
        5.476,
        0.666,
        5.268,
        0.733,
        5.268,
        0,
        1.333,
        3,
        0,
        2,
        5.268,
        0,
        2.667,
        3,
        2,
        2.967,
        3,
        0,
        3.033,
        2.694,
        1,
        3.066,
        2.694,
        3.1,
        4.292,
        3.133,
        4.461,
        1,
        3.233,
        4.97,
        3.333,
        5.061,
        3.433,
        5.061,
        2,
        3.9,
        5.061,
        0,
        4.133,
        2.509,
        2,
        4.8,
        2.509,
        1,
        4.911,
        2.509,
        5.022,
        2.602,
        5.133,
        2.699,
        1,
        5.278,
        2.823,
        5.422,
        2.857,
        5.567,
        2.857,
        0,
        6,
        2.509,
        2,
        7,
        2.509,
        0,
        7.333,
        -1,
        2,
        7.667,
        -1
      ]
    },
    {
      "Target": "Parameter",
      "Id": "PARAM_ARM_L_TOUSHI2",
      "Segments": [
        0,
        0,
        2,
        0.167,
        0,
        0,
        0.533,
        0.532,
        2,
        0.733,
        0.532,
        2,
        1.333,
        0.532,
        2,
        2,
        0.532,
        2,
        2.667,
        0.532,
        2,
        2.967,
        0.532,
        2,
        3.033,
        0.532,
        2,
        3.133,
        0.532,
        2,
        3.233,
        0.532,
        2,
        3.9,
        0.532,
        0,
        4.133,
        0.19,
        2,
        4.8,
        0.19,
        2,
        7,
        0.19,
        0,
        7.333,
        0,
        2,
        7.667,
        0
      ]
    },
    {
      "Target": "Parameter",
      "Id": "PARAM_TOUSHI_L",
      "Segments": [
        0,
        0,
        2,
        0.167,
        0,
        0,
        0.533,
        0.745,
        2,
        0.733,
        0.745,
        2,
        1.333,
        0.745,
        2,
        2,
        0.745,
        2,
        2.667,
        0.745,
        2,
        2.967,
        0.745,
        2,
        3.033,
        0.745,
        2,
        3.133,
        0.745,
        2,
        3.233,
        0.745,
        2,
        3.9,
        0.745,
        0,
        4.133,
        0.8,
        2,
        4.8,
        0.8,
        2,
        7,
        0.8,
        0,
        7.333,
        0,
        2,
        7.667,
        0
      ]
    },
    {
      "Target": "Parameter",
      "Id": "PARAM_ARM_L_02",
      "Segments": [
        0,
        0.951,
        0,
        0.1,
        0.5,
        0,
        0.333,
        1,
        0,
        0.867,
        0.045,
        0,
        1.667,
        0.8,
        1,
        1.834,
        0.8,
        2,
        0.361,
        2.167,
        0.045,
        1,
        2.278,
        -0.166,
        2.389,
        -0.158,
        2.5,
        -0.158,
        1,
        2.611,
        -0.158,
        2.722,
        0.129,
        2.833,
        0.524,
        1,
        2.878,
        0.682,
        2.922,
        0.702,
        2.967,
        0.702,
        0,
        3.033,
        0.372,
        0,
        3.133,
        0.878,
        1,
        3.155,
        0.878,
        3.178,
        0.682,
        3.2,
        0.673,
        1,
        3.433,
        0.574,
        3.667,
        0.515,
        3.9,
        0.4,
        1,
        3.978,
        0.362,
        4.055,
        0.12,
        4.133,
        0.12,
        1,
        4.2,
        0.12,
        4.266,
        0.179,
        4.333,
        0.283,
        1,
        4.6,
        0.699,
        4.866,
        0.9,
        5.133,
        0.9,
        0,
        5.8,
        0.2,
        0,
        6.7,
        0.3,
        2,
        7,
        0.3,
        2,
        7.167,
        0.3,
        2,
        7.233,
        0.3,
        0,
        7.5,
        1,
        0,
        7.667,
        0.951
      ]
    },
    {
      "Target": "Parameter",
      "Id": "PARAM_HAND_L",
      "Segments": [
        0,
        0,
        2,
        0.167,
        0,
        2,
        0.3,
        0,
        0,
        0.333,
        0.5,
        2,
        0.533,
        0.5,
        2,
        0.733,
        0.5,
        2,
        1.333,
        0.5,
        2,
        2,
        0.5,
        2,
        2.667,
        0.5,
        2,
        2.967,
        0.5,
        2,
        3.1,
        0.5,
        0,
        3.133,
        1,
        2,
        3.233,
        1,
        2,
        3.9,
        1,
        2,
        3.967,
        1,
        0,
        4,
        0.5,
        2,
        4.2,
        0.5,
        2,
        7,
        0.5,
        2,
        7.167,
        0.5,
        0,
        7.2,
        0,
        2,
        7.333,
        0,
        2,
        7.667,
        0
      ]
    },
    {
      "Target": "Parameter",
      "Id": "PARAM_HAND_L2",
      "Segments": [
        0,
        0,
        2,
        0.167,
        0,
        2,
        0.3,
        0,
        2,
        0.333,
        0,
        2,
        0.533,
        0,
        2,
        0.733,
        0,
        2,
        1.333,
        0,
        2,
        2,
        0,
        2,
        2.667,
        0,
        2,
        2.967,
        0,
        2,
        3.1,
        0,
        2,
        3.133,
        0,
        2,
        3.233,
        0,
        2,
        3.9,
        0,
        2,
        3.967,
        0,
        2,
        4,
        1,
        2,
        4.2,
        1,
        2,
        7,
        1,
        2,
        7.167,
        1,
        2,
        7.2,
        0,
        2,
        7.333,
        0,
        2,
        7.667,
        0
      ]
    },
    {
      "Target": "Parameter",
      "Id": "PARAM_HAND_L_02",
      "Segments": [
        0,
        0,
        2,
        0.167,
        0,
        2,
        0.3,
        0,
        0,
        0.333,
        -1,
        2,
        0.533,
        -1,
        0,
        0.867,
        1,
        0,
        1.667,
        -1,
        1,
        1.834,
        -1,
        2,
        0.075,
        2.167,
        0.658,
        1,
        2.278,
        1.047,
        2.389,
        1,
        2.5,
        1,
        0,
        2.967,
        -1,
        2,
        3.1,
        -1,
        2,
        3.133,
        1,
        2,
        3.233,
        1,
        2,
        3.9,
        1,
        2,
        3.967,
        1,
        2,
        4,
        1,
        0,
        4.2,
        -1,
        2,
        7,
        -1,
        2,
        7.167,
        -1,
        0,
        7.2,
        0,
        2,
        7.333,
        0,
        2,
        7.667,
        0
      ]
    },
    {
      "Target": "Parameter",
      "Id": "PARAM_HAND_L_LEVEL",
      "Segments": [
        0,
        0,
        0,
        0.167,
        1,
        2,
        0.533,
        1,
        2,
        0.733,
        1,
        2,
        1.333,
        1,
        2,
        2,
        1,
        2,
        2.667,
        1,
        2,
        2.967,
        1,
        2,
        3.133,
        1,
        2,
        3.233,
        1,
        2,
        3.9,
        1,
        2,
        4.133,
        1,
        2,
        7,
        1,
        2,
        7.333,
        1,
        0,
        7.667,
        0
      ]
    },
    {
      "Target": "Parameter",
      "Id": "PARAM_RIGHT_ARM_TAI",
      "Segments": [
        0,
        0.5,
        0,
        0.333,
        0.3,
        2,
        0.533,
        0.3,
        2,
        0.733,
        0.3,
        2,
        1.333,
        0.3,
        2,
        2,
        0.3,
        2,
        2.667,
        0.3,
        2,
        2.967,
        0.3,
        2,
        3.133,
        0.3,
        2,
        3.3,
        0.3,
        2,
        3.9,
        0.3,
        2,
        4.2,
        0.3,
        2,
        7,
        0.3,
        0,
        7.667,
        0.5
      ]
    },
    {
      "Target": "Parameter",
      "Id": "PARAM_RIGHT_ARM",
      "Segments": [
        0,
        0.643,
        0,
        0.333,
        0,
        2,
        0.533,
        0,
        2,
        0.733,
        0,
        0,
        1.333,
        -0.148,
        0,
        2,
        0,
        0,
        2.667,
        -0.148,
        2,
        2.967,
        -0.148,
        2,
        3.133,
        -0.148,
        2,
        3.3,
        -0.148,
        2,
        3.9,
        -0.148,
        2,
        4.2,
        -0.148,
        2,
        7,
        -0.148,
        0,
        7.667,
        0.643
      ]
    },
    {
      "Target": "Parameter",
      "Id": "PARAM_ARM_R",
      "Segments": [
        0,
        4.557,
        0,
        0.333,
        2,
        2,
        0.533,
        2,
        2,
        0.733,
        2,
        2,
        1.333,
        2,
        2,
        2,
        2,
        2,
        2.667,
        2,
        2,
        2.967,
        2,
        0,
        3.133,
        2.176,
        2,
        3.3,
        2.176,
        2,
        3.9,
        2.176,
        2,
        4.2,
        2.176,
        2,
        7,
        2.176,
        0,
        7.667,
        4.557
      ]
    },
    {
      "Target": "Parameter",
      "Id": "PARAM_ARM_R_TOUSHI2",
      "Segments": [
        0,
        0.3,
        0,
        0.333,
        0.704,
        2,
        0.533,
        0.704,
        2,
        0.733,
        0.704,
        2,
        1.333,
        0.704,
        2,
        2,
        0.704,
        2,
        2.667,
        0.704,
        2,
        2.967,
        0.704,
        2,
        3.133,
        0.704,
        2,
        3.3,
        0.704,
        2,
        3.9,
        0.704,
        2,
        4.2,
        0.704,
        2,
        7,
        0.704,
        0,
        7.667,
        0.3
      ]
    },
    {
      "Target": "Parameter",
      "Id": "PARAM_TOUSHI_R",
      "Segments": [
        0,
        0.7,
        0,
        0.333,
        0.285,
        2,
        0.533,
        0.285,
        2,
        0.733,
        0.285,
        2,
        1.333,
        0.285,
        2,
        2,
        0.285,
        2,
        2.667,
        0.285,
        2,
        2.967,
        0.285,
        2,
        3.133,
        0.285,
        2,
        3.3,
        0.285,
        2,
        3.9,
        0.285,
        2,
        4.2,
        0.285,
        2,
        7,
        0.285,
        0,
        7.667,
        0.7
      ]
    },
    {
      "Target": "Parameter",
      "Id": "PARAM_ARM_R_02",
      "Segments": [
        0,
        0.847,
        0,
        0.333,
        -1,
        2,
        0.533,
        -1,
        2,
        0.733,
        -1,
        2,
        1.333,
        -1,
        2,
        2,
        -1,
        2,
        2.667,
        -1,
        2,
        2.967,
        -1,
        2,
        3.133,
        -1,
        2,
        3.3,
        -1,
        2,
        3.9,
        -1,
        2,
        4.2,
        -1,
        2,
        7,
        -1,
        0,
        7.667,
        0.847
      ]
    },
    {
      "Target": "Parameter",
      "Id": "PARAM_HAND_R_02",
      "Segments": [
        0,
        1,
        0,
        0.333,
        0,
        2,
        0.533,
        0,
        2,
        0.733,
        0,
        2,
        1.333,
        0,
        2,
        2,
        0,
        2,
        2.667,
        0,
        2,
        2.967,
        0,
        2,
        3.133,
        0,
        2,
        3.3,
        0,
        2,
        3.9,
        0,
        2,
        4.2,
        0,
        2,
        7,
        0,
        0,
        7.667,
        1
      ]
    },
    {
      "Target": "Parameter",
      "Id": "PARAM_YIFU",
      "Segments": [
        0,
        0,
        2,
        0.533,
        0,
        0,
        1.333,
        1,
        2,
        1.367,
        0,
        0,
        2.967,
        1,
        2,
        3,
        0,
        2,
        3.133,
        0,
        2,
        3.3,
        0,
        2,
        3.9,
        0,
        2,
        4.2,
        0,
        2,
        7,
        0,
        2,
        7.667,
        0
      ]
    },
    {
      "Target": "Parameter",
      "Id": "PARAM_EYE_L_OPEN",
      "Segments": [
        0,
        1,
        2,
        0.167,
        1,
        0,
        0.333,
        0,
        0,
        0.533,
        1,
        2,
        0.733,
        1,
        2,
        1.333,
        1,
        2,
        2,
        1,
        2,
        2.667,
        1,
        2,
        2.967,
        1,
        0,
        3.067,
        0,
        0,
        3.133,
        1,
        2,
        3.3,
        1,
        2,
        3.6,
        1,
        0,
        3.7,
        0,
        0,
        3.8,
        1,
        2,
        3.9,
        1,
        2,
        3.967,
        1,
        0,
        4.1,
        0,
        2,
        4.2,
        0,
        2,
        4.8,
        0,
        0,
        4.933,
        0.9,
        2,
        5.4,
        0.9,
        0,
        5.467,
        0,
        2,
        7,
        0,
        2,
        7.167,
        0,
        0,
        7.333,
        1,
        2,
        7.667,
        1
      ]
    },
    {
      "Target": "Parameter",
      "Id": "PARAM_EYE_L_FORM",
      "Segments": [
        0,
        0.5,
        2,
        0.167,
        0.5,
        2,
        0.333,
        0.5,
        2,
        0.533,
        0.5,
        2,
        0.733,
        0.5,
        2,
        1.333,
        0.5,
        2,
        2,
        0.5,
        2,
        2.667,
        0.5,
        2,
        2.967,
        0.5,
        2,
        3.067,
        0.5,
        0,
        3.133,
        0,
        2,
        3.3,
        0,
        2,
        3.6,
        0,
        0,
        3.7,
        0.5,
        0,
        3.8,
        0,
        2,
        3.9,
        0,
        2,
        3.967,
        0,
        0,
        4.1,
        0.5,
        2,
        4.2,
        0.5,
        2,
        4.8,
        0.5,
        2,
        5.467,
        0.5,
        2,
        7,
        0.5,
        2,
        7.167,
        0.5,
        2,
        7.333,
        0.5,
        2,
        7.667,
        0.5
      ]
    },
    {
      "Target": "Parameter",
      "Id": "PARAM_EYE_R_OPEN",
      "Segments": [
        0,
        1,
        2,
        0.167,
        1,
        0,
        0.333,
        0,
        0,
        0.533,
        1,
        2,
        0.733,
        1,
        2,
        1.333,
        1,
        2,
        2,
        1,
        2,
        2.667,
        1,
        2,
        2.967,
        1,
        0,
        3.067,
        0,
        0,
        3.133,
        1,
        2,
        3.3,
        1,
        2,
        3.6,
        1,
        0,
        3.7,
        0,
        0,
        3.8,
        1,
        2,
        3.9,
        1,
        2,
        3.967,
        1,
        0,
        4.1,
        0,
        2,
        4.2,
        0,
        2,
        4.8,
        0,
        2,
        5.467,
        0,
        2,
        7,
        0,
        2,
        7.167,
        0,
        0,
        7.333,
        1,
        2,
        7.667,
        1
      ]
    },
    {
      "Target": "Parameter",
      "Id": "PARAM_EYE_R_FORM",
      "Segments": [
        0,
        0.5,
        2,
        0.167,
        0.5,
        2,
        0.333,
        0.5,
        2,
        0.533,
        0.5,
        2,
        0.733,
        0.5,
        2,
        1.333,
        0.5,
        2,
        2,
        0.5,
        2,
        2.667,
        0.5,
        2,
        2.967,
        0.5,
        2,
        3.067,
        0.5,
        0,
        3.133,
        0,
        2,
        3.3,
        0,
        2,
        3.6,
        0,
        0,
        3.7,
        0.5,
        0,
        3.8,
        0,
        2,
        3.9,
        0,
        2,
        3.967,
        0,
        0,
        4.1,
        0.5,
        2,
        4.2,
        0.5,
        2,
        4.8,
        0.5,
        2,
        5.467,
        0.5,
        2,
        7,
        0.5,
        2,
        7.167,
        0.5,
        2,
        7.333,
        0.5,
        2,
        7.667,
        0.5
      ]
    },
    {
      "Target": "Parameter",
      "Id": "PARAM_EYE_BALL_X",
      "Segments": [
        0,
        0,
        2,
        0.533,
        0,
        2,
        0.733,
        0,
        2,
        1.333,
        0,
        2,
        2,
        0,
        2,
        2.667,
        0,
        2,
        2.967,
        0,
        2,
        3.133,
        0,
        2,
        3.3,
        0,
        2,
        3.9,
        0,
        0,
        4.2,
        0.5,
        2,
        7,
        0.5,
        0,
        7.667,
        0
      ]
    },
    {
      "Target": "Parameter",
      "Id": "PARAM_EYE_BALL_KIRAKIRA",
      "Segments": [
        0,
        0,
        2,
        0.3,
        0,
        0,
        0.533,
        1,
        2,
        0.733,
        1,
        2,
        1.333,
        1,
        2,
        2,
        1,
        2,
        2.667,
        1,
        2,
        2.967,
        1,
        2,
        3.067,
        1,
        2,
        3.1,
        0,
        2,
        3.133,
        0,
        2,
        3.3,
        0,
        2,
        3.9,
        0,
        2,
        4.2,
        0,
        2,
        7,
        0,
        2,
        7.667,
        0
      ]
    },
    {
      "Target": "Parameter",
      "Id": "PARAM_EYE_kira_R1",
      "Segments": [
        0,
        1,
        2,
        0.3,
        1,
        2,
        0.533,
        1,
        0,
        0.733,
        0,
        0,
        0.867,
        1,
        0,
        1.033,
        0,
        0,
        1.167,
        1,
        0,
        1.333,
        0,
        0,
        1.5,
        1,
        0,
        1.667,
        0,
        0,
        1.833,
        1,
        0,
        2,
        0,
        0,
        2.167,
        1,
        0,
        2.333,
        0,
        0,
        2.5,
        1,
        0,
        2.667,
        0,
        0,
        2.833,
        1,
        0,
        2.967,
        0,
        0,
        3.067,
        1,
        2,
        3.1,
        1,
        2,
        3.133,
        1,
        2,
        3.3,
        1,
        2,
        3.9,
        1,
        2,
        4.2,
        1,
        2,
        7,
        1,
        2,
        7.667,
        1
      ]
    },
    {
      "Target": "Parameter",
      "Id": "PARAM_EYE_kira_R2",
      "Segments": [
        0,
        0.5,
        2,
        0.3,
        0.5,
        0,
        0.533,
        1,
        0,
        0.733,
        0,
        0,
        0.867,
        1,
        0,
        1.033,
        0,
        0,
        1.167,
        1,
        0,
        1.333,
        0,
        0,
        1.5,
        1,
        0,
        1.667,
        0,
        0,
        1.833,
        1,
        0,
        2,
        0,
        0,
        2.167,
        1,
        0,
        2.333,
        0,
        0,
        2.5,
        1,
        0,
        2.667,
        0,
        0,
        2.833,
        1,
        0,
        2.967,
        0,
        0,
        3.067,
        0.5,
        2,
        3.1,
        0.5,
        2,
        3.133,
        0.5,
        2,
        3.3,
        0.5,
        2,
        3.9,
        0.5,
        2,
        4.2,
        0.5,
        2,
        7,
        0.5,
        2,
        7.667,
        0.5
      ]
    },
    {
      "Target": "Parameter",
      "Id": "PARAM_EYE_kira_L1",
      "Segments": [
        0,
        1,
        2,
        0.3,
        1,
        0,
        0.533,
        0,
        0,
        0.733,
        1,
        0,
        0.867,
        0,
        0,
        1.033,
        1,
        0,
        1.167,
        0,
        0,
        1.333,
        1,
        0,
        1.5,
        0,
        0,
        1.667,
        1,
        0,
        1.833,
        0,
        0,
        2,
        1,
        0,
        2.167,
        0,
        0,
        2.333,
        1,
        0,
        2.5,
        0,
        0,
        2.667,
        1,
        0,
        2.833,
        0,
        0,
        2.967,
        1,
        2,
        3.067,
        1,
        2,
        3.1,
        1,
        2,
        3.133,
        1,
        2,
        3.3,
        1,
        2,
        3.9,
        1,
        2,
        4.2,
        1,
        2,
        7,
        1,
        2,
        7.667,
        1
      ]
    },
    {
      "Target": "Parameter",
      "Id": "PARAM_EYE_kira_L2",
      "Segments": [
        0,
        0.5,
        2,
        0.3,
        0.5,
        0,
        0.533,
        0,
        0,
        0.733,
        1,
        0,
        0.867,
        0,
        0,
        1.033,
        1,
        0,
        1.167,
        0,
        0,
        1.333,
        1,
        0,
        1.5,
        0,
        0,
        1.667,
        1,
        0,
        1.833,
        0,
        0,
        2,
        1,
        0,
        2.167,
        0,
        0,
        2.333,
        1,
        0,
        2.5,
        0,
        0,
        2.667,
        1,
        0,
        2.833,
        0,
        0,
        2.967,
        0.5,
        2,
        3.067,
        0.5,
        2,
        3.1,
        0.5,
        2,
        3.133,
        0.5,
        2,
        3.3,
        0.5,
        2,
        3.9,
        0.5,
        2,
        4.2,
        0.5,
        2,
        7,
        0.5,
        2,
        7.667,
        0.5
      ]
    },
    {
      "Target": "Parameter",
      "Id": "PARAM_EYE_SPECIAL",
      "Segments": [
        0,
        0,
        2,
        0.3,
        0,
        2,
        0.333,
        1,
        2,
        0.533,
        1,
        2,
        0.733,
        1,
        2,
        1.333,
        1,
        2,
        2,
        1,
        2,
        2.667,
        1,
        2,
        2.967,
        1,
        2,
        3.033,
        1,
        2,
        3.067,
        0,
        2,
        3.1,
        0,
        2,
        3.133,
        0,
        2,
        3.3,
        0,
        2,
        3.9,
        0,
        2,
        4.2,
        0,
        2,
        7,
        0,
        2,
        7.667,
        0
      ]
    },
    {
      "Target": "Parameter",
      "Id": "PARAM_EYE_DEFROM",
      "Segments": [
        0,
        0,
        2,
        0.3,
        0,
        2,
        0.333,
        5,
        2,
        0.533,
        5,
        2,
        0.733,
        5,
        2,
        1.333,
        5,
        2,
        2,
        5,
        2,
        2.667,
        5,
        2,
        2.967,
        5,
        2,
        3.033,
        5,
        2,
        3.067,
        0,
        2,
        3.1,
        0,
        2,
        3.133,
        0,
        2,
        3.3,
        0,
        2,
        3.9,
        0,
        2,
        4.2,
        0,
        2,
        7,
        0,
        2,
        7.667,
        0
      ]
    },
    {
      "Target": "Parameter",
      "Id": "PARAM_BROW_L_Y",
      "Segments": [
        0,
        0,
        2,
        0.167,
        0,
        0,
        0.3,
        -1,
        0,
        0.333,
        -0.4,
        2,
        0.533,
        -0.4,
        2,
        0.733,
        -0.4,
        2,
        1.333,
        -0.4,
        2,
        2,
        -0.4,
        2,
        2.667,
        -0.4,
        2,
        2.967,
        -0.4,
        2,
        3.033,
        -0.4,
        0,
        3.067,
        -1,
        0,
        3.133,
        0.5,
        2,
        3.3,
        0.5,
        2,
        3.6,
        0.5,
        0,
        3.7,
        -1,
        0,
        3.8,
        0.5,
        2,
        3.967,
        0.5,
        0,
        4.1,
        -1,
        2,
        4.2,
        -1,
        2,
        4.8,
        -1,
        0,
        4.933,
        0,
        2,
        5.4,
        0,
        0,
        5.467,
        -1,
        2,
        7,
        -1,
        2,
        7.167,
        -1,
        0,
        7.333,
        0,
        2,
        7.667,
        0
      ]
    },
    {
      "Target": "Parameter",
      "Id": "PARAM_BROW_R_Y",
      "Segments": [
        0,
        0,
        2,
        0.167,
        0,
        0,
        0.3,
        -1,
        0,
        0.333,
        -0.4,
        2,
        0.533,
        -0.4,
        2,
        0.733,
        -0.4,
        2,
        1.333,
        -0.4,
        2,
        2,
        -0.4,
        2,
        2.667,
        -0.4,
        2,
        2.967,
        -0.4,
        2,
        3.033,
        -0.4,
        0,
        3.067,
        -1,
        0,
        3.133,
        0.5,
        2,
        3.3,
        0.5,
        2,
        3.6,
        0.5,
        0,
        3.7,
        -1,
        0,
        3.8,
        0.5,
        2,
        3.967,
        0.5,
        0,
        4.1,
        -1,
        2,
        4.2,
        -1,
        2,
        4.8,
        -1,
        2,
        7,
        -1,
        2,
        7.167,
        -1,
        0,
        7.333,
        0,
        2,
        7.667,
        0
      ]
    },
    {
      "Target": "Parameter",
      "Id": "PARAM_BROW_L_ANGLE",
      "Segments": [
        0,
        0,
        2,
        0.167,
        0,
        0,
        0.333,
        -0.2,
        2,
        0.533,
        -0.2,
        2,
        0.733,
        -0.2,
        2,
        1.333,
        -0.2,
        2,
        2,
        -0.2,
        2,
        2.667,
        -0.2,
        2,
        2.967,
        -0.2,
        2,
        3.033,
        -0.2,
        0,
        3.133,
        -0.014,
        2,
        3.3,
        -0.014,
        2,
        3.6,
        -0.014,
        2,
        3.8,
        -0.014,
        2,
        3.967,
        -0.014,
        0,
        4.2,
        0,
        2,
        7,
        0,
        2,
        7.667,
        0
      ]
    },
    {
      "Target": "Parameter",
      "Id": "PARAM_BROW_R_ANGLE",
      "Segments": [
        0,
        0,
        2,
        0.167,
        0,
        0,
        0.333,
        -0.2,
        2,
        0.533,
        -0.2,
        2,
        0.733,
        -0.2,
        2,
        1.333,
        -0.2,
        2,
        2,
        -0.2,
        2,
        2.667,
        -0.2,
        2,
        2.967,
        -0.2,
        2,
        3.033,
        -0.2,
        0,
        3.133,
        -0.014,
        2,
        3.3,
        -0.014,
        2,
        3.6,
        -0.014,
        2,
        3.8,
        -0.014,
        2,
        3.967,
        -0.014,
        0,
        4.2,
        0,
        2,
        7,
        0,
        2,
        7.667,
        0
      ]
    },
    {
      "Target": "Parameter",
      "Id": "PARAM_BROW_L_FORM",
      "Segments": [
        0,
        0.5,
        2,
        0.167,
        0.5,
        0,
        0.333,
        0,
        2,
        0.533,
        0,
        2,
        0.733,
        0,
        2,
        1.333,
        0,
        2,
        2,
        0,
        2,
        2.667,
        0,
        2,
        2.967,
        0,
        2,
        3.033,
        0,
        0,
        3.133,
        0.216,
        2,
        3.3,
        0.216,
        2,
        3.6,
        0.216,
        2,
        3.8,
        0.216,
        2,
        3.967,
        0.216,
        0,
        4.2,
        0,
        2,
        7,
        0,
        0,
        7.667,
        0.5
      ]
    },
    {
      "Target": "Parameter",
      "Id": "PARAM_BROW_R_FORM",
      "Segments": [
        0,
        0.5,
        2,
        0.167,
        0.5,
        0,
        0.333,
        0,
        2,
        0.533,
        0,
        2,
        0.733,
        0,
        2,
        1.333,
        0,
        2,
        2,
        0,
        2,
        2.667,
        0,
        2,
        2.967,
        0,
        2,
        3.033,
        0,
        0,
        3.133,
        0.216,
        2,
        3.3,
        0.216,
        2,
        3.6,
        0.216,
        2,
        3.8,
        0.216,
        2,
        3.967,
        0.216,
        0,
        4.2,
        0,
        2,
        7,
        0,
        0,
        7.667,
        0.5
      ]
    },
    {
      "Target": "Parameter",
      "Id": "PARAM_MOUTH_OPEN",
      "Segments": [
        0,
        0,
        2,
        0.433,
        0,
        0,
        0.467,
        1,
        2,
        0.533,
        1,
        2,
        0.733,
        1,
        2,
        1.333,
        1,
        2,
        2,
        1,
        2,
        2.667,
        1,
        2,
        2.967,
        1,
        0,
        3,
        0,
        2,
        3.067,
        0,
        0,
        3.133,
        2,
        2,
        3.3,
        2,
        2,
        3.9,
        2,
        0,
        4.2,
        0,
        2,
        7,
        0,
        2,
        7.667,
        0
      ]
    },
    {
      "Target": "Parameter",
      "Id": "PARAM_MOUTH_FORM",
      "Segments": [
        0,
        -0.6,
        2,
        0.433,
        -0.6,
        2,
        0.467,
        1,
        2,
        0.533,
        1,
        2,
        0.733,
        1,
        2,
        1.333,
        1,
        2,
        2,
        1,
        2,
        2.667,
        1,
        2,
        2.967,
        1,
        0,
        3,
        0,
        2,
        3.067,
        0,
        0,
        3.133,
        1,
        2,
        3.3,
        1,
        2,
        3.9,
        1,
        0,
        4.2,
        0,
        0,
        4.8,
        0.3,
        2,
        7,
        0.3,
        0,
        7.667,
        -0.6
      ]
    },
    {
      "Target": "Parameter",
      "Id": "PARAM_MOUTH_SPECIAL",
      "Segments": [
        0,
        0,
        2,
        0.433,
        0,
        2,
        0.467,
        1,
        2,
        0.533,
        1,
        2,
        0.733,
        1,
        2,
        1.333,
        1,
        2,
        2,
        1,
        2,
        2.667,
        1,
        2,
        2.967,
        1,
        2,
        3,
        0,
        2,
        3.067,
        0,
        2,
        3.133,
        0,
        2,
        3.3,
        0,
        2,
        3.9,
        0,
        2,
        4.2,
        0,
        2,
        7,
        0,
        2,
        7.667,
        0
      ]
    },
    {
      "Target": "Parameter",
      "Id": "PARAM_MOUTH_WIDTH",
      "Segments": [
        0,
        1,
        2,
        0.433,
        1,
        2,
        0.467,
        0,
        2,
        0.533,
        0,
        2,
        0.733,
        0,
        2,
        1.333,
        0,
        2,
        2,
        0,
        2,
        2.667,
        0,
        2,
        2.967,
        0,
        2,
        3,
        0,
        2,
        3.067,
        0,
        0,
        3.133,
        1,
        2,
        3.3,
        1,
        2,
        3.9,
        1,
        2,
        4.2,
        1,
        2,
        7,
        1,
        2,
        7.667,
        1
      ]
    },
    {
      "Target": "Parameter",
      "Id": "PARAM_MOUTH_SIZE",
      "Segments": [
        0,
        -0.5,
        2,
        0.433,
        -0.5,
        0,
        0.467,
        -1,
        2,
        0.533,
        -1,
        2,
        0.733,
        -1,
        2,
        1.333,
        -1,
        2,
        2,
        -1,
        2,
        2.667,
        -1,
        2,
        2.967,
        -1,
        0,
        3,
        -0.5,
        2,
        3.067,
        -0.5,
        2,
        3.133,
        -0.5,
        2,
        3.3,
        -0.5,
        2,
        3.9,
        -0.5,
        0,
        4.2,
        0,
        2,
        7,
        0,
        0,
        7.667,
        -0.5
      ]
    },
    {
      "Target": "Parameter",
      "Id": "PARAM_MOUTH_X",
      "Segments": [
        0,
        0,
        2,
        0.433,
        0,
        2,
        0.467,
        0,
        2,
        0.533,
        0,
        2,
        0.733,
        0,
        2,
        1.333,
        0,
        2,
        2,
        0,
        2,
        2.667,
        0,
        2,
        2.967,
        0,
        2,
        3,
        0,
        2,
        3.067,
        0,
        2,
        3.133,
        0,
        2,
        3.3,
        0,
        2,
        3.9,
        0,
        0,
        4.2,
        -0.2,
        2,
        7,
        -0.2,
        0,
        7.667,
        0
      ]
    },
    {
      "Target": "Parameter",
      "Id": "PARAM_SHY",
      "Segments": [
        0,
        0,
        2,
        2.667,
        0,
        0,
        2.967,
        0.344,
        2,
        3.033,
        0.344,
        2,
        3.067,
        0.344,
        2,
        3.133,
        0.344,
        2,
        3.3,
        0.344,
        2,
        3.9,
        0.344,
        0,
        4.2,
        1,
        2,
        5.4,
        1,
        2,
        5.567,
        1,
        2,
        6.7,
        1,
        2,
        7,
        1,
        0,
        7.667,
        0
      ]
    },
    {
      "Target": "Parameter",
      "Id": "PARAM_TERE",
      "Segments": [
        0,
        0.8,
        0,
        0.533,
        0.1,
        2,
        0.733,
        0.1,
        2,
        1.333,
        0.1,
        2,
        2,
        0.1,
        2,
        2.667,
        0.1,
        2,
        2.967,
        0.1,
        2,
        3.033,
        0.1,
        2,
        3.067,
        0.1,
        0,
        3.133,
        0.769,
        2,
        3.3,
        0.769,
        2,
        3.9,
        0.769,
        0,
        4.2,
        1,
        2,
        5.4,
        1,
        2,
        5.567,
        1,
        2,
        6.7,
        1,
        2,
        7,
        1,
        0,
        7.667,
        0.8
      ]
    },
    {
      "Target": "Parameter",
      "Id": "PARAM_TERE2",
      "Segments": [
        0,
        0,
        0,
        0.533,
        1,
        2,
        0.733,
        1,
        2,
        1.333,
        1,
        2,
        2,
        1,
        2,
        2.667,
        1,
        2,
        2.967,
        1,
        2,
        3.033,
        1,
        2,
        3.067,
        0,
        2,
        3.133,
        0,
        2,
        3.3,
        0,
        2,
        3.9,
        0,
        2,
        4.2,
        0,
        2,
        5.4,
        0,
        2,
        7,
        0,
        2,
        7.667,
        0
      ]
    },
    {
      "Target": "PartOpacity",
      "Id": "PARTS_GUDIAN",
      "Segments": [
        0,
        1,
        2,
        0.53,
        1,
        2,
        0.73,
        1,
        2,
        1.33,
        1,
        2,
        2,
        1,
        2,
        2.67,
        1,
        2,
        2.97,
        1,
        2,
        3.13,
        1,
        2,
        3.3,
        1,
        2,
        3.9,
        1,
        2,
        4.2,
        1,
        2,
        7,
        1,
        2,
        7.67,
        1
      ]
    },
    {
      "Target": "PartOpacity",
      "Id": "PARTS_01_ARM_L_01",
      "Segments": [
        0,
        1,
        2,
        0.53,
        1,
        2,
        0.73,
        1,
        2,
        1.33,
        1,
        2,
        2,
        1,
        2,
        2.67,
        1,
        2,
        2.97,
        1,
        2,
        3.13,
        1,
        2,
        3.3,
        1,
        2,
        3.9,
        1,
        2,
        4.2,
        1,
        2,
        7,
        1,
        2,
        7.67,
        1
      ]
    },
    {
      "Target": "PartOpacity",
      "Id": "PARTS_01_ARM_R_01",
      "Segments": [
        0,
        1,
        2,
        0.53,
        1,
        2,
        0.73,
        1,
        2,
        1.33,
        1,
        2,
        2,
        1,
        2,
        2.67,
        1,
        2,
        2.97,
        1,
        2,
        3.13,
        1,
        2,
        3.3,
        1,
        2,
        3.9,
        1,
        2,
        4.2,
        1,
        2,
        7,
        1,
        2,
        7.67,
        1
      ]
    },
    {
      "Target": "PartOpacity",
      "Id": "PARTS_01_BODY",
      "Segments": [
        0,
        1,
        2,
        0.53,
        1,
        2,
        0.73,
        1,
        2,
        1.33,
        1,
        2,
        2,
        1,
        2,
        2.67,
        1,
        2,
        2.97,
        1,
        2,
        3.13,
        1,
        2,
        3.3,
        1,
        2,
        3.9,
        1,
        2,
        4.2,
        1,
        2,
        7,
        1,
        2,
        7.67,
        1
      ]
    },
    {
      "Target": "PartOpacity",
      "Id": "PARTS_01_NECK",
      "Segments": [
        0,
        1,
        2,
        0.53,
        1,
        2,
        0.73,
        1,
        2,
        1.33,
        1,
        2,
        2,
        1,
        2,
        2.67,
        1,
        2,
        2.97,
        1,
        2,
        3.13,
        1,
        2,
        3.3,
        1,
        2,
        3.9,
        1,
        2,
        4.2,
        1,
        2,
        7,
        1,
        2,
        7.67,
        1
      ]
    },
    {
      "Target": "PartOpacity",
      "Id": "PARTS_01_HAIR_BACK_001",
      "Segments": [
        0,
        1,
        2,
        0.53,
        1,
        2,
        0.73,
        1,
        2,
        1.33,
        1,
        2,
        2,
        1,
        2,
        2.67,
        1,
        2,
        2.97,
        1,
        2,
        3.13,
        1,
        2,
        3.3,
        1,
        2,
        3.9,
        1,
        2,
        4.2,
        1,
        2,
        7,
        1,
        2,
        7.67,
        1
      ]
    },
    {
      "Target": "PartOpacity",
      "Id": "PARTS_01_HAIR_SIDE_001",
      "Segments": [
        0,
        1,
        2,
        0.53,
        1,
        2,
        0.73,
        1,
        2,
        1.33,
        1,
        2,
        2,
        1,
        2,
        2.67,
        1,
        2,
        2.97,
        1,
        2,
        3.13,
        1,
        2,
        3.3,
        1,
        2,
        3.9,
        1,
        2,
        4.2,
        1,
        2,
        7,
        1,
        2,
        7.67,
        1
      ]
    },
    {
      "Target": "PartOpacity",
      "Id": "PARTS_01_HAIR_FRONT_001",
      "Segments": [
        0,
        1,
        2,
        0.53,
        1,
        2,
        0.73,
        1,
        2,
        1.33,
        1,
        2,
        2,
        1,
        2,
        2.67,
        1,
        2,
        2.97,
        1,
        2,
        3.13,
        1,
        2,
        3.3,
        1,
        2,
        3.9,
        1,
        2,
        4.2,
        1,
        2,
        7,
        1,
        2,
        7.67,
        1
      ]
    },
    {
      "Target": "PartOpacity",
      "Id": "PARTS_01_EAR_001",
      "Segments": [
        0,
        1,
        2,
        0.53,
        1,
        2,
        0.73,
        1,
        2,
        1.33,
        1,
        2,
        2,
        1,
        2,
        2.67,
        1,
        2,
        2.97,
        1,
        2,
        3.13,
        1,
        2,
        3.3,
        1,
        2,
        3.9,
        1,
        2,
        4.2,
        1,
        2,
        7,
        1,
        2,
        7.67,
        1
      ]
    },
    {
      "Target": "PartOpacity",
      "Id": "PARTS_01_NOSE_001",
      "Segments": [
        0,
        1,
        2,
        0.53,
        1,
        2,
        0.73,
        1,
        2,
        1.33,
        1,
        2,
        2,
        1,
        2,
        2.67,
        1,
        2,
        2.97,
        1,
        2,
        3.13,
        1,
        2,
        3.3,
        1,
        2,
        3.9,
        1,
        2,
        4.2,
        1,
        2,
        7,
        1,
        2,
        7.67,
        1
      ]
    },
    {
      "Target": "PartOpacity",
      "Id": "PARTS_01_MOUTH_001",
      "Segments": [
        0,
        1,
        2,
        0.53,
        1,
        2,
        0.73,
        1,
        2,
        1.33,
        1,
        2,
        2,
        1,
        2,
        2.67,
        1,
        2,
        2.97,
        1,
        2,
        3.13,
        1,
        2,
        3.3,
        1,
        2,
        3.9,
        1,
        2,
        4.2,
        1,
        2,
        7,
        1,
        2,
        7.67,
        1
      ]
    },
    {
      "Target": "PartOpacity",
      "Id": "PARTS_01_BROW_001",
      "Segments": [
        0,
        1,
        2,
        0.53,
        1,
        2,
        0.73,
        1,
        2,
        1.33,
        1,
        2,
        2,
        1,
        2,
        2.67,
        1,
        2,
        2.97,
        1,
        2,
        3.13,
        1,
        2,
        3.3,
        1,
        2,
        3.9,
        1,
        2,
        4.2,
        1,
        2,
        7,
        1,
        2,
        7.67,
        1
      ]
    },
    {
      "Target": "PartOpacity",
      "Id": "PARTS_01_EYE_BALL_001",
      "Segments": [
        0,
        1,
        2,
        0.53,
        1,
        2,
        0.73,
        1,
        2,
        1.33,
        1,
        2,
        2,
        1,
        2,
        2.67,
        1,
        2,
        2.97,
        1,
        2,
        3.13,
        1,
        2,
        3.3,
        1,
        2,
        3.9,
        1,
        2,
        4.2,
        1,
        2,
        7,
        1,
        2,
        7.67,
        1
      ]
    },
    {
      "Target": "PartOpacity",
      "Id": "PARTS_01_EYE_001",
      "Segments": [
        0,
        1,
        2,
        0.53,
        1,
        2,
        0.73,
        1,
        2,
        1.33,
        1,
        2,
        2,
        1,
        2,
        2.67,
        1,
        2,
        2.97,
        1,
        2,
        3.13,
        1,
        2,
        3.3,
        1,
        2,
        3.9,
        1,
        2,
        4.2,
        1,
        2,
        7,
        1,
        2,
        7.67,
        1
      ]
    },
    {
      "Target": "PartOpacity",
      "Id": "PARTS_01_FACE_001",
      "Segments": [
        0,
        1,
        2,
        0.53,
        1,
        2,
        0.73,
        1,
        2,
        1.33,
        1,
        2,
        2,
        1,
        2,
        2.67,
        1,
        2,
        2.97,
        1,
        2,
        3.13,
        1,
        2,
        3.3,
        1,
        2,
        3.9,
        1,
        2,
        4.2,
        1,
        2,
        7,
        1,
        2,
        7.67,
        1
      ]
    },
    {
      "Target": "PartOpacity",
      "Id": "ROUGH",
      "Segments": [
        0,
        1,
        2,
        0.53,
        1,
        2,
        0.73,
        1,
        2,
        1.33,
        1,
        2,
        2,
        1,
        2,
        2.67,
        1,
        2,
        2.97,
        1,
        2,
        3.13,
        1,
        2,
        3.3,
        1,
        2,
        3.9,
        1,
        2,
        4.2,
        1,
        2,
        7,
        1,
        2,
        7.67,
        1
      ]
    },
    {
      "Target": "Model",
      "Id": "Opacity",
      "Segments": [
        0,
        1,
        0,
        7.67,
        1
      ]
    },
    {
      "Target": "Parameter",
      "Id": "PARAM_LEFT_ARM_TAI",
      "Segments": [
        0,
        0,
        0,
        7.67,
        0
      ]
    },
    {
      "Target": "Parameter",
      "Id": "PARAM_TANGDIE",
      "Segments": [
        0,
        0,
        0,
        7.67,
        0
      ]
    },
    {
      "Target": "Parameter",
      "Id": "PARAM_HAND_R",
      "Segments": [
        0,
        0,
        0,
        7.67,
        0
      ]
    },
    {
      "Target": "Parameter",
      "Id": "PARAM_HAND_R2",
      "Segments": [
        0,
        0,
        0,
        7.67,
        0
      ]
    },
    {
      "Target": "Parameter",
      "Id": "PARAM_HAND_R_LEVEL",
      "Segments": [
        0,
        1,
        0,
        7.67,
        1
      ]
    },
    {
      "Target": "Parameter",
      "Id": "PARAM_CHICKEN",
      "Segments": [
        0,
        0,
        0,
        7.67,
        0
      ]
    },
    {
      "Target": "Parameter",
      "Id": "PARAM_CHICKEN_MOVE",
      "Segments": [
        0,
        0,
        0,
        7.67,
        0
      ]
    },
    {
      "Target": "Parameter",
      "Id": "PARAM_BANSHOU",
      "Segments": [
        0,
        0,
        0,
        7.67,
        0
      ]
    },
    {
      "Target": "Parameter",
      "Id": "PARAM_BANSHOU_MOVE",
      "Segments": [
        0,
        0,
        0,
        7.67,
        0
      ]
    },
    {
      "Target": "Parameter",
      "Id": "PARAM_BANSHOU_MOVE_01",
      "Segments": [
        0,
        0,
        0,
        7.67,
        0
      ]
    },
    {
      "Target": "Parameter",
      "Id": "PARAM_SHAOZI",
      "Segments": [
        0,
        0,
        0,
        7.67,
        0
      ]
    },
    {
      "Target": "Parameter",
      "Id": "PARAM_SHAOZI_MOVE",
      "Segments": [
        0,
        0,
        0,
        7.67,
        0
      ]
    },
    {
      "Target": "Parameter",
      "Id": "PARAM_SHAOZI_MOVE_01",
      "Segments": [
        0,
        0,
        0,
        7.67,
        0
      ]
    },
    {
      "Target": "Parameter",
      "Id": "PARAM_SOUP",
      "Segments": [
        0,
        0,
        0,
        7.67,
        0
      ]
    },
    {
      "Target": "Parameter",
      "Id": "PARAM_JITA_CHUXIAN",
      "Segments": [
        0,
        0,
        0,
        7.67,
        0
      ]
    },
    {
      "Target": "Parameter",
      "Id": "PARAM_JITA_LEVEL",
      "Segments": [
        0,
        0,
        0,
        7.67,
        0
      ]
    },
    {
      "Target": "Parameter",
      "Id": "PARAM_JITA_MOVE_X",
      "Segments": [
        0,
        0,
        0,
        7.67,
        0
      ]
    },
    {
      "Target": "Parameter",
      "Id": "PARAM_JITA_MOVE_Y",
      "Segments": [
        0,
        0,
        0,
        7.67,
        0
      ]
    },
    {
      "Target": "Parameter",
      "Id": "PARAM_JITA_Z",
      "Segments": [
        0,
        0,
        0,
        7.67,
        0
      ]
    },
    {
      "Target": "Parameter",
      "Id": "PARAM_JITA_X",
      "Segments": [
        0,
        0,
        0,
        7.67,
        0
      ]
    },
    {
      "Target": "Parameter",
      "Id": "PARAM_JITA_Y",
      "Segments": [
        0,
        0,
        0,
        7.67,
        0
      ]
    },
    {
      "Target": "Parameter",
      "Id": "PARAM_JINADAI_X",
      "Segments": [
        0,
        0,
        0,
        7.67,
        0
      ]
    },
    {
      "Target": "Parameter",
      "Id": "PARAM_JIANDAI_Y",
      "Segments": [
        0,
        0,
        0,
        7.67,
        0
      ]
    },
    {
      "Target": "Parameter",
      "Id": "PARAM_JIANDAI_BACK_X",
      "Segments": [
        0,
        0,
        0,
        7.67,
        0
      ]
    },
    {
      "Target": "Parameter",
      "Id": "PARAM_JIANDAI_BACK_Y",
      "Segments": [
        0,
        0,
        0,
        7.67,
        0
      ]
    },
    {
      "Target": "Parameter",
      "Id": "PARAM_EYE_BALL_Y",
      "Segments": [
        0,
        0,
        0,
        7.67,
        0
      ]
    },
    {
      "Target": "Parameter",
      "Id": "PARAM_EYE_BALL_FORM",
      "Segments": [
        0,
        0,
        0,
        7.67,
        0
      ]
    },
    {
      "Target": "Parameter",
      "Id": "PARAM_EYE_BALL_SAD",
      "Segments": [
        0,
        0,
        0,
        7.67,
        0
      ]
    },
    {
      "Target": "Parameter",
      "Id": "PARAM_EYE_BALL_BAIYAN",
      "Segments": [
        0,
        0,
        0,
        7.67,
        0
      ]
    },
    {
      "Target": "Parameter",
      "Id": "PARAM_EYE_TI1",
      "Segments": [
        0,
        0,
        0,
        7.67,
        0
      ]
    },
    {
      "Target": "Parameter",
      "Id": "PARAM_EYE_TI2",
      "Segments": [
        0,
        0,
        0,
        7.67,
        0
      ]
    },
    {
      "Target": "Parameter",
      "Id": "PARAM_BROW_L_X",
      "Segments": [
        0,
        0,
        0,
        7.67,
        0
      ]
    },
    {
      "Target": "Parameter",
      "Id": "PARAM_BROW_R_X",
      "Segments": [
        0,
        0,
        0,
        7.67,
        0
      ]
    },
    {
      "Target": "Parameter",
      "Id": "PARAM_MOUTH_DEFORM_SPECIAL",
      "Segments": [
        0,
        0,
        0,
        7.67,
        0
      ]
    },
    {
      "Target": "Parameter",
      "Id": "PARAM_MOUTH_Y",
      "Segments": [
        0,
        0,
        0,
        7.67,
        0
      ]
    },
    {
      "Target": "Parameter",
      "Id": "PARAM_WATER",
      "Segments": [
        0,
        0,
        0,
        7.67,
        0
      ]
    },
    {
      "Target": "Parameter",
      "Id": "PARAM_HAN",
      "Segments": [
        0,
        0,
        0,
        7.67,
        0
      ]
    },
    {
      "Target": "Parameter",
      "Id": "PARAM_ANGRY",
      "Segments": [
        0,
        0,
        0,
        7.67,
        0
      ]
    },
    {
      "Target": "Parameter",
      "Id": "PARAM_HEI",
      "Segments": [
        0,
        -1,
        0,
        7.67,
        -1
      ]
    },
    {
      "Target": "Parameter",
      "Id": "PARAM_LIANHEIXIAN",
      "Segments": [
        0,
        0,
        0,
        7.67,
        0
      ]
    },
    {
      "Target": "Parameter",
      "Id": "PARAM_FAT",
      "Segments": [
        0,
        0,
        0,
        7.67,
        0
      ]
    },
    {
      "Target": "Parameter",
      "Id": "PARAM_HEIXIAN",
      "Segments": [
        0,
        0,
        0,
        7.67,
        0
      ]
    },
    {
      "Target": "Parameter",
      "Id": "PARAM_YINYING",
      "Segments": [
        0,
        0,
        0,
        7.67,
        0
      ]
    },
    {
      "Target": "Parameter",
      "Id": "PARAM_TANQI",
      "Segments": [
        0,
        0,
        0,
        7.67,
        0
      ]
    },
    {
      "Target": "Parameter",
      "Id": "PARAM_ZHAMAO",
      "Segments": [
        0,
        0,
        0,
        7.67,
        0
      ]
    },
    {
      "Target": "Parameter",
      "Id": "PARAM_RU_X",
      "Segments": [
        0,
        0,
        0,
        7.67,
        0
      ]
    },
    {
      "Target": "Parameter",
      "Id": "PARAM_RU_Y",
      "Segments": [
        0,
        0,
        0,
        7.67,
        0
      ]
    },
    {
      "Target": "Parameter",
      "Id": "PARAM_BREATH",
      "Segments": [
        0,
        0,
        0,
        7.67,
        0
      ]
    },
    {
      "Target": "Parameter",
      "Id": "PARAM_HAIR_FRONT",
      "Segments": [
        0,
        0,
        0,
        7.67,
        0
      ]
    },
    {
      "Target": "Parameter",
      "Id": "PARAM_HAIR_FROUT_2",
      "Segments": [
        0,
        0,
        0,
        7.67,
        0
      ]
    },
    {
      "Target": "Parameter",
      "Id": "PARAM_HAIR_FROUT_WAVE",
      "Segments": [
        0,
        0,
        0,
        7.67,
        0
      ]
    },
    {
      "Target": "Parameter",
      "Id": "PARAM_HAIR_SIDE_R",
      "Segments": [
        0,
        0,
        0,
        7.67,
        0
      ]
    },
    {
      "Target": "Parameter",
      "Id": "PARAM_HAIR_SIDE_R2",
      "Segments": [
        0,
        0,
        0,
        7.67,
        0
      ]
    },
    {
      "Target": "Parameter",
      "Id": "PARAM_HAIR_SIDE_WAVE",
      "Segments": [
        0,
        0,
        0,
        7.67,
        0
      ]
    },
    {
      "Target": "Parameter",
      "Id": "PARAM_HAIR_SIDE_R3",
      "Segments": [
        0,
        0,
        0,
        7.67,
        0
      ]
    },
    {
      "Target": "Parameter",
      "Id": "PARAM_HAIR_SIDE_L",
      "Segments": [
        0,
        0,
        0,
        7.67,
        0
      ]
    },
    {
      "Target": "Parameter",
      "Id": "PARAM_HAIR_SIDE_L3",
      "Segments": [
        0,
        0,
        0,
        7.67,
        0
      ]
    },
    {
      "Target": "Parameter",
      "Id": "PARAM_HAIR_BACK_WAVE",
      "Segments": [
        0,
        0,
        0,
        7.67,
        0
      ]
    },
    {
      "Target": "Parameter",
      "Id": "PARAM_XIANQUNZI_1",
      "Segments": [
        0,
        0,
        0,
        7.67,
        0
      ]
    },
    {
      "Target": "Parameter",
      "Id": "PARAM_XIANQUNZI_2",
      "Segments": [
        0,
        0,
        0,
        7.67,
        0
      ]
    },
    {
      "Target": "Parameter",
      "Id": "PARAM_YICENGQUN_YIDUAN_SHAKE",
      "Segments": [
        0,
        0,
        0,
        7.67,
        0
      ]
    },
    {
      "Target": "Parameter",
      "Id": "PARAM_PARAM_YICENGQUN_ERDUAN_SHAKE",
      "Segments": [
        0,
        0,
        0,
        7.67,
        0
      ]
    },
    {
      "Target": "Parameter",
      "Id": "PARAM_YICENGSHA_1DUAN_SHAKE",
      "Segments": [
        0,
        0,
        0,
        7.67,
        0
      ]
    },
    {
      "Target": "Parameter",
      "Id": "PARAM_YICESHA_2DUAN_SHAKE",
      "Segments": [
        0,
        0,
        0,
        7.67,
        0
      ]
    },
    {
      "Target": "Parameter",
      "Id": "PARAM_ERCENGSHA_1DUAN_SHAKE",
      "Segments": [
        0,
        0,
        0,
        7.67,
        0
      ]
    },
    {
      "Target": "Parameter",
      "Id": "PARAM_ERCENGSAHA_2DUAN_SHAKE",
      "Segments": [
        0,
        0,
        0,
        7.67,
        0
      ]
    }
  ],
  "UserData": []
}