{
  "Version": 3,
  "Meta": {
    "Duration": 3.97,
    "Fps": 30.0,
    "Loop": true,
    "AreBeziersRestricted": true,
    "CurveCount": 134,
    "TotalSegmentCount": 630,
    "TotalPointCount": 822,
    "UserDataCount": 0,
    "TotalUserDataSize": 0
  },
  "Curves": [
    {
      "Target": "Parameter",
      "Id": "PARAM_ANGLE_X",
      "Segments": [
        0,
        -4,
        0,
        0.1,
        30,
        0,
        0.2,
        -13,
        0,
        0.3,
        30,
        0,
        0.4,
        -30,
        0,
        0.5,
        11,
        0,
        0.6,
        -30,
        0,
        0.733,
        11,
        0,
        0.867,
        -30,
        0,
        1.033,
        11,
        0,
        1.233,
        -19,
        2,
        1.4,
        -19,
        2,
        1.9,
        -19,
        2,
        2.133,
        -19,
        2,
        2.3,
        -19,
        0,
        2.8,
        -33,
        2,
        3.3,
        -33,
        0,
        3.967,
        -4
      ]
    },
    {
      "Target": "Parameter",
      "Id": "PARAM_ANGLE_Y",
      "Segments": [
        0,
        -8,
        0,
        0.067,
        -30,
        1,
        0.389,
        -30,
        0.711,
        -18.976,
        1.033,
        11,
        1,
        1.1,
        17.202,
        1.166,
        30,
        1.233,
        30,
        1,
        1.289,
        30,
        1.344,
        -29,
        1.4,
        -29,
        2,
        1.9,
        -29,
        2,
        2.133,
        -29,
        2,
        2.3,
        -29,
        0,
        2.8,
        21,
        2,
        3.3,
        21,
        0,
        3.9,
        -8,
        2,
        3.967,
        -8
      ]
    },
    {
      "Target": "Parameter",
      "Id": "PARAM_ANGLE_Z",
      "Segments": [
        0,
        -8,
        0,
        0.133,
        7.743,
        0,
        1.033,
        0,
        0,
        1.4,
        30,
        1,
        1.567,
        30,
        1.733,
        29.967,
        1.9,
        29.517,
        1,
        1.978,
        29.307,
        2.055,
        28.724,
        2.133,
        24.894,
        1,
        2.355,
        13.948,
        2.578,
        -30,
        2.8,
        -30,
        2,
        3.3,
        -30,
        0,
        3.9,
        -8,
        2,
        3.967,
        -8
      ]
    },
    {
      "Target": "Parameter",
      "Id": "PARAM_BODY_ANGLE_X",
      "Segments": [
        0,
        -0.047,
        1,
        0.022,
        -0.047,
        0.045,
        0.561,
        0.067,
        1.53,
        1,
        0.122,
        3.952,
        0.178,
        5.055,
        0.233,
        5.055,
        0,
        0.533,
        2,
        0,
        0.767,
        7,
        1,
        0.834,
        7,
        0.9,
        7.315,
        0.967,
        5,
        1,
        1.056,
        1.913,
        1.144,
        -10,
        1.233,
        -10,
        0,
        1.4,
        -6,
        2,
        1.9,
        -6,
        2,
        2.133,
        -6,
        2,
        2.3,
        -6,
        2,
        2.567,
        -6,
        0,
        3.3,
        -7,
        0,
        3.967,
        -0.047
      ]
    },
    {
      "Target": "Parameter",
      "Id": "PARAM_BODY_ANGLE_Y",
      "Segments": [
        0,
        0,
        2,
        0.067,
        0,
        0,
        1.033,
        10,
        1,
        1.189,
        10,
        1.344,
        2.886,
        1.5,
        -7,
        1,
        1.544,
        -9.825,
        1.589,
        -10,
        1.633,
        -10,
        1,
        1.678,
        -10,
        1.722,
        -7.506,
        1.767,
        -7,
        1,
        1.889,
        -5.609,
        2.011,
        -5.226,
        2.133,
        -3.659,
        1,
        2.278,
        -1.807,
        2.422,
        2.772,
        2.567,
        5,
        1,
        2.811,
        8.771,
        3.056,
        10,
        3.3,
        10,
        0,
        3.967,
        0
      ]
    },
    {
      "Target": "Parameter",
      "Id": "PARAM_BODY_ANGLE_Z",
      "Segments": [
        0,
        0,
        1,
        0.022,
        0,
        0.045,
        0.316,
        0.067,
        0.85,
        1,
        0.122,
        2.185,
        0.178,
        2.807,
        0.233,
        2.807,
        2,
        0.733,
        2.807,
        0,
        1.033,
        4,
        0,
        1.4,
        2.312,
        2,
        1.9,
        2.312,
        2,
        2.133,
        2.312,
        2,
        2.3,
        2.312,
        2,
        2.567,
        2.312,
        1,
        2.811,
        2.312,
        3.056,
        2.352,
        3.3,
        2,
        1,
        3.522,
        1.68,
        3.745,
        0,
        3.967,
        0
      ]
    },
    {
      "Target": "Parameter",
      "Id": "PARAM_UPPER_BODY",
      "Segments": [
        0,
        0,
        1,
        0.022,
        0,
        0.045,
        -0.008,
        0.067,
        -0.021,
        1,
        0.122,
        -0.053,
        0.178,
        -0.068,
        0.233,
        -0.068,
        2,
        0.733,
        -0.068,
        1,
        0.833,
        -0.068,
        0.933,
        -0.092,
        1.033,
        0,
        1,
        1.155,
        0.112,
        1.278,
        1,
        1.4,
        1,
        2,
        1.9,
        1,
        2,
        2.133,
        1,
        2,
        2.3,
        1,
        0,
        3.3,
        -1,
        0,
        3.967,
        0
      ]
    },
    {
      "Target": "Parameter",
      "Id": "PARAM_LEFT_ARM",
      "Segments": [
        0,
        0.349,
        0,
        0.167,
        0.63,
        0,
        0.5,
        0,
        1,
        0.578,
        0,
        0.655,
        0.16,
        0.733,
        0.2,
        1,
        0.833,
        0.251,
        0.933,
        0.255,
        1.033,
        0.3,
        1,
        1.155,
        0.356,
        1.278,
        0.418,
        1.4,
        0.418,
        2,
        1.9,
        0.418,
        2,
        2.133,
        0.418,
        2,
        2.3,
        0.418,
        2,
        2.8,
        0.418,
        2,
        3.3,
        0.418,
        0,
        3.7,
        0.433,
        0,
        3.967,
        0.349
      ]
    },
    {
      "Target": "Parameter",
      "Id": "PARAM_ARM_L",
      "Segments": [
        0,
        -1,
        2,
        0.167,
        -1,
        1,
        0.278,
        -1,
        0.389,
        3.108,
        0.5,
        3.831,
        1,
        0.578,
        4.337,
        0.655,
        4.2,
        0.733,
        4.2,
        1,
        0.833,
        4.2,
        0.933,
        4.211,
        1.033,
        4.1,
        1,
        1.155,
        3.964,
        1.278,
        3.335,
        1.4,
        3.2,
        1,
        1.489,
        3.102,
        1.578,
        3.117,
        1.667,
        3.117,
        2,
        2.033,
        3.117,
        0,
        2.8,
        3.2,
        2,
        3.3,
        3.2,
        0,
        3.7,
        -1,
        2,
        3.967,
        -1
      ]
    },
    {
      "Target": "Parameter",
      "Id": "PARAM_TOUSHI_L",
      "Segments": [
        0,
        0,
        2,
        0.067,
        0,
        2,
        0.233,
        0,
        0,
        0.733,
        0.5,
        2,
        3.3,
        0.5,
        0,
        3.433,
        1,
        0,
        3.967,
        0
      ]
    },
    {
      "Target": "Parameter",
      "Id": "PARAM_ARM_L_02",
      "Segments": [
        0,
        0.9,
        1,
        0.022,
        0.9,
        0.045,
        0.854,
        0.067,
        0.777,
        1,
        0.122,
        0.587,
        0.178,
        0.5,
        0.233,
        0.5,
        2,
        0.733,
        0.5,
        2,
        0.933,
        0.5,
        0,
        1.233,
        0.2,
        1,
        1.289,
        0.2,
        1.344,
        0.351,
        1.4,
        0.367,
        1,
        1.744,
        0.468,
        2.089,
        0.5,
        2.433,
        0.5,
        0,
        2.8,
        0.367,
        2,
        3.3,
        0.367,
        0,
        3.4,
        0.2,
        0,
        3.433,
        0.5,
        2,
        3.7,
        0.5,
        0,
        3.967,
        0.9
      ]
    },
    {
      "Target": "Parameter",
      "Id": "PARAM_HAND_L",
      "Segments": [
        0,
        0,
        0,
        0.3,
        0.5,
        2,
        0.4,
        0.5,
        2,
        0.733,
        0.5,
        2,
        1.033,
        0.5,
        2,
        1.4,
        0.5,
        2,
        3.3,
        0.5,
        0,
        3.433,
        0,
        2,
        3.967,
        0
      ]
    },
    {
      "Target": "Parameter",
      "Id": "PARAM_HAND_L2",
      "Segments": [
        0,
        0,
        2,
        0.3,
        0,
        0,
        0.4,
        1,
        2,
        0.733,
        1,
        2,
        1.033,
        1,
        2,
        1.4,
        1,
        2,
        3.3,
        1,
        0,
        3.433,
        0,
        2,
        3.967,
        0
      ]
    },
    {
      "Target": "Parameter",
      "Id": "PARAM_HAND_L_02",
      "Segments": [
        0,
        0,
        1,
        0.022,
        0,
        0.045,
        -0.052,
        0.067,
        -0.2,
        1,
        0.145,
        -0.717,
        0.222,
        -1,
        0.3,
        -1,
        2,
        0.4,
        -1,
        2,
        0.733,
        -1,
        2,
        1.033,
        -1,
        0,
        1.233,
        -0.1,
        0,
        1.4,
        -1,
        2,
        2.333,
        -1,
        0,
        2.8,
        1,
        0,
        3.433,
        0,
        2,
        3.967,
        0
      ]
    },
    {
      "Target": "Parameter",
      "Id": "PARAM_HAND_L_LEVEL",
      "Segments": [
        0,
        0,
        0,
        0.067,
        1,
        2,
        0.233,
        1,
        2,
        0.733,
        1,
        2,
        1.033,
        1,
        2,
        1.4,
        1,
        2,
        1.9,
        1,
        2,
        2.133,
        1,
        2,
        2.3,
        1,
        2,
        2.8,
        1,
        2,
        3.3,
        1,
        2,
        3.433,
        1,
        2,
        3.7,
        1,
        2,
        3.733,
        0,
        2,
        3.967,
        0
      ]
    },
    {
      "Target": "Parameter",
      "Id": "PARAM_RIGHT_ARM",
      "Segments": [
        0,
        0,
        1,
        0.111,
        0,
        0.222,
        0.374,
        0.333,
        0.638,
        1,
        0.466,
        0.955,
        0.6,
        1,
        0.733,
        1,
        1,
        0.833,
        1,
        0.933,
        1.016,
        1.033,
        0.8,
        1,
        1.155,
        0.537,
        1.278,
        0,
        1.4,
        0,
        2,
        1.9,
        0,
        2,
        2.133,
        0,
        2,
        2.3,
        0,
        2,
        2.8,
        0,
        2,
        3.3,
        0,
        2,
        3.967,
        0
      ]
    },
    {
      "Target": "Parameter",
      "Id": "PARAM_ARM_R",
      "Segments": [
        0,
        2.28,
        1,
        0.111,
        2.28,
        0.222,
        4.097,
        0.333,
        4.197,
        1,
        0.466,
        4.316,
        0.6,
        4.325,
        0.733,
        4.4,
        1,
        0.833,
        4.457,
        0.933,
        4.5,
        1.033,
        4.5,
        0,
        1.4,
        2,
        2,
        1.9,
        2,
        2,
        2.133,
        2,
        2,
        2.3,
        2,
        2,
        2.8,
        2,
        2,
        3.3,
        2,
        0,
        3.967,
        2.28
      ]
    },
    {
      "Target": "Parameter",
      "Id": "PARAM_TOUSHI_R",
      "Segments": [
        0,
        0.285,
        0,
        0.067,
        0,
        0,
        0.233,
        0.341,
        2,
        0.733,
        0.341,
        1,
        0.833,
        0.341,
        0.933,
        0.312,
        1.033,
        0.3,
        1,
        1.155,
        0.285,
        1.278,
        0.285,
        1.4,
        0.285,
        2,
        1.9,
        0.285,
        2,
        2.133,
        0.285,
        2,
        2.3,
        0.285,
        2,
        2.8,
        0.285,
        2,
        3.3,
        0.285,
        2,
        3.967,
        0.285
      ]
    },
    {
      "Target": "Parameter",
      "Id": "PARAM_ARM_R_02",
      "Segments": [
        0,
        -1,
        1,
        0.022,
        -1,
        0.045,
        -0.551,
        0.067,
        -0.3,
        1,
        0.122,
        0.328,
        0.178,
        0.5,
        0.233,
        0.5,
        0,
        0.733,
        0.3,
        0,
        0.933,
        0.5,
        0,
        1.4,
        -1,
        2,
        1.9,
        -1,
        2,
        2.133,
        -1,
        2,
        2.3,
        -1,
        2,
        2.8,
        -1,
        2,
        3.3,
        -1,
        2,
        3.967,
        -1
      ]
    },
    {
      "Target": "Parameter",
      "Id": "PARAM_HAND_R",
      "Segments": [
        0,
        0,
        0,
        0.233,
        0.5,
        2,
        1.267,
        0.5,
        0,
        1.4,
        0,
        2,
        1.9,
        0,
        2,
        2.133,
        0,
        2,
        2.3,
        0,
        2,
        2.8,
        0,
        2,
        3.3,
        0,
        2,
        3.967,
        0
      ]
    },
    {
      "Target": "Parameter",
      "Id": "PARAM_HAND_R2",
      "Segments": [
        0,
        0,
        0,
        0.233,
        1,
        2,
        1.267,
        1,
        0,
        1.4,
        0,
        2,
        1.9,
        0,
        2,
        2.133,
        0,
        2,
        2.3,
        0,
        2,
        2.8,
        0,
        2,
        3.3,
        0,
        2,
        3.967,
        0
      ]
    },
    {
      "Target": "Parameter",
      "Id": "PARAM_HAND_R_02",
      "Segments": [
        0,
        0,
        0,
        0.233,
        -1,
        2,
        1.267,
        -1,
        0,
        1.4,
        0,
        2,
        1.9,
        0,
        2,
        2.133,
        0,
        2,
        2.3,
        0,
        2,
        2.8,
        0,
        2,
        3.3,
        0,
        2,
        3.967,
        0
      ]
    },
    {
      "Target": "Parameter",
      "Id": "PARAM_HAND_R_LEVEL",
      "Segments": [
        0,
        1,
        1,
        0.022,
        1,
        0.045,
        0.997,
        0.067,
        0.992,
        1,
        0.122,
        0.981,
        0.178,
        0.975,
        0.233,
        0.975,
        2,
        0.733,
        0.975,
        0,
        1.033,
        1,
        2,
        1.4,
        1,
        2,
        1.9,
        1,
        2,
        2.133,
        1,
        2,
        2.3,
        1,
        2,
        2.8,
        1,
        2,
        3.3,
        1,
        2,
        3.967,
        1
      ]
    },
    {
      "Target": "Parameter",
      "Id": "PARAM_EYE_L_OPEN",
      "Segments": [
        0,
        1,
        1,
        0.022,
        1,
        0.045,
        0.887,
        0.067,
        0.697,
        1,
        0.122,
        0.222,
        0.178,
        0,
        0.233,
        0,
        2,
        0.733,
        0,
        2,
        1.033,
        0,
        0,
        1.4,
        0.8,
        2,
        1.567,
        0.8,
        0,
        1.667,
        0,
        2,
        1.7,
        0,
        0,
        1.833,
        0.8,
        0,
        2.8,
        0.7,
        2,
        3.3,
        0.7,
        0,
        3.9,
        1,
        2,
        3.967,
        1
      ]
    },
    {
      "Target": "Parameter",
      "Id": "PARAM_EYE_L_FORM",
      "Segments": [
        0,
        0.5,
        1,
        0.022,
        0.5,
        0.045,
        0.522,
        0.067,
        0.56,
        1,
        0.122,
        0.654,
        0.178,
        0.698,
        0.233,
        0.698,
        2,
        0.733,
        0.698,
        0,
        1.033,
        1,
        0,
        1.4,
        0,
        2,
        1.567,
        0,
        0,
        1.667,
        0.2,
        2,
        1.7,
        0.2,
        0,
        1.833,
        0,
        2,
        2.8,
        0,
        2,
        3.3,
        0,
        0,
        3.9,
        0.5,
        2,
        3.967,
        0.5
      ]
    },
    {
      "Target": "Parameter",
      "Id": "PARAM_EYE_R_OPEN",
      "Segments": [
        0,
        1,
        1,
        0.022,
        1,
        0.045,
        0.887,
        0.067,
        0.697,
        1,
        0.122,
        0.222,
        0.178,
        0,
        0.233,
        0,
        2,
        0.733,
        0,
        2,
        1.033,
        0,
        0,
        1.4,
        0.8,
        2,
        1.567,
        0.8,
        0,
        1.667,
        0,
        2,
        1.7,
        0,
        0,
        1.833,
        0.8,
        0,
        2.8,
        0.7,
        2,
        3.3,
        0.7,
        0,
        3.9,
        1,
        2,
        3.967,
        1
      ]
    },
    {
      "Target": "Parameter",
      "Id": "PARAM_EYE_R_FORM",
      "Segments": [
        0,
        0.5,
        1,
        0.022,
        0.5,
        0.045,
        0.522,
        0.067,
        0.56,
        1,
        0.122,
        0.654,
        0.178,
        0.698,
        0.233,
        0.698,
        2,
        0.733,
        0.698,
        0,
        1.033,
        1,
        0,
        1.4,
        0,
        2,
        1.567,
        0,
        0,
        1.667,
        0.2,
        2,
        1.7,
        0.2,
        0,
        1.833,
        0,
        2,
        2.8,
        0,
        2,
        3.3,
        0,
        0,
        3.9,
        0.5,
        2,
        3.967,
        0.5
      ]
    },
    {
      "Target": "Parameter",
      "Id": "PARAM_EYE_BALL_X",
      "Segments": [
        0,
        0,
        2,
        0.067,
        0,
        2,
        0.233,
        0,
        2,
        0.733,
        0,
        2,
        1.033,
        0,
        1,
        1.155,
        0,
        1.278,
        0.191,
        1.4,
        0.192,
        1,
        1.567,
        0.193,
        1.733,
        0.193,
        1.9,
        0.194,
        1,
        1.978,
        0.194,
        2.055,
        0.195,
        2.133,
        0.211,
        1,
        2.355,
        0.257,
        2.578,
        0.4,
        2.8,
        0.4,
        2,
        3.3,
        0.4,
        0,
        3.9,
        0,
        2,
        3.967,
        0
      ]
    },
    {
      "Target": "Parameter",
      "Id": "PARAM_EYE_BALL_Y",
      "Segments": [
        0,
        0,
        2,
        0.067,
        0,
        2,
        0.233,
        0,
        2,
        0.733,
        0,
        2,
        1.033,
        0,
        2,
        1.4,
        0,
        1,
        1.567,
        0,
        1.733,
        0,
        1.9,
        -0.004,
        1,
        1.978,
        -0.006,
        2.055,
        -0.007,
        2.133,
        -0.045,
        1,
        2.355,
        -0.156,
        2.578,
        -0.5,
        2.8,
        -0.5,
        2,
        3.3,
        -0.5,
        0,
        3.9,
        0,
        2,
        3.967,
        0
      ]
    },
    {
      "Target": "Parameter",
      "Id": "PARAM_EYE_BALL_FORM",
      "Segments": [
        0,
        0,
        1,
        0.022,
        0,
        0.045,
        -0.019,
        0.067,
        -0.052,
        1,
        0.122,
        -0.134,
        0.178,
        -0.172,
        0.233,
        -0.172,
        2,
        0.733,
        -0.172,
        0,
        1.033,
        0,
        1,
        1.155,
        0,
        1.278,
        -0.098,
        1.4,
        -0.1,
        1,
        1.567,
        -0.102,
        1.733,
        -0.102,
        1.9,
        -0.104,
        1,
        1.978,
        -0.105,
        2.055,
        -0.107,
        2.133,
        -0.145,
        1,
        2.355,
        -0.256,
        2.578,
        -0.6,
        2.8,
        -0.6,
        1,
        2.967,
        -0.6,
        3.133,
        -0.601,
        3.3,
        -0.597,
        1,
        3.5,
        -0.593,
        3.7,
        0,
        3.9,
        0,
        2,
        3.967,
        0
      ]
    },
    {
      "Target": "Parameter",
      "Id": "PARAM_EYE_BALL_BAIYAN",
      "Segments": [
        0,
        0,
        1,
        0.022,
        0,
        0.045,
        0.019,
        0.067,
        0.052,
        1,
        0.122,
        0.134,
        0.178,
        0.172,
        0.233,
        0.172,
        2,
        0.733,
        0.172,
        0,
        1.033,
        0,
        0,
        1.4,
        0.016,
        2,
        1.9,
        0.016,
        2,
        2.133,
        0.016,
        2,
        2.8,
        0.016,
        2,
        3.3,
        0.016,
        0,
        3.9,
        0,
        2,
        3.967,
        0
      ]
    },
    {
      "Target": "Parameter",
      "Id": "PARAM_BROW_L_X",
      "Segments": [
        0,
        0,
        2,
        0.067,
        0,
        0,
        0.2,
        -0.3,
        0,
        0.733,
        0,
        2,
        1.033,
        0,
        2,
        1.4,
        0,
        2,
        1.9,
        0,
        2,
        2.133,
        0,
        2,
        2.3,
        0,
        2,
        2.8,
        0,
        2,
        3.3,
        0,
        2,
        3.967,
        0
      ]
    },
    {
      "Target": "Parameter",
      "Id": "PARAM_BROW_L_Y",
      "Segments": [
        0,
        0,
        1,
        0.022,
        0,
        0.045,
        -0.113,
        0.067,
        -0.303,
        1,
        0.122,
        -0.778,
        0.178,
        -1,
        0.233,
        -1,
        2,
        0.733,
        -1,
        2,
        1.033,
        -1,
        2,
        1.4,
        -1,
        2,
        1.9,
        -1,
        2,
        2.133,
        -1,
        2,
        2.3,
        -1,
        2,
        2.8,
        -1,
        2,
        3.3,
        -1,
        0,
        3.967,
        0
      ]
    },
    {
      "Target": "Parameter",
      "Id": "PARAM_BROW_R_X",
      "Segments": [
        0,
        0,
        2,
        0.067,
        0,
        0,
        0.2,
        0.6,
        0,
        0.733,
        0,
        2,
        1.033,
        0,
        2,
        1.4,
        0,
        2,
        1.9,
        0,
        2,
        2.133,
        0,
        2,
        2.3,
        0,
        2,
        2.8,
        0,
        2,
        3.3,
        0,
        2,
        3.967,
        0
      ]
    },
    {
      "Target": "Parameter",
      "Id": "PARAM_BROW_R_Y",
      "Segments": [
        0,
        0,
        1,
        0.022,
        0,
        0.045,
        -0.113,
        0.067,
        -0.303,
        1,
        0.122,
        -0.778,
        0.178,
        -1,
        0.233,
        -1,
        2,
        0.733,
        -1,
        2,
        1.033,
        -1,
        2,
        1.4,
        -1,
        2,
        1.9,
        -1,
        2,
        2.133,
        -1,
        2,
        2.3,
        -1,
        2,
        2.8,
        -1,
        2,
        3.3,
        -1,
        0,
        3.967,
        0
      ]
    },
    {
      "Target": "Parameter",
      "Id": "PARAM_BROW_L_ANGLE",
      "Segments": [
        0,
        0,
        2,
        0.067,
        0,
        0,
        0.2,
        0.4,
        2,
        0.733,
        0.4,
        2,
        1.033,
        0.4,
        0,
        1.4,
        0,
        2,
        1.9,
        0,
        2,
        2.133,
        0,
        2,
        2.3,
        0,
        2,
        2.8,
        0,
        2,
        3.3,
        0,
        2,
        3.967,
        0
      ]
    },
    {
      "Target": "Parameter",
      "Id": "PARAM_BROW_R_ANGLE",
      "Segments": [
        0,
        0,
        2,
        0.067,
        0,
        0,
        0.2,
        0.4,
        2,
        0.733,
        0.4,
        2,
        1.033,
        0.4,
        0,
        1.4,
        0,
        2,
        1.9,
        0,
        2,
        2.133,
        0,
        2,
        2.3,
        0,
        2,
        2.8,
        0,
        2,
        3.3,
        0,
        2,
        3.967,
        0
      ]
    },
    {
      "Target": "Parameter",
      "Id": "PARAM_BROW_L_FORM",
      "Segments": [
        0,
        0.5,
        1,
        0.022,
        0.5,
        0.045,
        0.554,
        0.067,
        0.349,
        1,
        0.111,
        -0.063,
        0.156,
        -1,
        0.2,
        -1,
        2,
        0.733,
        -1,
        2,
        1.033,
        -1,
        0,
        1.4,
        -0.6,
        2,
        1.9,
        -0.6,
        2,
        2.133,
        -0.6,
        2,
        2.3,
        -0.6,
        2,
        2.8,
        -0.6,
        2,
        3.3,
        -0.6,
        0,
        3.967,
        0.5
      ]
    },
    {
      "Target": "Parameter",
      "Id": "PARAM_BROW_R_FORM",
      "Segments": [
        0,
        0.5,
        1,
        0.022,
        0.5,
        0.045,
        0.554,
        0.067,
        0.349,
        1,
        0.111,
        -0.063,
        0.156,
        -1,
        0.2,
        -1,
        2,
        0.733,
        -1,
        2,
        1.033,
        -1,
        0,
        1.4,
        -0.6,
        2,
        1.9,
        -0.6,
        2,
        2.133,
        -0.6,
        2,
        2.3,
        -0.6,
        2,
        2.8,
        -0.6,
        2,
        3.3,
        -0.6,
        0,
        3.967,
        0.5
      ]
    },
    {
      "Target": "Parameter",
      "Id": "PARAM_MOUTH_OPEN",
      "Segments": [
        0,
        1.5,
        0,
        0.133,
        0,
        2,
        0.567,
        0,
        2,
        1.2,
        0,
        0,
        1.4,
        1.6,
        1,
        1.567,
        1.6,
        1.733,
        1.598,
        1.9,
        1.579,
        1,
        1.978,
        1.57,
        2.055,
        1.495,
        2.133,
        1.495,
        0,
        2.3,
        2,
        2,
        2.333,
        0,
        2,
        2.8,
        0,
        2,
        3.3,
        0,
        2,
        3.333,
        0,
        0,
        3.967,
        1.5
      ]
    },
    {
      "Target": "Parameter",
      "Id": "PARAM_MOUTH_FORM",
      "Segments": [
        0,
        -1,
        0,
        0.133,
        0.5,
        2,
        0.567,
        0.5,
        2,
        1.2,
        0.5,
        0,
        1.4,
        1,
        2,
        1.9,
        1,
        2,
        2.133,
        1,
        0,
        2.3,
        0.9,
        0,
        2.333,
        1,
        2,
        2.8,
        1,
        2,
        3.3,
        1,
        2,
        3.333,
        -1,
        2,
        3.967,
        -1
      ]
    },
    {
      "Target": "Parameter",
      "Id": "PARAM_MOUTH_SPECIAL",
      "Segments": [
        0,
        0,
        2,
        0.067,
        0,
        2,
        0.733,
        0,
        2,
        1.033,
        0,
        2,
        1.4,
        0,
        2,
        1.9,
        0,
        2,
        2.133,
        0,
        2,
        2.3,
        0,
        2,
        2.333,
        1,
        2,
        2.8,
        1,
        2,
        3.3,
        1,
        2,
        3.333,
        0,
        2,
        3.967,
        0
      ]
    },
    {
      "Target": "Parameter",
      "Id": "PARAM_MOUTH_SIZE",
      "Segments": [
        0,
        -0.5,
        0,
        0.067,
        -1,
        2,
        0.133,
        -1,
        2,
        0.567,
        -1,
        0,
        0.733,
        0,
        0,
        1.033,
        -1,
        0,
        1.4,
        0,
        0,
        1.667,
        -1,
        0,
        1.9,
        0,
        2,
        2.133,
        0,
        0,
        2.3,
        -1,
        0,
        2.8,
        0,
        2,
        3.3,
        0,
        0,
        3.333,
        -1,
        0,
        3.967,
        -0.5
      ]
    },
    {
      "Target": "Parameter",
      "Id": "PARAM_MOUTH_X",
      "Segments": [
        0,
        0,
        1,
        0.022,
        0,
        0.045,
        0.007,
        0.067,
        0.018,
        1,
        0.122,
        0.047,
        0.178,
        0.06,
        0.233,
        0.06,
        0,
        0.733,
        0,
        2,
        1.033,
        0,
        0,
        1.4,
        -0.2,
        2,
        1.9,
        -0.2,
        2,
        2.133,
        -0.2,
        2,
        2.3,
        -0.2,
        0,
        2.8,
        0,
        2,
        3.3,
        0,
        2,
        3.967,
        0
      ]
    },
    {
      "Target": "Parameter",
      "Id": "PARAM_MOUTH_Y",
      "Segments": [
        0,
        0,
        1,
        0.022,
        0,
        0.045,
        0.007,
        0.067,
        0.018,
        1,
        0.122,
        0.046,
        0.178,
        0.059,
        0.233,
        0.059,
        0,
        0.733,
        0,
        2,
        1.033,
        0,
        0,
        1.4,
        0.005,
        2,
        1.9,
        0.005,
        2,
        2.133,
        0.005,
        2,
        2.3,
        0.005,
        2,
        2.8,
        0.005,
        2,
        3.3,
        0.005,
        0,
        3.967,
        0
      ]
    },
    {
      "Target": "Parameter",
      "Id": "PARAM_TERE",
      "Segments": [
        0,
        0.6,
        1,
        0.022,
        0.6,
        0.045,
        0.573,
        0.067,
        0.526,
        1,
        0.122,
        0.411,
        0.178,
        0.357,
        0.233,
        0.357,
        2,
        0.733,
        0.357,
        1,
        0.833,
        0.357,
        0.933,
        0.524,
        1.033,
        0.6,
        1,
        1.155,
        0.693,
        1.278,
        0.697,
        1.4,
        0.697,
        2,
        1.9,
        0.697,
        2,
        2.133,
        0.697,
        2,
        2.3,
        0.697,
        2,
        2.8,
        0.697,
        2,
        3.3,
        0.697,
        0,
        3.967,
        0.6
      ]
    },
    {
      "Target": "Parameter",
      "Id": "PARAM_YINYING",
      "Segments": [
        0,
        0,
        1,
        0.022,
        0,
        0.045,
        0.004,
        0.067,
        0.011,
        1,
        0.122,
        0.029,
        0.178,
        0.037,
        0.233,
        0.037,
        2,
        0.733,
        0.037,
        0,
        1.033,
        0,
        0,
        1.4,
        0.042,
        2,
        1.9,
        0.042,
        2,
        2.133,
        0.042,
        2,
        2.3,
        0.042,
        2,
        2.8,
        0.042,
        2,
        3.3,
        0.042,
        0,
        3.967,
        0
      ]
    },
    {
      "Target": "Parameter",
      "Id": "PARAM_BREATH",
      "Segments": [
        0,
        0,
        2,
        0.067,
        0,
        0,
        1.033,
        1,
        0,
        1.4,
        0,
        2,
        1.9,
        0,
        2,
        2.133,
        0,
        2,
        2.3,
        0,
        2,
        2.567,
        0,
        0,
        3.3,
        1,
        0,
        3.967,
        0
      ]
    },
    {
      "Target": "PartOpacity",
      "Id": "PARTS_GUDIAN",
      "Segments": [
        0,
        1,
        2,
        3.97,
        1
      ]
    },
    {
      "Target": "PartOpacity",
      "Id": "PARTS_01_ARM_L_01",
      "Segments": [
        0,
        1,
        2,
        3.97,
        1
      ]
    },
    {
      "Target": "PartOpacity",
      "Id": "PARTS_01_ARM_R_01",
      "Segments": [
        0,
        1,
        2,
        3.97,
        1
      ]
    },
    {
      "Target": "PartOpacity",
      "Id": "PARTS_01_BODY",
      "Segments": [
        0,
        1,
        2,
        2,
        1,
        2,
        3.97,
        1
      ]
    },
    {
      "Target": "PartOpacity",
      "Id": "PARTS_01_NECK",
      "Segments": [
        0,
        1,
        2,
        2,
        1,
        2,
        3.97,
        1
      ]
    },
    {
      "Target": "PartOpacity",
      "Id": "PARTS_01_HAIR_BACK_001",
      "Segments": [
        0,
        1,
        2,
        2,
        1,
        2,
        3.97,
        1
      ]
    },
    {
      "Target": "PartOpacity",
      "Id": "PARTS_01_HAIR_SIDE_001",
      "Segments": [
        0,
        1,
        2,
        2,
        1,
        2,
        3.97,
        1
      ]
    },
    {
      "Target": "PartOpacity",
      "Id": "PARTS_01_HAIR_FRONT_001",
      "Segments": [
        0,
        1,
        2,
        2,
        1,
        2,
        3.97,
        1
      ]
    },
    {
      "Target": "PartOpacity",
      "Id": "PARTS_01_EAR_001",
      "Segments": [
        0,
        1,
        2,
        2,
        1,
        2,
        3.97,
        1
      ]
    },
    {
      "Target": "PartOpacity",
      "Id": "PARTS_01_NOSE_001",
      "Segments": [
        0,
        1,
        2,
        2,
        1,
        2,
        3.97,
        1
      ]
    },
    {
      "Target": "PartOpacity",
      "Id": "PARTS_01_MOUTH_001",
      "Segments": [
        0,
        1,
        2,
        2,
        1,
        2,
        3.97,
        1
      ]
    },
    {
      "Target": "PartOpacity",
      "Id": "PARTS_01_BROW_001",
      "Segments": [
        0,
        1,
        2,
        2,
        1,
        2,
        3.97,
        1
      ]
    },
    {
      "Target": "PartOpacity",
      "Id": "PARTS_01_EYE_BALL_001",
      "Segments": [
        0,
        1,
        2,
        2,
        1,
        2,
        3.97,
        1
      ]
    },
    {
      "Target": "PartOpacity",
      "Id": "PARTS_01_EYE_001",
      "Segments": [
        0,
        1,
        2,
        2,
        1,
        2,
        3.97,
        1
      ]
    },
    {
      "Target": "PartOpacity",
      "Id": "PARTS_01_FACE_001",
      "Segments": [
        0,
        1,
        2,
        2,
        1,
        2,
        3.97,
        1
      ]
    },
    {
      "Target": "PartOpacity",
      "Id": "ROUGH",
      "Segments": [
        0,
        1,
        2,
        2,
        1,
        2,
        3.97,
        1
      ]
    },
    {
      "Target": "Model",
      "Id": "Opacity",
      "Segments": [
        0,
        1,
        0,
        3.97,
        1
      ]
    },
    {
      "Target": "Parameter",
      "Id": "PARAM_LEFT_ARM_TAI",
      "Segments": [
        0,
        0,
        0,
        3.97,
        0
      ]
    },
    {
      "Target": "Parameter",
      "Id": "PARAM_ARM_L_TOUSHI2",
      "Segments": [
        0,
        0,
        0,
        3.97,
        0
      ]
    },
    {
      "Target": "Parameter",
      "Id": "PARAM_TANGDIE",
      "Segments": [
        0,
        0,
        0,
        3.97,
        0
      ]
    },
    {
      "Target": "Parameter",
      "Id": "PARAM_RIGHT_ARM_TAI",
      "Segments": [
        0,
        0.5,
        0,
        3.97,
        0.5
      ]
    },
    {
      "Target": "Parameter",
      "Id": "PARAM_ARM_R_TOUSHI2",
      "Segments": [
        0,
        0,
        0,
        3.97,
        0
      ]
    },
    {
      "Target": "Parameter",
      "Id": "PARAM_YIFU",
      "Segments": [
        0,
        0,
        0,
        3.97,
        0
      ]
    },
    {
      "Target": "Parameter",
      "Id": "PARAM_CHICKEN",
      "Segments": [
        0,
        0,
        0,
        3.97,
        0
      ]
    },
    {
      "Target": "Parameter",
      "Id": "PARAM_CHICKEN_MOVE",
      "Segments": [
        0,
        0,
        0,
        3.97,
        0
      ]
    },
    {
      "Target": "Parameter",
      "Id": "PARAM_BANSHOU",
      "Segments": [
        0,
        0,
        0,
        3.97,
        0
      ]
    },
    {
      "Target": "Parameter",
      "Id": "PARAM_BANSHOU_MOVE",
      "Segments": [
        0,
        0,
        0,
        3.97,
        0
      ]
    },
    {
      "Target": "Parameter",
      "Id": "PARAM_BANSHOU_MOVE_01",
      "Segments": [
        0,
        0,
        0,
        3.97,
        0
      ]
    },
    {
      "Target": "Parameter",
      "Id": "PARAM_SHAOZI",
      "Segments": [
        0,
        0,
        0,
        3.97,
        0
      ]
    },
    {
      "Target": "Parameter",
      "Id": "PARAM_SHAOZI_MOVE",
      "Segments": [
        0,
        0,
        0,
        3.97,
        0
      ]
    },
    {
      "Target": "Parameter",
      "Id": "PARAM_SHAOZI_MOVE_01",
      "Segments": [
        0,
        0,
        0,
        3.97,
        0
      ]
    },
    {
      "Target": "Parameter",
      "Id": "PARAM_SOUP",
      "Segments": [
        0,
        0,
        0,
        3.97,
        0
      ]
    },
    {
      "Target": "Parameter",
      "Id": "PARAM_JITA_CHUXIAN",
      "Segments": [
        0,
        0,
        0,
        3.97,
        0
      ]
    },
    {
      "Target": "Parameter",
      "Id": "PARAM_JITA_LEVEL",
      "Segments": [
        0,
        0,
        0,
        3.97,
        0
      ]
    },
    {
      "Target": "Parameter",
      "Id": "PARAM_JITA_MOVE_X",
      "Segments": [
        0,
        0,
        0,
        3.97,
        0
      ]
    },
    {
      "Target": "Parameter",
      "Id": "PARAM_JITA_MOVE_Y",
      "Segments": [
        0,
        0,
        0,
        3.97,
        0
      ]
    },
    {
      "Target": "Parameter",
      "Id": "PARAM_JITA_Z",
      "Segments": [
        0,
        0,
        0,
        3.97,
        0
      ]
    },
    {
      "Target": "Parameter",
      "Id": "PARAM_JITA_X",
      "Segments": [
        0,
        0,
        0,
        3.97,
        0
      ]
    },
    {
      "Target": "Parameter",
      "Id": "PARAM_JITA_Y",
      "Segments": [
        0,
        0,
        0,
        3.97,
        0
      ]
    },
    {
      "Target": "Parameter",
      "Id": "PARAM_JINADAI_X",
      "Segments": [
        0,
        0,
        0,
        3.97,
        0
      ]
    },
    {
      "Target": "Parameter",
      "Id": "PARAM_JIANDAI_Y",
      "Segments": [
        0,
        0,
        0,
        3.97,
        0
      ]
    },
    {
      "Target": "Parameter",
      "Id": "PARAM_JIANDAI_BACK_X",
      "Segments": [
        0,
        0,
        0,
        3.97,
        0
      ]
    },
    {
      "Target": "Parameter",
      "Id": "PARAM_JIANDAI_BACK_Y",
      "Segments": [
        0,
        0,
        0,
        3.97,
        0
      ]
    },
    {
      "Target": "Parameter",
      "Id": "PARAM_EYE_BALL_SAD",
      "Segments": [
        0,
        0,
        0,
        3.97,
        0
      ]
    },
    {
      "Target": "Parameter",
      "Id": "PARAM_EYE_BALL_KIRAKIRA",
      "Segments": [
        0,
        0,
        0,
        3.97,
        0
      ]
    },
    {
      "Target": "Parameter",
      "Id": "PARAM_EYE_kira_R1",
      "Segments": [
        0,
        1,
        0,
        3.97,
        1
      ]
    },
    {
      "Target": "Parameter",
      "Id": "PARAM_EYE_kira_R2",
      "Segments": [
        0,
        0.5,
        0,
        3.97,
        0.5
      ]
    },
    {
      "Target": "Parameter",
      "Id": "PARAM_EYE_kira_L1",
      "Segments": [
        0,
        1,
        0,
        3.97,
        1
      ]
    },
    {
      "Target": "Parameter",
      "Id": "PARAM_EYE_kira_L2",
      "Segments": [
        0,
        0.5,
        0,
        3.97,
        0.5
      ]
    },
    {
      "Target": "Parameter",
      "Id": "PARAM_EYE_TI1",
      "Segments": [
        0,
        0,
        0,
        3.97,
        0
      ]
    },
    {
      "Target": "Parameter",
      "Id": "PARAM_EYE_TI2",
      "Segments": [
        0,
        0,
        0,
        3.97,
        0
      ]
    },
    {
      "Target": "Parameter",
      "Id": "PARAM_EYE_SPECIAL",
      "Segments": [
        0,
        0,
        0,
        3.97,
        0
      ]
    },
    {
      "Target": "Parameter",
      "Id": "PARAM_EYE_DEFROM",
      "Segments": [
        0,
        0,
        0,
        3.97,
        0
      ]
    },
    {
      "Target": "Parameter",
      "Id": "PARAM_MOUTH_WIDTH",
      "Segments": [
        0,
        1,
        0,
        3.97,
        1
      ]
    },
    {
      "Target": "Parameter",
      "Id": "PARAM_MOUTH_DEFORM_SPECIAL",
      "Segments": [
        0,
        0,
        0,
        3.97,
        0
      ]
    },
    {
      "Target": "Parameter",
      "Id": "PARAM_SHY",
      "Segments": [
        0,
        0,
        0,
        3.97,
        0
      ]
    },
    {
      "Target": "Parameter",
      "Id": "PARAM_TERE2",
      "Segments": [
        0,
        0,
        0,
        3.97,
        0
      ]
    },
    {
      "Target": "Parameter",
      "Id": "PARAM_WATER",
      "Segments": [
        0,
        0,
        0,
        3.97,
        0
      ]
    },
    {
      "Target": "Parameter",
      "Id": "PARAM_HAN",
      "Segments": [
        0,
        0,
        0,
        3.97,
        0
      ]
    },
    {
      "Target": "Parameter",
      "Id": "PARAM_ANGRY",
      "Segments": [
        0,
        0,
        0,
        3.97,
        0
      ]
    },
    {
      "Target": "Parameter",
      "Id": "PARAM_HEI",
      "Segments": [
        0,
        -1,
        0,
        3.97,
        -1
      ]
    },
    {
      "Target": "Parameter",
      "Id": "PARAM_LIANHEIXIAN",
      "Segments": [
        0,
        0,
        0,
        3.97,
        0
      ]
    },
    {
      "Target": "Parameter",
      "Id": "PARAM_FAT",
      "Segments": [
        0,
        0,
        0,
        3.97,
        0
      ]
    },
    {
      "Target": "Parameter",
      "Id": "PARAM_HEIXIAN",
      "Segments": [
        0,
        0,
        0,
        3.97,
        0
      ]
    },
    {
      "Target": "Parameter",
      "Id": "PARAM_TANQI",
      "Segments": [
        0,
        0,
        0,
        3.97,
        0
      ]
    },
    {
      "Target": "Parameter",
      "Id": "PARAM_ZHAMAO",
      "Segments": [
        0,
        0,
        0,
        3.97,
        0
      ]
    },
    {
      "Target": "Parameter",
      "Id": "PARAM_RU_X",
      "Segments": [
        0,
        0,
        0,
        3.97,
        0
      ]
    },
    {
      "Target": "Parameter",
      "Id": "PARAM_RU_Y",
      "Segments": [
        0,
        0,
        0,
        3.97,
        0
      ]
    },
    {
      "Target": "Parameter",
      "Id": "PARAM_HAIR_FRONT",
      "Segments": [
        0,
        0,
        0,
        3.97,
        0
      ]
    },
    {
      "Target": "Parameter",
      "Id": "PARAM_HAIR_FROUT_2",
      "Segments": [
        0,
        0,
        0,
        3.97,
        0
      ]
    },
    {
      "Target": "Parameter",
      "Id": "PARAM_HAIR_FROUT_WAVE",
      "Segments": [
        0,
        0,
        0,
        3.97,
        0
      ]
    },
    {
      "Target": "Parameter",
      "Id": "PARAM_HAIR_SIDE_R",
      "Segments": [
        0,
        0,
        0,
        3.97,
        0
      ]
    },
    {
      "Target": "Parameter",
      "Id": "PARAM_HAIR_SIDE_R2",
      "Segments": [
        0,
        0,
        0,
        3.97,
        0
      ]
    },
    {
      "Target": "Parameter",
      "Id": "PARAM_HAIR_SIDE_WAVE",
      "Segments": [
        0,
        0,
        0,
        3.97,
        0
      ]
    },
    {
      "Target": "Parameter",
      "Id": "PARAM_HAIR_SIDE_R3",
      "Segments": [
        0,
        0,
        0,
        3.97,
        0
      ]
    },
    {
      "Target": "Parameter",
      "Id": "PARAM_HAIR_SIDE_L",
      "Segments": [
        0,
        0,
        0,
        3.97,
        0
      ]
    },
    {
      "Target": "Parameter",
      "Id": "PARAM_HAIR_SIDE_L3",
      "Segments": [
        0,
        0,
        0,
        3.97,
        0
      ]
    },
    {
      "Target": "Parameter",
      "Id": "PARAM_HAIR_BACK_WAVE",
      "Segments": [
        0,
        0,
        0,
        3.97,
        0
      ]
    },
    {
      "Target": "Parameter",
      "Id": "PARAM_XIANQUNZI_1",
      "Segments": [
        0,
        0,
        0,
        3.97,
        0
      ]
    },
    {
      "Target": "Parameter",
      "Id": "PARAM_XIANQUNZI_2",
      "Segments": [
        0,
        0,
        0,
        3.97,
        0
      ]
    },
    {
      "Target": "Parameter",
      "Id": "PARAM_YICENGQUN_YIDUAN_SHAKE",
      "Segments": [
        0,
        0,
        0,
        3.97,
        0
      ]
    },
    {
      "Target": "Parameter",
      "Id": "PARAM_PARAM_YICENGQUN_ERDUAN_SHAKE",
      "Segments": [
        0,
        0,
        0,
        3.97,
        0
      ]
    },
    {
      "Target": "Parameter",
      "Id": "PARAM_YICENGSHA_1DUAN_SHAKE",
      "Segments": [
        0,
        0,
        0,
        3.97,
        0
      ]
    },
    {
      "Target": "Parameter",
      "Id": "PARAM_YICESHA_2DUAN_SHAKE",
      "Segments": [
        0,
        0,
        0,
        3.97,
        0
      ]
    },
    {
      "Target": "Parameter",
      "Id": "PARAM_ERCENGSHA_1DUAN_SHAKE",
      "Segments": [
        0,
        0,
        0,
        3.97,
        0
      ]
    },
    {
      "Target": "Parameter",
      "Id": "PARAM_ERCENGSAHA_2DUAN_SHAKE",
      "Segments": [
        0,
        0,
        0,
        3.97,
        0
      ]
    }
  ],
  "UserData": []
}