{
  "Version": 3,
  "Meta": {
    "Duration": 4.0,
    "Fps": 30.0,
    "Loop": true,
    "AreBeziersRestricted": true,
    "CurveCount": 134,
    "TotalSegmentCount": 465,
    "TotalPointCount": 633,
    "UserDataCount": 0,
    "TotalUserDataSize": 0
  },
  "Curves": [
    {
      "Target": "Parameter",
      "Id": "PARAM_ANGLE_X",
      "Segments": [
        0,
        -4,
        1,
        0.044,
        -4,
        0.089,
        -4.845,
        0.133,
        -5,
        1,
        0.255,
        -5.425,
        0.378,
        -5.373,
        0.5,
        -6,
        1,
        0.633,
        -6.684,
        0.767,
        -18.468,
        0.9,
        -19.049,
        1,
        1.033,
        -19.631,
        1.167,
        -19.512,
        1.3,
        -20,
        1,
        1.378,
        -20.285,
        1.455,
        -54,
        1.533,
        -54,
        1,
        1.622,
        -54,
        1.711,
        -50.213,
        1.8,
        -49.804,
        1,
        2.1,
        -48.422,
        2.4,
        -47.883,
        2.7,
        -46.471,
        1,
        2.811,
        -45.947,
        2.922,
        -43.333,
        3.033,
        -43.333,
        0,
        3.367,
        -44.021,
        1,
        3.467,
        -44.021,
        3.567,
        -17.802,
        3.667,
        -11.23,
        1,
        3.778,
        -3.927,
        3.889,
        -4,
        4,
        -4
      ]
    },
    {
      "Target": "Parameter",
      "Id": "PARAM_ANGLE_Y",
      "Segments": [
        0,
        -8,
        0,
        0.133,
        -24,
        0,
        0.5,
        30,
        0,
        0.667,
        24,
        0,
        0.8,
        30,
        1,
        0.822,
        30,
        0.845,
        26.775,
        0.867,
        21,
        1,
        0.945,
        0.787,
        1.022,
        -9,
        1.1,
        -9,
        1,
        1.167,
        -9,
        1.233,
        -9.593,
        1.3,
        -3.754,
        1,
        1.378,
        3.058,
        1.455,
        30,
        1.533,
        30,
        1,
        1.622,
        30,
        1.711,
        28.519,
        1.8,
        21,
        1,
        1.911,
        11.601,
        2.022,
        3,
        2.133,
        3,
        0,
        2.733,
        28,
        1,
        2.833,
        28,
        2.933,
        26.569,
        3.033,
        22.951,
        1,
        3.144,
        18.931,
        3.256,
        15.415,
        3.367,
        10,
        1,
        3.578,
        -0.289,
        3.789,
        -8,
        4,
        -8
      ]
    },
    {
      "Target": "Parameter",
      "Id": "PARAM_ANGLE_Z",
      "Segments": [
        0,
        -8,
        0,
        0.267,
        -15,
        1,
        0.4,
        -15,
        0.534,
        -13.282,
        0.667,
        -5,
        1,
        0.734,
        -0.859,
        0.8,
        9,
        0.867,
        9,
        0,
        1.3,
        -19,
        0,
        1.8,
        2.086,
        0,
        2.433,
        -11.859,
        0,
        3.033,
        2.086,
        0,
        3.367,
        -12,
        0,
        4,
        -8
      ]
    },
    {
      "Target": "Parameter",
      "Id": "PARAM_BODY_ANGLE_X",
      "Segments": [
        0,
        -0.047,
        0,
        0.667,
        7,
        1,
        0.734,
        7,
        0.8,
        2.936,
        0.867,
        0,
        1,
        0.945,
        -3.426,
        1.022,
        -4,
        1.1,
        -4,
        0,
        1.533,
        1,
        1,
        1.622,
        1,
        1.711,
        0.513,
        1.8,
        -0.949,
        1,
        1.911,
        -2.776,
        2.022,
        -4,
        2.133,
        -4,
        0,
        2.733,
        0.043,
        1,
        2.844,
        0.043,
        2.956,
        -1.534,
        3.067,
        -2.2,
        1,
        3.167,
        -2.8,
        3.267,
        -2.761,
        3.367,
        -2.761,
        0,
        4,
        -0.047
      ]
    },
    {
      "Target": "Parameter",
      "Id": "PARAM_BODY_ANGLE_Y",
      "Segments": [
        0,
        0,
        0,
        0.267,
        -8,
        1,
        0.345,
        -8,
        0.422,
        -3.159,
        0.5,
        3.69,
        1,
        0.556,
        8.583,
        0.611,
        10,
        0.667,
        10,
        0,
        0.867,
        -10,
        0,
        1.3,
        7.654,
        0,
        1.8,
        -3.501,
        0,
        2.433,
        8,
        0,
        3.1,
        -0.119,
        0,
        3.567,
        6.112,
        0,
        4,
        0
      ]
    },
    {
      "Target": "Parameter",
      "Id": "PARAM_BODY_ANGLE_Z",
      "Segments": [
        0,
        0,
        0,
        0.267,
        -3.412,
        1,
        0.389,
        -3.412,
        0.511,
        -2.729,
        0.633,
        0.671,
        1,
        0.711,
        2.835,
        0.789,
        6.395,
        0.867,
        6.395,
        1,
        1,
        6.395,
        1.134,
        4.395,
        1.267,
        2.231,
        1,
        1.445,
        -0.656,
        1.622,
        -1.5,
        1.8,
        -1.5,
        0,
        2.467,
        1.5,
        0,
        3.333,
        -0.769,
        0,
        4,
        0
      ]
    },
    {
      "Target": "Parameter",
      "Id": "PARAM_LEFT_ARM",
      "Segments": [
        0,
        0.349,
        0,
        0.167,
        0.404,
        1,
        0.378,
        0.404,
        0.589,
        0.377,
        0.8,
        0.336,
        1,
        0.878,
        0.321,
        0.955,
        0.317,
        1.033,
        0.3,
        1,
        1.122,
        0.28,
        1.211,
        0.228,
        1.3,
        0.206,
        1,
        1.467,
        0.164,
        1.633,
        0.152,
        1.8,
        0.152,
        1,
        2.011,
        0.152,
        2.222,
        0.164,
        2.433,
        0.206,
        1,
        2.533,
        0.226,
        2.633,
        0.254,
        2.733,
        0.254,
        0,
        3.367,
        0.209,
        0,
        3.833,
        0.427,
        0,
        4,
        0.349
      ]
    },
    {
      "Target": "Parameter",
      "Id": "PARAM_ARM_L",
      "Segments": [
        0,
        -1,
        2,
        0.167,
        -1,
        0,
        0.6,
        1.912,
        0,
        0.8,
        1.84,
        0,
        1.033,
        1.85,
        1,
        1.122,
        1.85,
        1.211,
        1.787,
        1.3,
        1.76,
        1,
        1.467,
        1.708,
        1.633,
        1.7,
        1.8,
        1.7,
        1,
        2.011,
        1.7,
        2.222,
        1.709,
        2.433,
        1.74,
        1,
        2.533,
        1.755,
        2.633,
        1.774,
        2.733,
        1.774,
        1,
        2.944,
        1.774,
        3.156,
        1.791,
        3.367,
        1.638,
        1,
        3.522,
        1.525,
        3.678,
        -1,
        3.833,
        -1,
        2,
        4,
        -1
      ]
    },
    {
      "Target": "Parameter",
      "Id": "PARAM_ARM_L_02",
      "Segments": [
        0,
        0.9,
        0,
        0.6,
        0.6,
        0,
        0.8,
        0.746,
        1,
        0.822,
        0.746,
        0.845,
        0.675,
        0.867,
        0.674,
        1,
        0.922,
        0.671,
        0.978,
        0.67,
        1.033,
        0.668,
        1,
        1.289,
        0.657,
        1.544,
        0.65,
        1.8,
        0.65,
        2,
        2.733,
        0.65,
        1,
        2.944,
        0.65,
        3.156,
        0.641,
        3.367,
        0.582,
        1,
        3.467,
        0.554,
        3.567,
        0.459,
        3.667,
        0.459,
        0,
        4,
        0.9
      ]
    },
    {
      "Target": "Parameter",
      "Id": "PARAM_HAND_L",
      "Segments": [
        0,
        0,
        2,
        0.267,
        0,
        0,
        0.3,
        0.5,
        2,
        0.8,
        0.5,
        2,
        0.867,
        0.5,
        2,
        1.033,
        0.5,
        2,
        1.8,
        0.5,
        2,
        3.033,
        0.5,
        2,
        3.367,
        0.5,
        2,
        3.6,
        0.5,
        0,
        3.633,
        0,
        2,
        4,
        0
      ]
    },
    {
      "Target": "Parameter",
      "Id": "PARAM_HAND_L_02",
      "Segments": [
        0,
        0,
        2,
        0.267,
        0,
        2,
        0.3,
        0,
        2,
        0.8,
        0,
        2,
        1.033,
        0,
        0,
        1.3,
        -0.43,
        0,
        1.8,
        0,
        0,
        2.433,
        -0.27,
        0,
        3.033,
        0,
        2,
        3.367,
        0,
        2,
        4,
        0
      ]
    },
    {
      "Target": "Parameter",
      "Id": "PARAM_HAND_L_LEVEL",
      "Segments": [
        0,
        0,
        0,
        0.167,
        1,
        1,
        0.311,
        1,
        0.456,
        0.937,
        0.6,
        0.8,
        1,
        0.667,
        0.737,
        0.733,
        0.7,
        0.8,
        0.7,
        0,
        1.8,
        1,
        2,
        3.033,
        1,
        2,
        3.367,
        1,
        0,
        3.633,
        0.9,
        0,
        3.8,
        1,
        0,
        4,
        0
      ]
    },
    {
      "Target": "Parameter",
      "Id": "PARAM_RIGHT_ARM",
      "Segments": [
        0,
        0,
        0,
        0.633,
        1,
        1,
        0.7,
        1,
        0.766,
        0.806,
        0.833,
        0.728,
        1,
        0.966,
        0.571,
        1.1,
        0.545,
        1.233,
        0.545,
        1,
        1.422,
        0.545,
        1.611,
        0.588,
        1.8,
        0.651,
        1,
        1.989,
        0.714,
        2.178,
        0.736,
        2.367,
        0.736,
        1,
        2.678,
        0.736,
        2.989,
        0.736,
        3.3,
        0.661,
        1,
        3.478,
        0.618,
        3.655,
        0,
        3.833,
        0,
        2,
        4,
        0
      ]
    },
    {
      "Target": "Parameter",
      "Id": "PARAM_ARM_R",
      "Segments": [
        0,
        2.28,
        0,
        0.6,
        3.995,
        1,
        0.644,
        3.995,
        0.689,
        3.917,
        0.733,
        3.595,
        1,
        0.766,
        3.354,
        0.8,
        3.156,
        0.833,
        2.595,
        1,
        0.878,
        1.848,
        0.922,
        0,
        0.967,
        0,
        2,
        1.8,
        0,
        0,
        2.4,
        0.136,
        0,
        3.3,
        0.075,
        1,
        3.467,
        0.075,
        3.633,
        0.923,
        3.8,
        1.892,
        1,
        3.867,
        2.279,
        3.933,
        2.28,
        4,
        2.28
      ]
    },
    {
      "Target": "Parameter",
      "Id": "PARAM_ARM_R_TOUSHI2",
      "Segments": [
        0,
        0,
        0,
        0.5,
        0.4,
        2,
        0.733,
        0.4,
        0,
        1.1,
        0,
        2,
        4,
        0
      ]
    },
    {
      "Target": "Parameter",
      "Id": "PARAM_TOUSHI_R",
      "Segments": [
        0,
        0.285,
        0,
        0.8,
        0.3,
        0,
        1.1,
        0,
        2,
        3.367,
        0,
        0,
        4,
        0.285
      ]
    },
    {
      "Target": "Parameter",
      "Id": "PARAM_ARM_R_02",
      "Segments": [
        0,
        -1,
        0,
        0.133,
        -0.31,
        0,
        0.667,
        -0.39,
        1,
        0.711,
        -0.39,
        0.756,
        -0.168,
        0.8,
        0.1,
        1,
        0.822,
        0.234,
        0.845,
        0.248,
        0.867,
        0.248,
        0,
        1.633,
        -0.087,
        0,
        2.133,
        0.05,
        0,
        2.433,
        -0.12,
        0,
        3.367,
        0.022,
        0,
        4,
        -1
      ]
    },
    {
      "Target": "Parameter",
      "Id": "PARAM_HAND_R",
      "Segments": [
        0,
        0,
        2,
        0.233,
        0,
        0,
        0.3,
        0.5,
        2,
        0.833,
        0.5,
        0,
        1,
        0,
        2,
        1.8,
        0,
        2,
        3.033,
        0,
        2,
        3.6,
        0,
        2,
        3.767,
        0,
        2,
        4,
        0
      ]
    },
    {
      "Target": "Parameter",
      "Id": "PARAM_HAND_R2",
      "Segments": [
        0,
        0,
        2,
        0.233,
        0,
        0,
        0.3,
        1,
        2,
        0.833,
        1,
        2,
        1,
        1,
        2,
        1.8,
        1,
        2,
        3.033,
        1,
        2,
        3.6,
        1,
        0,
        3.767,
        0,
        2,
        4,
        0
      ]
    },
    {
      "Target": "Parameter",
      "Id": "PARAM_HAND_R_02",
      "Segments": [
        0,
        0,
        0,
        0.3,
        -1,
        2,
        0.833,
        -1,
        0,
        1,
        0,
        0,
        1.8,
        -1,
        2,
        3.033,
        -1,
        2,
        3.6,
        -1,
        0,
        3.767,
        0,
        2,
        4,
        0
      ]
    },
    {
      "Target": "Parameter",
      "Id": "PARAM_HAND_R_LEVEL",
      "Segments": [
        0,
        1,
        2,
        0.5,
        1,
        0,
        0.633,
        0.9,
        0,
        0.8,
        1,
        0,
        1.033,
        0.9,
        0,
        1.8,
        1,
        2,
        1.867,
        1,
        2,
        4,
        1
      ]
    },
    {
      "Target": "Parameter",
      "Id": "PARAM_EYE_L_OPEN",
      "Segments": [
        0,
        1,
        0,
        0.267,
        0,
        0,
        0.5,
        1,
        2,
        0.667,
        1,
        0,
        0.867,
        0,
        2,
        1.8,
        0,
        2,
        2.133,
        0,
        0,
        2.633,
        1,
        2,
        2.733,
        1,
        0,
        3.033,
        0.8,
        0,
        3.367,
        1,
        2,
        4,
        1
      ]
    },
    {
      "Target": "Parameter",
      "Id": "PARAM_EYE_L_FORM",
      "Segments": [
        0,
        0.9,
        0,
        0.267,
        1,
        1,
        0.345,
        1,
        0.422,
        0.878,
        0.5,
        0.5,
        1,
        0.556,
        0.23,
        0.611,
        0,
        0.667,
        0,
        0,
        0.867,
        1,
        2,
        1.8,
        1,
        2,
        3.033,
        1,
        2,
        3.367,
        1,
        0,
        4,
        0.9
      ]
    },
    {
      "Target": "Parameter",
      "Id": "PARAM_EYE_R_OPEN",
      "Segments": [
        0,
        1,
        0,
        0.267,
        0,
        0,
        0.5,
        1,
        2,
        0.667,
        1,
        0,
        0.867,
        0,
        2,
        1.8,
        0,
        2,
        2.133,
        0,
        0,
        2.633,
        1,
        2,
        2.733,
        1,
        0,
        3.033,
        0.8,
        0,
        3.367,
        1,
        2,
        4,
        1
      ]
    },
    {
      "Target": "Parameter",
      "Id": "PARAM_EYE_R_FORM",
      "Segments": [
        0,
        0.9,
        0,
        0.267,
        1,
        1,
        0.345,
        1,
        0.422,
        0.893,
        0.5,
        0.52,
        1,
        0.556,
        0.254,
        0.611,
        0,
        0.667,
        0,
        0,
        0.867,
        1,
        2,
        1.8,
        1,
        2,
        3.033,
        1,
        2,
        3.367,
        1,
        0,
        4,
        0.9
      ]
    },
    {
      "Target": "Parameter",
      "Id": "PARAM_EYE_BALL_X",
      "Segments": [
        0,
        0.31,
        0,
        0.5,
        0.1,
        0,
        0.667,
        0.31,
        0,
        0.867,
        0.24,
        2,
        1.8,
        0.24,
        1,
        2.011,
        0.24,
        2.222,
        0.248,
        2.433,
        0.291,
        1,
        2.5,
        0.305,
        2.566,
        0.4,
        2.633,
        0.4,
        0,
        3.033,
        0.24,
        2,
        3.367,
        0.24,
        0,
        4,
        0.31
      ]
    },
    {
      "Target": "Parameter",
      "Id": "PARAM_EYE_BALL_Y",
      "Segments": [
        0,
        -0.08,
        2,
        0.667,
        -0.08,
        0,
        0.867,
        -0.42,
        2,
        1.8,
        -0.42,
        0,
        2.433,
        -0.403,
        0,
        2.633,
        -0.8,
        0,
        3.033,
        -0.42,
        2,
        3.367,
        -0.42,
        0,
        4,
        -0.08
      ]
    },
    {
      "Target": "Parameter",
      "Id": "PARAM_EYE_kira_R2",
      "Segments": [
        0,
        0.5,
        0,
        0.667,
        0.51,
        2,
        0.867,
        0.51,
        2,
        1.8,
        0.51,
        2,
        3.033,
        0.51,
        2,
        3.367,
        0.51,
        0,
        4,
        0.5
      ]
    },
    {
      "Target": "Parameter",
      "Id": "PARAM_EYE_kira_L2",
      "Segments": [
        0,
        0.5,
        0,
        0.667,
        0.52,
        2,
        0.867,
        0.52,
        2,
        1.8,
        0.52,
        2,
        3.033,
        0.52,
        2,
        3.367,
        0.52,
        0,
        4,
        0.5
      ]
    },
    {
      "Target": "Parameter",
      "Id": "PARAM_BROW_L_X",
      "Segments": [
        0,
        0,
        0,
        0.667,
        -0.36,
        2,
        0.867,
        -0.36,
        2,
        1.8,
        -0.36,
        2,
        3.033,
        -0.36,
        2,
        3.367,
        -0.36,
        0,
        4,
        0
      ]
    },
    {
      "Target": "Parameter",
      "Id": "PARAM_BROW_L_Y",
      "Segments": [
        0,
        -0.4,
        0,
        0.267,
        -1,
        0,
        0.5,
        -0.21,
        1,
        0.556,
        -0.21,
        0.611,
        -0.808,
        0.667,
        -0.9,
        1,
        0.734,
        -1.011,
        0.8,
        -1,
        0.867,
        -1,
        2,
        1.8,
        -1,
        2,
        2.033,
        -1,
        0,
        2.433,
        0,
        0,
        3.033,
        -1,
        2,
        3.367,
        -1,
        0,
        4,
        -0.4
      ]
    },
    {
      "Target": "Parameter",
      "Id": "PARAM_BROW_R_X",
      "Segments": [
        0,
        0,
        0,
        0.5,
        -0.27,
        0,
        0.667,
        0.25,
        0,
        0.867,
        0.17,
        2,
        1.8,
        0.17,
        2,
        3.033,
        0.17,
        2,
        3.367,
        0.17,
        0,
        4,
        0
      ]
    },
    {
      "Target": "Parameter",
      "Id": "PARAM_BROW_R_Y",
      "Segments": [
        0,
        -0.4,
        0,
        0.267,
        -1,
        0,
        0.5,
        -0.21,
        1,
        0.556,
        -0.21,
        0.611,
        -0.808,
        0.667,
        -0.9,
        1,
        0.734,
        -1.011,
        0.8,
        -1,
        0.867,
        -1,
        2,
        1.8,
        -1,
        2,
        2.033,
        -1,
        0,
        2.433,
        0,
        0,
        3.033,
        -1,
        2,
        3.367,
        -1,
        0,
        4,
        -0.4
      ]
    },
    {
      "Target": "Parameter",
      "Id": "PARAM_BROW_L_ANGLE",
      "Segments": [
        0,
        -0.6,
        0,
        0.5,
        -0.47,
        0,
        0.667,
        -1,
        2,
        0.867,
        -1,
        2,
        1.8,
        -1,
        2,
        3.033,
        -1,
        2,
        3.367,
        -1,
        0,
        4,
        -0.6
      ]
    },
    {
      "Target": "Parameter",
      "Id": "PARAM_BROW_R_ANGLE",
      "Segments": [
        0,
        -0.6,
        0,
        0.5,
        -0.33,
        0,
        0.667,
        -1,
        2,
        0.867,
        -1,
        2,
        1.8,
        -1,
        2,
        3.033,
        -1,
        2,
        3.367,
        -1,
        0,
        4,
        -0.6
      ]
    },
    {
      "Target": "Parameter",
      "Id": "PARAM_BROW_L_FORM",
      "Segments": [
        0,
        -0.3,
        1,
        0.167,
        -0.3,
        0.333,
        -0.308,
        0.5,
        -0.36,
        1,
        0.556,
        -0.377,
        0.611,
        -0.7,
        0.667,
        -0.7,
        0,
        0.867,
        -0.68,
        2,
        1.8,
        -0.68,
        2,
        3.033,
        -0.68,
        2,
        3.367,
        -0.68,
        0,
        4,
        -0.3
      ]
    },
    {
      "Target": "Parameter",
      "Id": "PARAM_BROW_R_FORM",
      "Segments": [
        0,
        -0.3,
        0,
        0.5,
        -0.27,
        0,
        0.667,
        -0.7,
        0,
        0.867,
        -0.68,
        2,
        1.8,
        -0.68,
        2,
        3.033,
        -0.68,
        2,
        3.367,
        -0.68,
        0,
        4,
        -0.3
      ]
    },
    {
      "Target": "Parameter",
      "Id": "PARAM_MOUTH_OPEN",
      "Segments": [
        0,
        0,
        0,
        0.5,
        0.04,
        0,
        0.667,
        0,
        0,
        0.867,
        1,
        0,
        1.267,
        0,
        2,
        1.533,
        0,
        2,
        4,
        0
      ]
    },
    {
      "Target": "Parameter",
      "Id": "PARAM_MOUTH_FORM",
      "Segments": [
        0,
        0.6,
        0,
        0.5,
        1,
        1,
        0.556,
        1,
        0.611,
        0.535,
        0.667,
        0.3,
        1,
        0.734,
        0.018,
        0.8,
        0,
        0.867,
        0,
        2,
        1.4,
        0,
        2,
        1.533,
        1,
        2,
        3.367,
        1,
        0,
        4,
        0.6
      ]
    },
    {
      "Target": "Parameter",
      "Id": "PARAM_MOUTH_SPECIAL",
      "Segments": [
        0,
        0,
        1,
        0.467,
        0,
        0.933,
        0.002,
        1.4,
        0.008,
        2,
        1.533,
        1,
        2,
        1.8,
        1,
        2,
        3.233,
        1,
        2,
        3.4,
        0,
        2,
        4,
        0
      ]
    },
    {
      "Target": "Parameter",
      "Id": "PARAM_MOUTH_SIZE",
      "Segments": [
        0,
        -0.5,
        0,
        0.5,
        -1,
        2,
        0.667,
        -1,
        0,
        0.867,
        1,
        0,
        1.3,
        -1,
        2,
        1.533,
        -1,
        1,
        1.7,
        -1,
        1.866,
        -1.002,
        2.033,
        -0.996,
        1,
        2.289,
        -0.987,
        2.544,
        -0.854,
        2.8,
        -0.753,
        1,
        2.878,
        -0.722,
        2.955,
        -0.278,
        3.033,
        -0.257,
        1,
        3.189,
        -0.216,
        3.344,
        -0.214,
        3.5,
        -0.214,
        0,
        4,
        -0.5
      ]
    },
    {
      "Target": "Parameter",
      "Id": "PARAM_TERE",
      "Segments": [
        0,
        0.1,
        0,
        0.667,
        0.6,
        2,
        0.867,
        0.6,
        2,
        1.8,
        0.6,
        2,
        3.033,
        0.6,
        2,
        3.367,
        0.6,
        0,
        4,
        0.1
      ]
    },
    {
      "Target": "Parameter",
      "Id": "PARAM_FAT",
      "Segments": [
        0,
        0,
        2,
        1.5,
        0,
        0,
        1.6,
        0.5,
        0,
        2.033,
        0,
        0,
        2.533,
        0.5,
        0,
        3.033,
        0,
        0,
        3.367,
        0.5,
        0,
        3.5,
        0,
        2,
        4,
        0
      ]
    },
    {
      "Target": "PartOpacity",
      "Id": "PARTS_GUDIAN",
      "Segments": [
        0,
        1,
        2,
        4,
        1
      ]
    },
    {
      "Target": "PartOpacity",
      "Id": "PARTS_01_ARM_L_01",
      "Segments": [
        0,
        1,
        2,
        4,
        1
      ]
    },
    {
      "Target": "PartOpacity",
      "Id": "PARTS_01_ARM_R_01",
      "Segments": [
        0,
        1,
        2,
        4,
        1
      ]
    },
    {
      "Target": "PartOpacity",
      "Id": "PARTS_01_BODY",
      "Segments": [
        0,
        1,
        2,
        3.37,
        1,
        2,
        4,
        1
      ]
    },
    {
      "Target": "PartOpacity",
      "Id": "PARTS_01_NECK",
      "Segments": [
        0,
        1,
        2,
        3.37,
        1,
        2,
        4,
        1
      ]
    },
    {
      "Target": "PartOpacity",
      "Id": "PARTS_01_HAIR_BACK_001",
      "Segments": [
        0,
        1,
        2,
        3.37,
        1,
        2,
        4,
        1
      ]
    },
    {
      "Target": "PartOpacity",
      "Id": "PARTS_01_HAIR_SIDE_001",
      "Segments": [
        0,
        1,
        2,
        3.37,
        1,
        2,
        4,
        1
      ]
    },
    {
      "Target": "PartOpacity",
      "Id": "PARTS_01_HAIR_FRONT_001",
      "Segments": [
        0,
        1,
        2,
        3.37,
        1,
        2,
        4,
        1
      ]
    },
    {
      "Target": "PartOpacity",
      "Id": "PARTS_01_EAR_001",
      "Segments": [
        0,
        1,
        2,
        3.37,
        1,
        2,
        4,
        1
      ]
    },
    {
      "Target": "PartOpacity",
      "Id": "PARTS_01_NOSE_001",
      "Segments": [
        0,
        1,
        2,
        3.37,
        1,
        2,
        4,
        1
      ]
    },
    {
      "Target": "PartOpacity",
      "Id": "PARTS_01_MOUTH_001",
      "Segments": [
        0,
        1,
        2,
        3.37,
        1,
        2,
        4,
        1
      ]
    },
    {
      "Target": "PartOpacity",
      "Id": "PARTS_01_BROW_001",
      "Segments": [
        0,
        1,
        2,
        3.37,
        1,
        2,
        4,
        1
      ]
    },
    {
      "Target": "PartOpacity",
      "Id": "PARTS_01_EYE_BALL_001",
      "Segments": [
        0,
        1,
        2,
        3.37,
        1,
        2,
        4,
        1
      ]
    },
    {
      "Target": "PartOpacity",
      "Id": "PARTS_01_EYE_001",
      "Segments": [
        0,
        1,
        2,
        3.37,
        1,
        2,
        4,
        1
      ]
    },
    {
      "Target": "PartOpacity",
      "Id": "PARTS_01_FACE_001",
      "Segments": [
        0,
        1,
        2,
        3.37,
        1,
        2,
        4,
        1
      ]
    },
    {
      "Target": "PartOpacity",
      "Id": "ROUGH",
      "Segments": [
        0,
        1,
        2,
        3.37,
        1,
        2,
        4,
        1
      ]
    },
    {
      "Target": "Model",
      "Id": "Opacity",
      "Segments": [
        0,
        1,
        0,
        4,
        1
      ]
    },
    {
      "Target": "Parameter",
      "Id": "PARAM_UPPER_BODY",
      "Segments": [
        0,
        0,
        0,
        4,
        0
      ]
    },
    {
      "Target": "Parameter",
      "Id": "PARAM_LEFT_ARM_TAI",
      "Segments": [
        0,
        0,
        0,
        4,
        0
      ]
    },
    {
      "Target": "Parameter",
      "Id": "PARAM_ARM_L_TOUSHI2",
      "Segments": [
        0,
        0,
        0,
        4,
        0
      ]
    },
    {
      "Target": "Parameter",
      "Id": "PARAM_TOUSHI_L",
      "Segments": [
        0,
        0,
        0,
        4,
        0
      ]
    },
    {
      "Target": "Parameter",
      "Id": "PARAM_HAND_L2",
      "Segments": [
        0,
        0,
        0,
        4,
        0
      ]
    },
    {
      "Target": "Parameter",
      "Id": "PARAM_TANGDIE",
      "Segments": [
        0,
        0,
        0,
        4,
        0
      ]
    },
    {
      "Target": "Parameter",
      "Id": "PARAM_RIGHT_ARM_TAI",
      "Segments": [
        0,
        0.5,
        0,
        4,
        0.5
      ]
    },
    {
      "Target": "Parameter",
      "Id": "PARAM_YIFU",
      "Segments": [
        0,
        0,
        0,
        4,
        0
      ]
    },
    {
      "Target": "Parameter",
      "Id": "PARAM_CHICKEN",
      "Segments": [
        0,
        0,
        0,
        4,
        0
      ]
    },
    {
      "Target": "Parameter",
      "Id": "PARAM_CHICKEN_MOVE",
      "Segments": [
        0,
        0,
        0,
        4,
        0
      ]
    },
    {
      "Target": "Parameter",
      "Id": "PARAM_BANSHOU",
      "Segments": [
        0,
        0,
        0,
        4,
        0
      ]
    },
    {
      "Target": "Parameter",
      "Id": "PARAM_BANSHOU_MOVE",
      "Segments": [
        0,
        0,
        0,
        4,
        0
      ]
    },
    {
      "Target": "Parameter",
      "Id": "PARAM_BANSHOU_MOVE_01",
      "Segments": [
        0,
        0,
        0,
        4,
        0
      ]
    },
    {
      "Target": "Parameter",
      "Id": "PARAM_SHAOZI",
      "Segments": [
        0,
        0,
        0,
        4,
        0
      ]
    },
    {
      "Target": "Parameter",
      "Id": "PARAM_SHAOZI_MOVE",
      "Segments": [
        0,
        0,
        0,
        4,
        0
      ]
    },
    {
      "Target": "Parameter",
      "Id": "PARAM_SHAOZI_MOVE_01",
      "Segments": [
        0,
        0,
        0,
        4,
        0
      ]
    },
    {
      "Target": "Parameter",
      "Id": "PARAM_SOUP",
      "Segments": [
        0,
        0,
        0,
        4,
        0
      ]
    },
    {
      "Target": "Parameter",
      "Id": "PARAM_JITA_CHUXIAN",
      "Segments": [
        0,
        0,
        0,
        4,
        0
      ]
    },
    {
      "Target": "Parameter",
      "Id": "PARAM_JITA_LEVEL",
      "Segments": [
        0,
        0,
        0,
        4,
        0
      ]
    },
    {
      "Target": "Parameter",
      "Id": "PARAM_JITA_MOVE_X",
      "Segments": [
        0,
        0,
        0,
        4,
        0
      ]
    },
    {
      "Target": "Parameter",
      "Id": "PARAM_JITA_MOVE_Y",
      "Segments": [
        0,
        0,
        0,
        4,
        0
      ]
    },
    {
      "Target": "Parameter",
      "Id": "PARAM_JITA_Z",
      "Segments": [
        0,
        0,
        0,
        4,
        0
      ]
    },
    {
      "Target": "Parameter",
      "Id": "PARAM_JITA_X",
      "Segments": [
        0,
        0,
        0,
        4,
        0
      ]
    },
    {
      "Target": "Parameter",
      "Id": "PARAM_JITA_Y",
      "Segments": [
        0,
        0,
        0,
        4,
        0
      ]
    },
    {
      "Target": "Parameter",
      "Id": "PARAM_JINADAI_X",
      "Segments": [
        0,
        0,
        0,
        4,
        0
      ]
    },
    {
      "Target": "Parameter",
      "Id": "PARAM_JIANDAI_Y",
      "Segments": [
        0,
        0,
        0,
        4,
        0
      ]
    },
    {
      "Target": "Parameter",
      "Id": "PARAM_JIANDAI_BACK_X",
      "Segments": [
        0,
        0,
        0,
        4,
        0
      ]
    },
    {
      "Target": "Parameter",
      "Id": "PARAM_JIANDAI_BACK_Y",
      "Segments": [
        0,
        0,
        0,
        4,
        0
      ]
    },
    {
      "Target": "Parameter",
      "Id": "PARAM_EYE_BALL_FORM",
      "Segments": [
        0,
        0,
        0,
        4,
        0
      ]
    },
    {
      "Target": "Parameter",
      "Id": "PARAM_EYE_BALL_SAD",
      "Segments": [
        0,
        0,
        0,
        4,
        0
      ]
    },
    {
      "Target": "Parameter",
      "Id": "PARAM_EYE_BALL_BAIYAN",
      "Segments": [
        0,
        0,
        0,
        4,
        0
      ]
    },
    {
      "Target": "Parameter",
      "Id": "PARAM_EYE_BALL_KIRAKIRA",
      "Segments": [
        0,
        0,
        0,
        4,
        0
      ]
    },
    {
      "Target": "Parameter",
      "Id": "PARAM_EYE_kira_R1",
      "Segments": [
        0,
        1,
        0,
        4,
        1
      ]
    },
    {
      "Target": "Parameter",
      "Id": "PARAM_EYE_kira_L1",
      "Segments": [
        0,
        1,
        0,
        4,
        1
      ]
    },
    {
      "Target": "Parameter",
      "Id": "PARAM_EYE_TI1",
      "Segments": [
        0,
        0,
        0,
        4,
        0
      ]
    },
    {
      "Target": "Parameter",
      "Id": "PARAM_EYE_TI2",
      "Segments": [
        0,
        0,
        0,
        4,
        0
      ]
    },
    {
      "Target": "Parameter",
      "Id": "PARAM_EYE_SPECIAL",
      "Segments": [
        0,
        0,
        0,
        4,
        0
      ]
    },
    {
      "Target": "Parameter",
      "Id": "PARAM_EYE_DEFROM",
      "Segments": [
        0,
        0,
        0,
        4,
        0
      ]
    },
    {
      "Target": "Parameter",
      "Id": "PARAM_MOUTH_WIDTH",
      "Segments": [
        0,
        1,
        0,
        4,
        1
      ]
    },
    {
      "Target": "Parameter",
      "Id": "PARAM_MOUTH_DEFORM_SPECIAL",
      "Segments": [
        0,
        0,
        0,
        4,
        0
      ]
    },
    {
      "Target": "Parameter",
      "Id": "PARAM_MOUTH_X",
      "Segments": [
        0,
        0,
        0,
        4,
        0
      ]
    },
    {
      "Target": "Parameter",
      "Id": "PARAM_MOUTH_Y",
      "Segments": [
        0,
        0,
        0,
        4,
        0
      ]
    },
    {
      "Target": "Parameter",
      "Id": "PARAM_SHY",
      "Segments": [
        0,
        0,
        0,
        4,
        0
      ]
    },
    {
      "Target": "Parameter",
      "Id": "PARAM_TERE2",
      "Segments": [
        0,
        0,
        0,
        4,
        0
      ]
    },
    {
      "Target": "Parameter",
      "Id": "PARAM_WATER",
      "Segments": [
        0,
        0,
        0,
        4,
        0
      ]
    },
    {
      "Target": "Parameter",
      "Id": "PARAM_HAN",
      "Segments": [
        0,
        0,
        0,
        4,
        0
      ]
    },
    {
      "Target": "Parameter",
      "Id": "PARAM_ANGRY",
      "Segments": [
        0,
        0,
        0,
        4,
        0
      ]
    },
    {
      "Target": "Parameter",
      "Id": "PARAM_HEI",
      "Segments": [
        0,
        -1,
        0,
        4,
        -1
      ]
    },
    {
      "Target": "Parameter",
      "Id": "PARAM_LIANHEIXIAN",
      "Segments": [
        0,
        0,
        0,
        4,
        0
      ]
    },
    {
      "Target": "Parameter",
      "Id": "PARAM_HEIXIAN",
      "Segments": [
        0,
        0,
        0,
        4,
        0
      ]
    },
    {
      "Target": "Parameter",
      "Id": "PARAM_YINYING",
      "Segments": [
        0,
        0,
        0,
        4,
        0
      ]
    },
    {
      "Target": "Parameter",
      "Id": "PARAM_TANQI",
      "Segments": [
        0,
        0,
        0,
        4,
        0
      ]
    },
    {
      "Target": "Parameter",
      "Id": "PARAM_ZHAMAO",
      "Segments": [
        0,
        0,
        0,
        4,
        0
      ]
    },
    {
      "Target": "Parameter",
      "Id": "PARAM_RU_X",
      "Segments": [
        0,
        0,
        0,
        4,
        0
      ]
    },
    {
      "Target": "Parameter",
      "Id": "PARAM_RU_Y",
      "Segments": [
        0,
        0,
        0,
        4,
        0
      ]
    },
    {
      "Target": "Parameter",
      "Id": "PARAM_BREATH",
      "Segments": [
        0,
        0,
        0,
        4,
        0
      ]
    },
    {
      "Target": "Parameter",
      "Id": "PARAM_HAIR_FRONT",
      "Segments": [
        0,
        0,
        0,
        4,
        0
      ]
    },
    {
      "Target": "Parameter",
      "Id": "PARAM_HAIR_FROUT_2",
      "Segments": [
        0,
        0,
        0,
        4,
        0
      ]
    },
    {
      "Target": "Parameter",
      "Id": "PARAM_HAIR_FROUT_WAVE",
      "Segments": [
        0,
        0,
        0,
        4,
        0
      ]
    },
    {
      "Target": "Parameter",
      "Id": "PARAM_HAIR_SIDE_R",
      "Segments": [
        0,
        0,
        0,
        4,
        0
      ]
    },
    {
      "Target": "Parameter",
      "Id": "PARAM_HAIR_SIDE_R2",
      "Segments": [
        0,
        0,
        0,
        4,
        0
      ]
    },
    {
      "Target": "Parameter",
      "Id": "PARAM_HAIR_SIDE_WAVE",
      "Segments": [
        0,
        0,
        0,
        4,
        0
      ]
    },
    {
      "Target": "Parameter",
      "Id": "PARAM_HAIR_SIDE_R3",
      "Segments": [
        0,
        0,
        0,
        4,
        0
      ]
    },
    {
      "Target": "Parameter",
      "Id": "PARAM_HAIR_SIDE_L",
      "Segments": [
        0,
        0,
        0,
        4,
        0
      ]
    },
    {
      "Target": "Parameter",
      "Id": "PARAM_HAIR_SIDE_L3",
      "Segments": [
        0,
        0,
        0,
        4,
        0
      ]
    },
    {
      "Target": "Parameter",
      "Id": "PARAM_HAIR_BACK_WAVE",
      "Segments": [
        0,
        0,
        0,
        4,
        0
      ]
    },
    {
      "Target": "Parameter",
      "Id": "PARAM_XIANQUNZI_1",
      "Segments": [
        0,
        0,
        0,
        4,
        0
      ]
    },
    {
      "Target": "Parameter",
      "Id": "PARAM_XIANQUNZI_2",
      "Segments": [
        0,
        0,
        0,
        4,
        0
      ]
    },
    {
      "Target": "Parameter",
      "Id": "PARAM_YICENGQUN_YIDUAN_SHAKE",
      "Segments": [
        0,
        0,
        0,
        4,
        0
      ]
    },
    {
      "Target": "Parameter",
      "Id": "PARAM_PARAM_YICENGQUN_ERDUAN_SHAKE",
      "Segments": [
        0,
        0,
        0,
        4,
        0
      ]
    },
    {
      "Target": "Parameter",
      "Id": "PARAM_YICENGSHA_1DUAN_SHAKE",
      "Segments": [
        0,
        0,
        0,
        4,
        0
      ]
    },
    {
      "Target": "Parameter",
      "Id": "PARAM_YICESHA_2DUAN_SHAKE",
      "Segments": [
        0,
        0,
        0,
        4,
        0
      ]
    },
    {
      "Target": "Parameter",
      "Id": "PARAM_ERCENGSHA_1DUAN_SHAKE",
      "Segments": [
        0,
        0,
        0,
        4,
        0
      ]
    },
    {
      "Target": "Parameter",
      "Id": "PARAM_ERCENGSAHA_2DUAN_SHAKE",
      "Segments": [
        0,
        0,
        0,
        4,
        0
      ]
    }
  ],
  "UserData": []
}