{
  "Version": 3,
  "Meta": {
    "Duration": 7.37,
    "Fps": 30.0,
    "Loop": true,
    "AreBeziersRestricted": true,
    "CurveCount": 134,
    "TotalSegmentCount": 606,
    "TotalPointCount": 920,
    "UserDataCount": 0,
    "TotalUserDataSize": 0
  },
  "Curves": [
    {
      "Target": "Parameter",
      "Id": "PARAM_ANGLE_X",
      "Segments": [
        0,
        -4,
        0,
        0.567,
        -41,
        1,
        0.734,
        -41,
        0.9,
        -40.579,
        1.067,
        -36.886,
        1,
        1.156,
        -34.917,
        1.244,
        -12.951,
        1.333,
        -10.257,
        1,
        1.511,
        -4.869,
        1.689,
        -4,
        1.867,
        -4,
        0,
        2.167,
        -6,
        1,
        2.322,
        -6,
        2.478,
        -5.667,
        2.633,
        -5,
        1,
        2.711,
        -4.667,
        2.789,
        -4.179,
        2.867,
        -4,
        1,
        3.189,
        -3.259,
        3.511,
        -2.785,
        3.833,
        -2,
        1,
        4.1,
        -1.351,
        4.366,
        -0.761,
        4.633,
        -0.761,
        1,
        5.244,
        -0.761,
        5.856,
        -1.554,
        6.467,
        -3,
        1,
        6.767,
        -3.71,
        7.067,
        -4,
        7.367,
        -4
      ]
    },
    {
      "Target": "Parameter",
      "Id": "PARAM_ANGLE_Y",
      "Segments": [
        0,
        -8,
        0,
        0.467,
        -15.659,
        0,
        0.933,
        10,
        1,
        1.244,
        10,
        1.556,
        6.161,
        1.867,
        -8,
        1,
        1.967,
        -12.552,
        2.067,
        -28,
        2.167,
        -28,
        0,
        2.633,
        5,
        1,
        2.711,
        5,
        2.789,
        -7.419,
        2.867,
        -8,
        1,
        3.189,
        -10.407,
        3.511,
        -11,
        3.833,
        -11,
        0,
        4.633,
        -1.67,
        0,
        6.467,
        -9.5,
        0,
        7.367,
        -8
      ]
    },
    {
      "Target": "Parameter",
      "Id": "PARAM_ANGLE_Z",
      "Segments": [
        0,
        -8,
        1,
        0.189,
        -8,
        0.378,
        -13.766,
        0.567,
        -19,
        1,
        0.689,
        -22.387,
        0.811,
        -22.613,
        0.933,
        -22.613,
        1,
        1.244,
        -22.613,
        1.556,
        -22.479,
        1.867,
        -19,
        1,
        2.045,
        -17.012,
        2.222,
        8,
        2.4,
        8,
        0,
        2.867,
        -7,
        0,
        3.833,
        20,
        1,
        4.133,
        20,
        4.433,
        19.507,
        4.733,
        14.903,
        1,
        4.889,
        12.516,
        5.044,
        -7.382,
        5.2,
        -18.512,
        1,
        5.267,
        -23.282,
        5.333,
        -25.654,
        5.4,
        -25.654,
        1,
        5.7,
        -25.654,
        6,
        -24.552,
        6.3,
        -14.969,
        1,
        6.544,
        -7.16,
        6.789,
        7.684,
        7.033,
        7.684,
        0,
        7.367,
        -8
      ]
    },
    {
      "Target": "Parameter",
      "Id": "PARAM_BODY_ANGLE_X",
      "Segments": [
        0,
        -0.047,
        0,
        0.5,
        -10,
        1,
        0.678,
        -10,
        0.855,
        -10.052,
        1.033,
        -7.407,
        1,
        1.2,
        -4.928,
        1.366,
        2.455,
        1.533,
        2.455,
        1,
        1.689,
        2.455,
        1.844,
        2.557,
        2,
        1.258,
        1,
        2.222,
        -0.598,
        2.445,
        -3.825,
        2.667,
        -3.825,
        0,
        3.633,
        4.558,
        0,
        4.733,
        -4.398,
        1,
        4.911,
        -4.398,
        5.089,
        2.082,
        5.267,
        2.315,
        1,
        5.578,
        2.724,
        5.889,
        2.714,
        6.2,
        2.714,
        0,
        6.767,
        -1.956,
        0,
        7.367,
        -0.047
      ]
    },
    {
      "Target": "Parameter",
      "Id": "PARAM_BODY_ANGLE_Y",
      "Segments": [
        0,
        0,
        0,
        0.267,
        10,
        0,
        0.567,
        1.146,
        0,
        0.933,
        3.572,
        0,
        2,
        -0.379,
        0,
        2.4,
        10,
        0,
        2.867,
        -3.598,
        0,
        3.233,
        7.178,
        0,
        3.533,
        -3.337,
        1,
        3.744,
        -3.337,
        3.956,
        -2.67,
        4.167,
        1.084,
        1,
        4.422,
        5.628,
        4.678,
        10,
        4.933,
        10,
        1,
        5.311,
        10,
        5.689,
        10.065,
        6.067,
        8.426,
        1,
        6.334,
        7.269,
        6.6,
        -1.176,
        6.867,
        -1.176,
        0,
        7.367,
        0
      ]
    },
    {
      "Target": "Parameter",
      "Id": "PARAM_BODY_ANGLE_Z",
      "Segments": [
        0,
        0,
        0,
        0.367,
        2.266,
        0,
        0.733,
        -0.807,
        0,
        1.6,
        0.518,
        0,
        2.3,
        -1.825,
        0,
        3,
        1.061,
        0,
        3.633,
        -2.144,
        0,
        4.633,
        3,
        0,
        6,
        0.885,
        0,
        6.767,
        2.08,
        0,
        7.367,
        0
      ]
    },
    {
      "Target": "Parameter",
      "Id": "PARAM_UPPER_BODY",
      "Segments": [
        0,
        0,
        0,
        0.567,
        3,
        1,
        0.734,
        3,
        0.9,
        3.024,
        1.067,
        2.826,
        1,
        1.211,
        2.655,
        1.356,
        0.36,
        1.5,
        -0.036,
        1,
        1.8,
        -0.859,
        2.1,
        -1,
        2.4,
        -1,
        1,
        2.556,
        -1,
        2.711,
        -1.029,
        2.867,
        -0.86,
        1,
        3.189,
        -0.51,
        3.511,
        0,
        3.833,
        0,
        0,
        4.167,
        -1.614,
        0,
        5,
        1.064,
        0,
        5.7,
        -0.583,
        0,
        6.467,
        0.558,
        0,
        7.367,
        0
      ]
    },
    {
      "Target": "Parameter",
      "Id": "PARAM_LEFT_ARM",
      "Segments": [
        0,
        0.349,
        1,
        0.111,
        0.349,
        0.222,
        0.369,
        0.333,
        0.567,
        1,
        0.411,
        0.705,
        0.489,
        1,
        0.567,
        1,
        2,
        0.933,
        1,
        2,
        1.933,
        1,
        0,
        2.4,
        0.864,
        1,
        2.556,
        0.864,
        2.711,
        0.899,
        2.867,
        0.927,
        1,
        3.189,
        0.984,
        3.511,
        1,
        3.833,
        1,
        2,
        6.333,
        1,
        0,
        7,
        0.259,
        0,
        7.367,
        0.349
      ]
    },
    {
      "Target": "Parameter",
      "Id": "PARAM_ARM_L",
      "Segments": [
        0,
        -1,
        1,
        0.067,
        -1,
        0.133,
        -0.964,
        0.2,
        -0.452,
        1,
        0.322,
        0.488,
        0.445,
        1.36,
        0.567,
        1.36,
        1,
        0.689,
        1.36,
        0.811,
        1.36,
        0.933,
        1.358,
        1,
        1.166,
        1.352,
        1.4,
        1.333,
        1.633,
        1.332,
        1,
        1.889,
        1.331,
        2.144,
        1.331,
        2.4,
        1.331,
        0,
        2.867,
        1.35,
        0,
        3.833,
        1.331,
        2,
        6.333,
        1.331,
        0,
        7,
        -1,
        2,
        7.367,
        -1
      ]
    },
    {
      "Target": "Parameter",
      "Id": "PARAM_TOUSHI_L",
      "Segments": [
        0,
        0,
        1,
        0.311,
        0,
        0.622,
        -0.002,
        0.933,
        0.15,
        1,
        1.9,
        0.622,
        2.866,
        1,
        3.833,
        1,
        0,
        4.633,
        0.475,
        0,
        5.533,
        0.545,
        1,
        5.822,
        0.545,
        6.111,
        0.548,
        6.4,
        0.517,
        1,
        6.6,
        0.496,
        6.8,
        0,
        7,
        0,
        2,
        7.367,
        0
      ]
    },
    {
      "Target": "Parameter",
      "Id": "PARAM_ARM_L_02",
      "Segments": [
        0,
        0.9,
        0,
        0.567,
        0.056,
        1,
        0.689,
        0.056,
        0.811,
        0.051,
        0.933,
        0.063,
        1,
        1.244,
        0.095,
        1.556,
        0.22,
        1.867,
        0.312,
        1,
        1.967,
        0.342,
        2.067,
        0.38,
        2.167,
        0.38,
        0,
        2.633,
        0.05,
        0,
        2.867,
        0.286,
        1,
        2.945,
        0.286,
        3.022,
        0.291,
        3.1,
        0.235,
        1,
        3.178,
        0.178,
        3.255,
        -0.175,
        3.333,
        -0.252,
        1,
        3.5,
        -0.416,
        3.666,
        -0.45,
        3.833,
        -0.45,
        1,
        3.955,
        -0.45,
        4.078,
        -0.097,
        4.2,
        0.51,
        1,
        4.244,
        0.731,
        4.289,
        0.8,
        4.333,
        0.8,
        0,
        4.633,
        0.262,
        0,
        6,
        0.281,
        0,
        6.5,
        0.266,
        1,
        6.667,
        0.266,
        6.833,
        0.307,
        7,
        0.526,
        1,
        7.122,
        0.687,
        7.245,
        0.9,
        7.367,
        0.9
      ]
    },
    {
      "Target": "Parameter",
      "Id": "PARAM_HAND_L_02",
      "Segments": [
        0,
        0,
        2,
        0.933,
        0,
        2,
        1.867,
        0,
        2,
        2.867,
        0,
        2,
        3.833,
        0,
        2,
        4.633,
        0,
        0,
        5.533,
        -0.5,
        1,
        5.789,
        -0.5,
        6.044,
        -0.297,
        6.3,
        -0.1,
        1,
        6.456,
        0.02,
        6.611,
        0.025,
        6.767,
        0.025,
        0,
        7.367,
        0
      ]
    },
    {
      "Target": "Parameter",
      "Id": "PARAM_RIGHT_ARM",
      "Segments": [
        0,
        0,
        2,
        0.2,
        0,
        1,
        0.3,
        0,
        0.4,
        0.403,
        0.5,
        0.484,
        1,
        0.644,
        0.602,
        0.789,
        0.6,
        0.933,
        0.6,
        0,
        1.433,
        0.42,
        1,
        1.533,
        0.42,
        1.633,
        0.547,
        1.733,
        0.608,
        1,
        1.8,
        0.648,
        1.866,
        0.642,
        1.933,
        0.642,
        1,
        2.033,
        0.642,
        2.133,
        0.486,
        2.233,
        0.388,
        1,
        2.311,
        0.312,
        2.389,
        0.314,
        2.467,
        0.314,
        0,
        2.667,
        0.604,
        0,
        2.933,
        0.325,
        0,
        3.133,
        0.737,
        0,
        3.267,
        0.336,
        0,
        3.4,
        0.682,
        0,
        3.633,
        0.574,
        0,
        4.633,
        0.777,
        1,
        5.222,
        0.777,
        5.811,
        0.702,
        6.4,
        0.518,
        1,
        6.444,
        0.504,
        6.489,
        0.251,
        6.533,
        0.18,
        1,
        6.622,
        0.038,
        6.711,
        0,
        6.8,
        0,
        2,
        7.367,
        0
      ]
    },
    {
      "Target": "Parameter",
      "Id": "PARAM_ARM_R",
      "Segments": [
        0,
        2.28,
        0,
        0.2,
        2.1,
        1,
        0.3,
        2.1,
        0.4,
        3.799,
        0.5,
        4.544,
        1,
        0.522,
        4.71,
        0.545,
        4.618,
        0.567,
        4.618,
        1,
        0.689,
        4.618,
        0.811,
        4.582,
        0.933,
        4.552,
        1,
        1.244,
        4.474,
        1.556,
        4.448,
        1.867,
        4.448,
        1,
        2.045,
        4.448,
        2.222,
        4.511,
        2.4,
        4.517,
        1,
        2.767,
        4.529,
        3.133,
        4.53,
        3.5,
        4.53,
        1,
        3.7,
        4.53,
        3.9,
        4.53,
        4.1,
        4.529,
        1,
        4.278,
        4.528,
        4.455,
        3.92,
        4.633,
        3.844,
        1,
        4.933,
        3.716,
        5.233,
        3.707,
        5.533,
        3.707,
        0,
        6,
        3.874,
        1,
        6.089,
        3.874,
        6.178,
        3.37,
        6.267,
        2.943,
        1,
        6.334,
        2.622,
        6.4,
        2.329,
        6.467,
        2.262,
        1,
        6.534,
        2.195,
        6.6,
        2.203,
        6.667,
        2.203,
        0,
        7.367,
        2.28
      ]
    },
    {
      "Target": "Parameter",
      "Id": "PARAM_TOUSHI_R",
      "Segments": [
        0,
        0.285,
        0,
        1.7,
        0.329,
        0,
        1.933,
        0.301,
        0,
        3.6,
        0.313,
        1,
        3.944,
        0.313,
        4.289,
        0.299,
        4.633,
        0.2,
        1,
        4.933,
        0.114,
        5.233,
        0,
        5.533,
        0,
        2,
        6.4,
        0,
        0,
        7.367,
        0.285
      ]
    },
    {
      "Target": "Parameter",
      "Id": "PARAM_ARM_R_02",
      "Segments": [
        0,
        -1,
        1,
        0.144,
        -1,
        0.289,
        -0.55,
        0.433,
        0.156,
        1,
        0.478,
        0.374,
        0.522,
        0.413,
        0.567,
        0.413,
        0,
        0.933,
        0,
        1,
        1.244,
        0,
        1.556,
        0.185,
        1.867,
        0.459,
        1,
        1.967,
        0.547,
        2.067,
        0.559,
        2.167,
        0.559,
        1,
        2.4,
        0.559,
        2.634,
        0.48,
        2.867,
        0.414,
        1,
        3.022,
        0.369,
        3.178,
        0.368,
        3.333,
        0.323,
        1,
        3.5,
        0.275,
        3.666,
        0.191,
        3.833,
        0.191,
        0,
        4.633,
        0.308,
        1,
        4.933,
        0.308,
        5.233,
        0.184,
        5.533,
        0,
        1,
        5.822,
        -0.177,
        6.111,
        -0.3,
        6.4,
        -0.478,
        1,
        6.522,
        -0.553,
        6.645,
        -0.696,
        6.767,
        -0.788,
        1,
        6.967,
        -0.939,
        7.167,
        -1,
        7.367,
        -1
      ]
    },
    {
      "Target": "Parameter",
      "Id": "PARAM_HAND_R",
      "Segments": [
        0,
        0,
        2,
        0.2,
        0,
        0,
        0.5,
        0.5,
        2,
        6,
        0.5,
        0,
        6.467,
        0.502,
        0,
        6.7,
        0,
        2,
        6.867,
        0,
        2,
        7.367,
        0
      ]
    },
    {
      "Target": "Parameter",
      "Id": "PARAM_HAND_R2",
      "Segments": [
        0,
        0,
        0,
        0.5,
        1,
        2,
        6,
        1,
        1,
        6.156,
        1,
        6.311,
        0.9,
        6.467,
        0.5,
        1,
        6.545,
        0.3,
        6.622,
        0,
        6.7,
        0,
        2,
        6.867,
        0,
        2,
        7.367,
        0
      ]
    },
    {
      "Target": "Parameter",
      "Id": "PARAM_HAND_R_02",
      "Segments": [
        0,
        0,
        0,
        0.5,
        -1,
        2,
        6,
        -1,
        1,
        6.156,
        -1,
        6.311,
        -0.442,
        6.467,
        -0.3,
        1,
        6.767,
        -0.028,
        7.067,
        0,
        7.367,
        0
      ]
    },
    {
      "Target": "Parameter",
      "Id": "PARAM_EYE_L_OPEN",
      "Segments": [
        0,
        1,
        2,
        0.367,
        1,
        2,
        0.933,
        1,
        2,
        1.533,
        1,
        0,
        1.667,
        0,
        0,
        1.867,
        1,
        2,
        2.867,
        1,
        2,
        3.5,
        1,
        2,
        3.733,
        1,
        0,
        3.833,
        0,
        0,
        3.933,
        1,
        2,
        4.633,
        1,
        0,
        4.833,
        0,
        2,
        5.767,
        0,
        2,
        5.933,
        0,
        0,
        6.133,
        1,
        2,
        7.367,
        1
      ]
    },
    {
      "Target": "Parameter",
      "Id": "PARAM_EYE_L_FORM",
      "Segments": [
        0,
        0.5,
        0,
        0.5,
        0.8,
        1,
        0.644,
        0.8,
        0.789,
        0.774,
        0.933,
        0.567,
        1,
        1.133,
        0.28,
        1.333,
        0,
        1.533,
        0,
        2,
        1.867,
        0,
        2,
        2.233,
        0,
        2,
        2.9,
        0,
        2,
        4.433,
        0,
        2,
        4.833,
        0,
        2,
        5.767,
        0,
        0,
        7.367,
        0.5
      ]
    },
    {
      "Target": "Parameter",
      "Id": "PARAM_EYE_R_OPEN",
      "Segments": [
        0,
        1,
        2,
        0.367,
        1,
        2,
        0.933,
        1,
        2,
        1.533,
        1,
        0,
        1.667,
        0,
        1,
        1.734,
        0,
        1.8,
        0.884,
        1.867,
        0.9,
        1,
        2.2,
        0.98,
        2.534,
        1,
        2.867,
        1,
        2,
        3.5,
        1,
        2,
        3.733,
        1,
        0,
        3.833,
        0,
        0,
        3.933,
        1,
        2,
        4.633,
        1,
        0,
        4.833,
        0,
        2,
        5.767,
        0,
        2,
        5.933,
        0,
        0,
        6.133,
        1,
        2,
        7.367,
        1
      ]
    },
    {
      "Target": "Parameter",
      "Id": "PARAM_EYE_R_FORM",
      "Segments": [
        0,
        0.5,
        0,
        0.5,
        0.8,
        1,
        0.644,
        0.8,
        0.789,
        0.774,
        0.933,
        0.567,
        1,
        1.133,
        0.28,
        1.333,
        0,
        1.533,
        0,
        2,
        1.867,
        0,
        2,
        2.233,
        0,
        2,
        2.9,
        0,
        2,
        4.4,
        0,
        2,
        4.833,
        0,
        2,
        5.767,
        0,
        0,
        7.367,
        0.5
      ]
    },
    {
      "Target": "Parameter",
      "Id": "PARAM_EYE_BALL_X",
      "Segments": [
        0,
        0,
        0,
        0.2,
        -0.3,
        0,
        0.933,
        0.9,
        0,
        1.867,
        0,
        2,
        2.867,
        0,
        0,
        3.5,
        0.113,
        0,
        4.633,
        -0.236,
        1,
        5.011,
        -0.236,
        5.389,
        -0.235,
        5.767,
        -0.18,
        1,
        6.3,
        -0.102,
        6.834,
        0,
        7.367,
        0
      ]
    },
    {
      "Target": "Parameter",
      "Id": "PARAM_EYE_BALL_Y",
      "Segments": [
        0,
        0,
        2,
        0.933,
        0,
        2,
        1.867,
        0,
        2,
        2.867,
        0,
        0,
        3.833,
        -0.08,
        2,
        4.633,
        -0.08,
        2,
        5.767,
        -0.08,
        0,
        7.367,
        0
      ]
    },
    {
      "Target": "Parameter",
      "Id": "PARAM_EYE_BALL_FORM",
      "Segments": [
        0,
        0,
        2,
        0.933,
        0,
        0,
        1.533,
        1,
        2,
        1.867,
        1,
        0,
        2.3,
        0,
        0,
        2.867,
        1,
        0,
        3.833,
        0,
        0,
        4.167,
        0.09,
        0,
        4.633,
        0,
        2,
        5.767,
        0,
        2,
        7.367,
        0
      ]
    },
    {
      "Target": "Parameter",
      "Id": "PARAM_EYE_BALL_KIRAKIRA",
      "Segments": [
        0,
        0,
        2,
        0.567,
        0,
        2,
        0.933,
        0,
        2,
        1.533,
        0,
        0,
        1.867,
        1,
        2,
        2.167,
        1,
        2,
        4.733,
        1,
        0,
        4.9,
        0,
        2,
        5.767,
        0,
        2,
        7.367,
        0
      ]
    },
    {
      "Target": "Parameter",
      "Id": "PARAM_EYE_kira_R1",
      "Segments": [
        0,
        1,
        2,
        0.933,
        1,
        2,
        1.867,
        1,
        0,
        2.167,
        0.8,
        0,
        2.4,
        1,
        0,
        2.633,
        0.64,
        0,
        2.867,
        1,
        2,
        3.833,
        1,
        2,
        4.633,
        1,
        2,
        6.467,
        1,
        2,
        7.367,
        1
      ]
    },
    {
      "Target": "Parameter",
      "Id": "PARAM_EYE_kira_R2",
      "Segments": [
        0,
        0.5,
        2,
        0.933,
        0.5,
        2,
        1.867,
        0.5,
        0,
        2.067,
        0,
        0,
        2.3,
        1,
        1,
        2.333,
        1,
        2.367,
        0.843,
        2.4,
        0.51,
        1,
        2.433,
        0.177,
        2.467,
        0,
        2.5,
        0,
        0,
        2.733,
        1,
        0,
        2.867,
        0.5,
        2,
        3.833,
        0.5,
        2,
        4.633,
        0.5,
        2,
        6.467,
        0.5,
        2,
        7.367,
        0.5
      ]
    },
    {
      "Target": "Parameter",
      "Id": "PARAM_EYE_kira_L1",
      "Segments": [
        0,
        1,
        2,
        0.933,
        1,
        2,
        1.867,
        1,
        0,
        2.167,
        0.74,
        0,
        2.4,
        1,
        0,
        2.633,
        0.64,
        0,
        2.867,
        1,
        2,
        3.833,
        1,
        2,
        4.633,
        1,
        2,
        6.467,
        1,
        2,
        7.367,
        1
      ]
    },
    {
      "Target": "Parameter",
      "Id": "PARAM_EYE_kira_L2",
      "Segments": [
        0,
        0.5,
        2,
        0.933,
        0.5,
        2,
        1.867,
        0.5,
        0,
        2.067,
        1,
        0,
        2.3,
        0,
        1,
        2.333,
        0,
        2.367,
        0.167,
        2.4,
        0.5,
        1,
        2.433,
        0.833,
        2.467,
        1,
        2.5,
        1,
        0,
        2.733,
        0,
        0,
        2.867,
        0.5,
        2,
        3.833,
        0.5,
        2,
        4.633,
        0.5,
        2,
        6.467,
        0.5,
        2,
        7.367,
        0.5
      ]
    },
    {
      "Target": "Parameter",
      "Id": "PARAM_BROW_L_X",
      "Segments": [
        0,
        0,
        1,
        0.311,
        0,
        0.622,
        -0.131,
        0.933,
        -0.218,
        1,
        1.244,
        -0.304,
        1.556,
        -0.31,
        1.867,
        -0.31,
        0,
        2.3,
        -0.28,
        0,
        2.867,
        -0.31,
        0,
        3.833,
        0,
        2,
        4.633,
        0,
        2,
        6.467,
        0,
        2,
        7.367,
        0
      ]
    },
    {
      "Target": "Parameter",
      "Id": "PARAM_BROW_L_Y",
      "Segments": [
        0,
        0,
        0,
        0.5,
        -1,
        1,
        0.644,
        -1,
        0.789,
        -0.953,
        0.933,
        -0.763,
        1,
        1.133,
        -0.5,
        1.333,
        -0.243,
        1.533,
        0.16,
        1,
        1.644,
        0.384,
        1.756,
        0.92,
        1.867,
        0.92,
        0,
        2.3,
        -0.14,
        0,
        2.867,
        0.21,
        1,
        3.078,
        0.21,
        3.289,
        0.176,
        3.5,
        0.11,
        1,
        3.578,
        0.086,
        3.655,
        0.073,
        3.733,
        0.04,
        1,
        3.766,
        0.026,
        3.8,
        -0.8,
        3.833,
        -0.8,
        0,
        3.933,
        0.4,
        1,
        4.166,
        0.4,
        4.4,
        0.337,
        4.633,
        0.084,
        1,
        4.689,
        0.024,
        4.744,
        -0.5,
        4.8,
        -0.5,
        2,
        5.4,
        -0.5,
        0,
        6.467,
        0.23,
        0,
        7.367,
        0
      ]
    },
    {
      "Target": "Parameter",
      "Id": "PARAM_BROW_R_X",
      "Segments": [
        0,
        0,
        1,
        0.311,
        0,
        0.622,
        0.229,
        0.933,
        0.379,
        1,
        1.244,
        0.53,
        1.556,
        0.54,
        1.867,
        0.54,
        2,
        2.867,
        0.54,
        0,
        3.833,
        0,
        2,
        4.633,
        0,
        2,
        4.8,
        0,
        2,
        6.467,
        0,
        2,
        7.367,
        0
      ]
    },
    {
      "Target": "Parameter",
      "Id": "PARAM_BROW_R_Y",
      "Segments": [
        0,
        0,
        0,
        0.5,
        -1,
        1,
        0.644,
        -1,
        0.789,
        -0.936,
        0.933,
        -0.74,
        1,
        1.133,
        -0.468,
        1.333,
        -0.22,
        1.533,
        0.16,
        1,
        1.644,
        0.371,
        1.756,
        0.77,
        1.867,
        0.77,
        0,
        2.3,
        -0.44,
        0,
        2.867,
        0.22,
        1,
        3.078,
        0.22,
        3.289,
        0.201,
        3.5,
        0.14,
        1,
        3.578,
        0.118,
        3.655,
        0.082,
        3.733,
        0.03,
        1,
        3.766,
        0.008,
        3.8,
        -0.8,
        3.833,
        -0.8,
        0,
        3.933,
        0.4,
        1,
        4.166,
        0.4,
        4.4,
        0.345,
        4.633,
        0.118,
        1,
        4.689,
        0.065,
        4.744,
        -0.5,
        4.8,
        -0.5,
        2,
        5.4,
        -0.5,
        0,
        6.467,
        0.28,
        0,
        7.367,
        0
      ]
    },
    {
      "Target": "Parameter",
      "Id": "PARAM_BROW_L_ANGLE",
      "Segments": [
        0,
        0,
        2,
        0.933,
        0,
        2,
        3.833,
        0,
        0,
        4.633,
        0.1,
        0,
        6.467,
        0,
        2,
        7.367,
        0
      ]
    },
    {
      "Target": "Parameter",
      "Id": "PARAM_BROW_R_ANGLE",
      "Segments": [
        0,
        0,
        2,
        0.933,
        0,
        2,
        3.833,
        0,
        0,
        4.633,
        0.1,
        0,
        6.467,
        0,
        2,
        7.367,
        0
      ]
    },
    {
      "Target": "Parameter",
      "Id": "PARAM_BROW_L_FORM",
      "Segments": [
        0,
        0.5,
        1,
        0.311,
        0.5,
        0.622,
        0.507,
        0.933,
        0.47,
        1,
        1.9,
        0.355,
        2.866,
        0.073,
        3.833,
        0,
        1,
        4.1,
        -0.02,
        4.366,
        -0.01,
        4.633,
        -0.01,
        1,
        5.244,
        -0.01,
        5.856,
        -0.01,
        6.467,
        0,
        1,
        6.767,
        0.005,
        7.067,
        0.5,
        7.367,
        0.5
      ]
    },
    {
      "Target": "Parameter",
      "Id": "PARAM_BROW_R_FORM",
      "Segments": [
        0,
        0.5,
        1,
        0.311,
        0.5,
        0.622,
        0.506,
        0.933,
        0.469,
        1,
        1.9,
        0.352,
        2.866,
        0.095,
        3.833,
        0,
        1,
        4.1,
        -0.026,
        4.366,
        -0.016,
        4.633,
        -0.016,
        1,
        5.244,
        -0.016,
        5.856,
        -0.016,
        6.467,
        0,
        1,
        6.767,
        0.008,
        7.067,
        0.5,
        7.367,
        0.5
      ]
    },
    {
      "Target": "Parameter",
      "Id": "PARAM_MOUTH_OPEN",
      "Segments": [
        0,
        0,
        0,
        0.2,
        1.3,
        0,
        0.567,
        0.94,
        0,
        0.933,
        0.997,
        0,
        1.5,
        0,
        0,
        1.867,
        2,
        2,
        2.867,
        2,
        2,
        3.633,
        2,
        1,
        3.7,
        2,
        3.766,
        0.994,
        3.833,
        0.829,
        1,
        4.1,
        0.168,
        4.366,
        0,
        4.633,
        0,
        1,
        4.778,
        0,
        4.922,
        1.219,
        5.067,
        1.268,
        1,
        5.4,
        1.381,
        5.734,
        1.388,
        6.067,
        1.388,
        1,
        6.2,
        1.388,
        6.334,
        0.531,
        6.467,
        0.38,
        1,
        6.767,
        0.04,
        7.067,
        0,
        7.367,
        0
      ]
    },
    {
      "Target": "Parameter",
      "Id": "PARAM_MOUTH_FORM",
      "Segments": [
        0,
        -0.6,
        0,
        0.567,
        0,
        1,
        0.689,
        0,
        0.811,
        0.022,
        0.933,
        -0.028,
        1,
        1.244,
        -0.155,
        1.556,
        -0.58,
        1.867,
        -0.58,
        2,
        2.867,
        -0.58,
        0,
        3.833,
        0.25,
        0,
        4.633,
        -0.8,
        0,
        6.467,
        -0.42,
        0,
        7.367,
        -0.6
      ]
    },
    {
      "Target": "Parameter",
      "Id": "PARAM_MOUTH_SIZE",
      "Segments": [
        0,
        -0.5,
        2,
        0.567,
        -0.5,
        1,
        0.689,
        -0.5,
        0.811,
        -0.496,
        0.933,
        -0.428,
        1,
        1.122,
        -0.323,
        1.311,
        -0.215,
        1.5,
        0,
        1,
        1.622,
        0.139,
        1.745,
        1,
        1.867,
        1,
        2,
        2.4,
        1,
        0,
        2.667,
        0.381,
        0,
        2.933,
        0.799,
        0,
        3.2,
        0.352,
        0,
        3.467,
        0.808,
        0,
        3.833,
        0,
        2,
        4.633,
        0,
        2,
        6.467,
        0,
        0,
        7.367,
        -0.5
      ]
    },
    {
      "Target": "Parameter",
      "Id": "PARAM_SHY",
      "Segments": [
        0,
        0,
        1,
        0.311,
        0,
        0.622,
        -0.001,
        0.933,
        0.087,
        1,
        1.9,
        0.361,
        2.866,
        0.58,
        3.833,
        0.58,
        1,
        4.1,
        0.58,
        4.366,
        0.362,
        4.633,
        0.266,
        1,
        5.244,
        0.047,
        5.856,
        0,
        6.467,
        0,
        2,
        7.367,
        0
      ]
    },
    {
      "Target": "PartOpacity",
      "Id": "PARTS_GUDIAN",
      "Segments": [
        0,
        1,
        2,
        7.37,
        1
      ]
    },
    {
      "Target": "PartOpacity",
      "Id": "PARTS_01_ARM_L_01",
      "Segments": [
        0,
        1,
        2,
        7.37,
        1
      ]
    },
    {
      "Target": "PartOpacity",
      "Id": "PARTS_01_ARM_R_01",
      "Segments": [
        0,
        1,
        2,
        7.37,
        1
      ]
    },
    {
      "Target": "PartOpacity",
      "Id": "PARTS_01_BODY",
      "Segments": [
        0,
        1,
        2,
        0.93,
        1,
        2,
        1.87,
        1,
        2,
        2.87,
        1,
        2,
        3.33,
        1,
        2,
        4.63,
        1,
        2,
        5.53,
        1,
        2,
        7.37,
        1
      ]
    },
    {
      "Target": "PartOpacity",
      "Id": "PARTS_01_NECK",
      "Segments": [
        0,
        1,
        2,
        0.93,
        1,
        2,
        1.87,
        1,
        2,
        2.87,
        1,
        2,
        3.33,
        1,
        2,
        4.63,
        1,
        2,
        5.53,
        1,
        2,
        7.37,
        1
      ]
    },
    {
      "Target": "PartOpacity",
      "Id": "PARTS_01_HAIR_BACK_001",
      "Segments": [
        0,
        1,
        2,
        0.93,
        1,
        2,
        1.87,
        1,
        2,
        2.87,
        1,
        2,
        3.33,
        1,
        2,
        4.63,
        1,
        2,
        5.53,
        1,
        2,
        7.37,
        1
      ]
    },
    {
      "Target": "PartOpacity",
      "Id": "PARTS_01_HAIR_SIDE_001",
      "Segments": [
        0,
        1,
        2,
        0.93,
        1,
        2,
        1.87,
        1,
        2,
        2.87,
        1,
        2,
        3.33,
        1,
        2,
        4.63,
        1,
        2,
        5.53,
        1,
        2,
        7.37,
        1
      ]
    },
    {
      "Target": "PartOpacity",
      "Id": "PARTS_01_HAIR_FRONT_001",
      "Segments": [
        0,
        1,
        2,
        0.93,
        1,
        2,
        1.87,
        1,
        2,
        2.87,
        1,
        2,
        3.33,
        1,
        2,
        4.63,
        1,
        2,
        5.53,
        1,
        2,
        7.37,
        1
      ]
    },
    {
      "Target": "PartOpacity",
      "Id": "PARTS_01_EAR_001",
      "Segments": [
        0,
        1,
        2,
        0.93,
        1,
        2,
        1.87,
        1,
        2,
        2.87,
        1,
        2,
        3.33,
        1,
        2,
        4.63,
        1,
        2,
        5.53,
        1,
        2,
        7.37,
        1
      ]
    },
    {
      "Target": "PartOpacity",
      "Id": "PARTS_01_NOSE_001",
      "Segments": [
        0,
        1,
        2,
        0.93,
        1,
        2,
        1.87,
        1,
        2,
        2.87,
        1,
        2,
        3.33,
        1,
        2,
        4.63,
        1,
        2,
        5.53,
        1,
        2,
        7.37,
        1
      ]
    },
    {
      "Target": "PartOpacity",
      "Id": "PARTS_01_MOUTH_001",
      "Segments": [
        0,
        1,
        2,
        0.93,
        1,
        2,
        1.87,
        1,
        2,
        2.87,
        1,
        2,
        3.33,
        1,
        2,
        4.63,
        1,
        2,
        5.53,
        1,
        2,
        7.37,
        1
      ]
    },
    {
      "Target": "PartOpacity",
      "Id": "PARTS_01_BROW_001",
      "Segments": [
        0,
        1,
        2,
        0.93,
        1,
        2,
        1.87,
        1,
        2,
        2.87,
        1,
        2,
        3.33,
        1,
        2,
        4.63,
        1,
        2,
        5.53,
        1,
        2,
        7.37,
        1
      ]
    },
    {
      "Target": "PartOpacity",
      "Id": "PARTS_01_EYE_BALL_001",
      "Segments": [
        0,
        1,
        2,
        0.93,
        1,
        2,
        1.87,
        1,
        2,
        2.87,
        1,
        2,
        3.33,
        1,
        2,
        4.63,
        1,
        2,
        5.53,
        1,
        2,
        7.37,
        1
      ]
    },
    {
      "Target": "PartOpacity",
      "Id": "PARTS_01_EYE_001",
      "Segments": [
        0,
        1,
        2,
        0.93,
        1,
        2,
        1.87,
        1,
        2,
        2.87,
        1,
        2,
        3.33,
        1,
        2,
        4.63,
        1,
        2,
        5.53,
        1,
        2,
        7.37,
        1
      ]
    },
    {
      "Target": "PartOpacity",
      "Id": "PARTS_01_FACE_001",
      "Segments": [
        0,
        1,
        2,
        0.93,
        1,
        2,
        1.87,
        1,
        2,
        2.87,
        1,
        2,
        3.33,
        1,
        2,
        4.63,
        1,
        2,
        5.53,
        1,
        2,
        7.37,
        1
      ]
    },
    {
      "Target": "PartOpacity",
      "Id": "ROUGH",
      "Segments": [
        0,
        1,
        2,
        0.93,
        1,
        2,
        1.87,
        1,
        2,
        2.87,
        1,
        2,
        3.33,
        1,
        2,
        4.63,
        1,
        2,
        5.53,
        1,
        2,
        7.37,
        1
      ]
    },
    {
      "Target": "Model",
      "Id": "Opacity",
      "Segments": [
        0,
        1,
        0,
        7.37,
        1
      ]
    },
    {
      "Target": "Parameter",
      "Id": "PARAM_LEFT_ARM_TAI",
      "Segments": [
        0,
        0,
        0,
        7.37,
        0
      ]
    },
    {
      "Target": "Parameter",
      "Id": "PARAM_ARM_L_TOUSHI2",
      "Segments": [
        0,
        0,
        0,
        7.37,
        0
      ]
    },
    {
      "Target": "Parameter",
      "Id": "PARAM_HAND_L",
      "Segments": [
        0,
        0,
        0,
        7.37,
        0
      ]
    },
    {
      "Target": "Parameter",
      "Id": "PARAM_HAND_L2",
      "Segments": [
        0,
        0,
        0,
        7.37,
        0
      ]
    },
    {
      "Target": "Parameter",
      "Id": "PARAM_HAND_L_LEVEL",
      "Segments": [
        0,
        0,
        0,
        7.37,
        0
      ]
    },
    {
      "Target": "Parameter",
      "Id": "PARAM_TANGDIE",
      "Segments": [
        0,
        0,
        0,
        7.37,
        0
      ]
    },
    {
      "Target": "Parameter",
      "Id": "PARAM_RIGHT_ARM_TAI",
      "Segments": [
        0,
        0.5,
        0,
        7.37,
        0.5
      ]
    },
    {
      "Target": "Parameter",
      "Id": "PARAM_ARM_R_TOUSHI2",
      "Segments": [
        0,
        0,
        0,
        7.37,
        0
      ]
    },
    {
      "Target": "Parameter",
      "Id": "PARAM_HAND_R_LEVEL",
      "Segments": [
        0,
        1,
        0,
        7.37,
        1
      ]
    },
    {
      "Target": "Parameter",
      "Id": "PARAM_YIFU",
      "Segments": [
        0,
        0,
        0,
        7.37,
        0
      ]
    },
    {
      "Target": "Parameter",
      "Id": "PARAM_CHICKEN",
      "Segments": [
        0,
        0,
        0,
        7.37,
        0
      ]
    },
    {
      "Target": "Parameter",
      "Id": "PARAM_CHICKEN_MOVE",
      "Segments": [
        0,
        0,
        0,
        7.37,
        0
      ]
    },
    {
      "Target": "Parameter",
      "Id": "PARAM_BANSHOU",
      "Segments": [
        0,
        0,
        0,
        7.37,
        0
      ]
    },
    {
      "Target": "Parameter",
      "Id": "PARAM_BANSHOU_MOVE",
      "Segments": [
        0,
        0,
        0,
        7.37,
        0
      ]
    },
    {
      "Target": "Parameter",
      "Id": "PARAM_BANSHOU_MOVE_01",
      "Segments": [
        0,
        0,
        0,
        7.37,
        0
      ]
    },
    {
      "Target": "Parameter",
      "Id": "PARAM_SHAOZI",
      "Segments": [
        0,
        0,
        0,
        7.37,
        0
      ]
    },
    {
      "Target": "Parameter",
      "Id": "PARAM_SHAOZI_MOVE",
      "Segments": [
        0,
        0,
        0,
        7.37,
        0
      ]
    },
    {
      "Target": "Parameter",
      "Id": "PARAM_SHAOZI_MOVE_01",
      "Segments": [
        0,
        0,
        0,
        7.37,
        0
      ]
    },
    {
      "Target": "Parameter",
      "Id": "PARAM_SOUP",
      "Segments": [
        0,
        0,
        0,
        7.37,
        0
      ]
    },
    {
      "Target": "Parameter",
      "Id": "PARAM_JITA_CHUXIAN",
      "Segments": [
        0,
        0,
        0,
        7.37,
        0
      ]
    },
    {
      "Target": "Parameter",
      "Id": "PARAM_JITA_LEVEL",
      "Segments": [
        0,
        0,
        0,
        7.37,
        0
      ]
    },
    {
      "Target": "Parameter",
      "Id": "PARAM_JITA_MOVE_X",
      "Segments": [
        0,
        0,
        0,
        7.37,
        0
      ]
    },
    {
      "Target": "Parameter",
      "Id": "PARAM_JITA_MOVE_Y",
      "Segments": [
        0,
        0,
        0,
        7.37,
        0
      ]
    },
    {
      "Target": "Parameter",
      "Id": "PARAM_JITA_Z",
      "Segments": [
        0,
        0,
        0,
        7.37,
        0
      ]
    },
    {
      "Target": "Parameter",
      "Id": "PARAM_JITA_X",
      "Segments": [
        0,
        0,
        0,
        7.37,
        0
      ]
    },
    {
      "Target": "Parameter",
      "Id": "PARAM_JITA_Y",
      "Segments": [
        0,
        0,
        0,
        7.37,
        0
      ]
    },
    {
      "Target": "Parameter",
      "Id": "PARAM_JINADAI_X",
      "Segments": [
        0,
        0,
        0,
        7.37,
        0
      ]
    },
    {
      "Target": "Parameter",
      "Id": "PARAM_JIANDAI_Y",
      "Segments": [
        0,
        0,
        0,
        7.37,
        0
      ]
    },
    {
      "Target": "Parameter",
      "Id": "PARAM_JIANDAI_BACK_X",
      "Segments": [
        0,
        0,
        0,
        7.37,
        0
      ]
    },
    {
      "Target": "Parameter",
      "Id": "PARAM_JIANDAI_BACK_Y",
      "Segments": [
        0,
        0,
        0,
        7.37,
        0
      ]
    },
    {
      "Target": "Parameter",
      "Id": "PARAM_EYE_BALL_SAD",
      "Segments": [
        0,
        0,
        0,
        7.37,
        0
      ]
    },
    {
      "Target": "Parameter",
      "Id": "PARAM_EYE_BALL_BAIYAN",
      "Segments": [
        0,
        0,
        0,
        7.37,
        0
      ]
    },
    {
      "Target": "Parameter",
      "Id": "PARAM_EYE_TI1",
      "Segments": [
        0,
        0,
        0,
        7.37,
        0
      ]
    },
    {
      "Target": "Parameter",
      "Id": "PARAM_EYE_TI2",
      "Segments": [
        0,
        0,
        0,
        7.37,
        0
      ]
    },
    {
      "Target": "Parameter",
      "Id": "PARAM_EYE_SPECIAL",
      "Segments": [
        0,
        0,
        0,
        7.37,
        0
      ]
    },
    {
      "Target": "Parameter",
      "Id": "PARAM_EYE_DEFROM",
      "Segments": [
        0,
        0,
        0,
        7.37,
        0
      ]
    },
    {
      "Target": "Parameter",
      "Id": "PARAM_MOUTH_SPECIAL",
      "Segments": [
        0,
        0,
        0,
        7.37,
        0
      ]
    },
    {
      "Target": "Parameter",
      "Id": "PARAM_MOUTH_WIDTH",
      "Segments": [
        0,
        1,
        0,
        7.37,
        1
      ]
    },
    {
      "Target": "Parameter",
      "Id": "PARAM_MOUTH_DEFORM_SPECIAL",
      "Segments": [
        0,
        0,
        0,
        7.37,
        0
      ]
    },
    {
      "Target": "Parameter",
      "Id": "PARAM_MOUTH_X",
      "Segments": [
        0,
        0,
        0,
        7.37,
        0
      ]
    },
    {
      "Target": "Parameter",
      "Id": "PARAM_MOUTH_Y",
      "Segments": [
        0,
        0,
        0,
        7.37,
        0
      ]
    },
    {
      "Target": "Parameter",
      "Id": "PARAM_TERE",
      "Segments": [
        0,
        0.6,
        0,
        7.37,
        0.6
      ]
    },
    {
      "Target": "Parameter",
      "Id": "PARAM_TERE2",
      "Segments": [
        0,
        0,
        0,
        7.37,
        0
      ]
    },
    {
      "Target": "Parameter",
      "Id": "PARAM_WATER",
      "Segments": [
        0,
        0,
        0,
        7.37,
        0
      ]
    },
    {
      "Target": "Parameter",
      "Id": "PARAM_HAN",
      "Segments": [
        0,
        0,
        0,
        7.37,
        0
      ]
    },
    {
      "Target": "Parameter",
      "Id": "PARAM_ANGRY",
      "Segments": [
        0,
        0,
        0,
        7.37,
        0
      ]
    },
    {
      "Target": "Parameter",
      "Id": "PARAM_HEI",
      "Segments": [
        0,
        -1,
        0,
        7.37,
        -1
      ]
    },
    {
      "Target": "Parameter",
      "Id": "PARAM_LIANHEIXIAN",
      "Segments": [
        0,
        0,
        0,
        7.37,
        0
      ]
    },
    {
      "Target": "Parameter",
      "Id": "PARAM_FAT",
      "Segments": [
        0,
        0,
        0,
        7.37,
        0
      ]
    },
    {
      "Target": "Parameter",
      "Id": "PARAM_HEIXIAN",
      "Segments": [
        0,
        0,
        0,
        7.37,
        0
      ]
    },
    {
      "Target": "Parameter",
      "Id": "PARAM_YINYING",
      "Segments": [
        0,
        0,
        0,
        7.37,
        0
      ]
    },
    {
      "Target": "Parameter",
      "Id": "PARAM_TANQI",
      "Segments": [
        0,
        0,
        0,
        7.37,
        0
      ]
    },
    {
      "Target": "Parameter",
      "Id": "PARAM_ZHAMAO",
      "Segments": [
        0,
        0,
        0,
        7.37,
        0
      ]
    },
    {
      "Target": "Parameter",
      "Id": "PARAM_RU_X",
      "Segments": [
        0,
        0,
        0,
        7.37,
        0
      ]
    },
    {
      "Target": "Parameter",
      "Id": "PARAM_RU_Y",
      "Segments": [
        0,
        0,
        0,
        7.37,
        0
      ]
    },
    {
      "Target": "Parameter",
      "Id": "PARAM_BREATH",
      "Segments": [
        0,
        0,
        0,
        7.37,
        0
      ]
    },
    {
      "Target": "Parameter",
      "Id": "PARAM_HAIR_FRONT",
      "Segments": [
        0,
        0,
        0,
        7.37,
        0
      ]
    },
    {
      "Target": "Parameter",
      "Id": "PARAM_HAIR_FROUT_2",
      "Segments": [
        0,
        0,
        0,
        7.37,
        0
      ]
    },
    {
      "Target": "Parameter",
      "Id": "PARAM_HAIR_FROUT_WAVE",
      "Segments": [
        0,
        0,
        0,
        7.37,
        0
      ]
    },
    {
      "Target": "Parameter",
      "Id": "PARAM_HAIR_SIDE_R",
      "Segments": [
        0,
        0,
        0,
        7.37,
        0
      ]
    },
    {
      "Target": "Parameter",
      "Id": "PARAM_HAIR_SIDE_R2",
      "Segments": [
        0,
        0,
        0,
        7.37,
        0
      ]
    },
    {
      "Target": "Parameter",
      "Id": "PARAM_HAIR_SIDE_WAVE",
      "Segments": [
        0,
        0,
        0,
        7.37,
        0
      ]
    },
    {
      "Target": "Parameter",
      "Id": "PARAM_HAIR_SIDE_R3",
      "Segments": [
        0,
        0,
        0,
        7.37,
        0
      ]
    },
    {
      "Target": "Parameter",
      "Id": "PARAM_HAIR_SIDE_L",
      "Segments": [
        0,
        0,
        0,
        7.37,
        0
      ]
    },
    {
      "Target": "Parameter",
      "Id": "PARAM_HAIR_SIDE_L3",
      "Segments": [
        0,
        0,
        0,
        7.37,
        0
      ]
    },
    {
      "Target": "Parameter",
      "Id": "PARAM_HAIR_BACK_WAVE",
      "Segments": [
        0,
        0,
        0,
        7.37,
        0
      ]
    },
    {
      "Target": "Parameter",
      "Id": "PARAM_XIANQUNZI_1",
      "Segments": [
        0,
        0,
        0,
        7.37,
        0
      ]
    },
    {
      "Target": "Parameter",
      "Id": "PARAM_XIANQUNZI_2",
      "Segments": [
        0,
        0,
        0,
        7.37,
        0
      ]
    },
    {
      "Target": "Parameter",
      "Id": "PARAM_YICENGQUN_YIDUAN_SHAKE",
      "Segments": [
        0,
        0,
        0,
        7.37,
        0
      ]
    },
    {
      "Target": "Parameter",
      "Id": "PARAM_PARAM_YICENGQUN_ERDUAN_SHAKE",
      "Segments": [
        0,
        0,
        0,
        7.37,
        0
      ]
    },
    {
      "Target": "Parameter",
      "Id": "PARAM_YICENGSHA_1DUAN_SHAKE",
      "Segments": [
        0,
        0,
        0,
        7.37,
        0
      ]
    },
    {
      "Target": "Parameter",
      "Id": "PARAM_YICESHA_2DUAN_SHAKE",
      "Segments": [
        0,
        0,
        0,
        7.37,
        0
      ]
    },
    {
      "Target": "Parameter",
      "Id": "PARAM_ERCENGSHA_1DUAN_SHAKE",
      "Segments": [
        0,
        0,
        0,
        7.37,
        0
      ]
    },
    {
      "Target": "Parameter",
      "Id": "PARAM_ERCENGSAHA_2DUAN_SHAKE",
      "Segments": [
        0,
        0,
        0,
        7.37,
        0
      ]
    }
  ],
  "UserData": []
}