{
  "Version": 3,
  "Meta": {
    "Duration": 7.73,
    "Fps": 30.0,
    "Loop": true,
    "AreBeziersRestricted": true,
    "CurveCount": 134,
    "TotalSegmentCount": 1609,
    "TotalPointCount": 1935,
    "UserDataCount": 0,
    "TotalUserDataSize": 0
  },
  "Curves": [
    {
      "Target": "Parameter",
      "Id": "PARAM_ANGLE_X",
      "Segments": [
        0,
        -9,
        0,
        0.3,
        0,
        1,
        0.478,
        0,
        0.655,
        -31.953,
        0.833,
        -33.5,
        1,
        0.911,
        -34.177,
        0.989,
        -34.09,
        1.067,
        -34.207,
        1,
        1.267,
        -34.51,
        1.467,
        -34.587,
        1.667,
        -34.587,
        1,
        1.722,
        -34.587,
        1.778,
        -34.761,
        1.833,
        -34.406,
        1,
        1.966,
        -33.556,
        2.1,
        -25.033,
        2.233,
        -25.033,
        2,
        2.367,
        -25.033,
        2,
        2.433,
        -25.033,
        2,
        2.667,
        -25.033,
        0,
        2.933,
        -31,
        1,
        3.066,
        -31,
        3.2,
        -30.94,
        3.333,
        -29.807,
        1,
        3.4,
        -29.24,
        3.466,
        1.177,
        3.533,
        1.177,
        1,
        3.6,
        1.177,
        3.666,
        0.913,
        3.733,
        -1.885,
        1,
        3.789,
        -4.216,
        3.844,
        -9.148,
        3.9,
        -9.148,
        0,
        4.1,
        -1.885,
        0,
        4.3,
        -9.148,
        1,
        4.356,
        -9.148,
        4.411,
        -4.333,
        4.467,
        -3.87,
        1,
        4.578,
        -2.946,
        4.689,
        -3.072,
        4.8,
        -1.885,
        1,
        4.922,
        -0.579,
        5.045,
        8,
        5.167,
        8,
        0,
        5.3,
        -4.4,
        0,
        5.467,
        20.388,
        0,
        5.633,
        -5.6,
        0,
        5.933,
        20.388,
        0,
        6.167,
        -13,
        0,
        6.433,
        30,
        2,
        6.833,
        30,
        2,
        7,
        30,
        0,
        7.733,
        -9
      ]
    },
    {
      "Target": "Parameter",
      "Id": "PARAM_ANGLE_Y",
      "Segments": [
        0,
        -15,
        0,
        0.3,
        -30,
        0,
        0.567,
        10.958,
        0,
        0.833,
        -26,
        1,
        0.911,
        -26,
        0.989,
        -22.711,
        1.067,
        -18.374,
        1,
        1.1,
        -16.516,
        1.134,
        -16.261,
        1.167,
        -16.261,
        1,
        1.389,
        -16.261,
        1.611,
        -19.545,
        1.833,
        -26.827,
        1,
        1.889,
        -28.648,
        1.944,
        -30,
        2,
        -30,
        1,
        2.078,
        -30,
        2.155,
        4.262,
        2.233,
        12.438,
        1,
        2.3,
        19.446,
        2.366,
        22.928,
        2.433,
        24.861,
        1,
        2.466,
        25.827,
        2.5,
        25.657,
        2.533,
        26.391,
        1,
        2.555,
        26.88,
        2.578,
        30,
        2.6,
        30,
        2,
        2.667,
        30,
        1,
        2.756,
        30,
        2.844,
        1.771,
        2.933,
        -3.077,
        1,
        3.066,
        -10.349,
        3.2,
        -10.767,
        3.333,
        -10.767,
        0,
        3.467,
        30,
        0,
        3.733,
        -30,
        0,
        3.9,
        -16.389,
        0,
        4.1,
        -30,
        0,
        4.3,
        -18.374,
        1,
        4.356,
        -18.374,
        4.411,
        -26.383,
        4.467,
        -27.5,
        1,
        4.578,
        -29.734,
        4.689,
        -30,
        4.8,
        -30,
        0,
        4.933,
        15.278,
        1,
        5.011,
        15.278,
        5.089,
        -21.673,
        5.167,
        -23.333,
        1,
        5.422,
        -28.789,
        5.678,
        -30,
        5.933,
        -30,
        0,
        6.267,
        20.278,
        1,
        6.322,
        20.278,
        6.378,
        -15.281,
        6.433,
        -19.167,
        1,
        6.566,
        -28.493,
        6.7,
        -30,
        6.833,
        -30,
        2,
        7,
        -30,
        0,
        7.4,
        20.278,
        0,
        7.733,
        -15
      ]
    },
    {
      "Target": "Parameter",
      "Id": "PARAM_ANGLE_Z",
      "Segments": [
        0,
        3,
        0,
        0.3,
        -8,
        0,
        0.5,
        6.206,
        0,
        0.833,
        -28,
        1,
        0.911,
        -28,
        0.989,
        -25.724,
        1.067,
        -22.72,
        1,
        1.1,
        -21.433,
        1.134,
        -21.257,
        1.167,
        -21.257,
        0,
        1.667,
        -28,
        1,
        1.722,
        -28,
        1.778,
        -28.225,
        1.833,
        -27.849,
        1,
        2.033,
        -26.496,
        2.233,
        -12.241,
        2.433,
        -6.803,
        1,
        2.466,
        -5.896,
        2.5,
        -6.453,
        2.533,
        -5.566,
        1,
        2.589,
        -4.086,
        2.644,
        26.668,
        2.7,
        26.668,
        0,
        2.933,
        0,
        0,
        3.333,
        4.018,
        0,
        3.467,
        0.273,
        0,
        3.567,
        7.817,
        0,
        3.733,
        0.018,
        0,
        3.9,
        14.018,
        0,
        4.1,
        -4.201,
        0,
        4.3,
        7.978,
        1,
        4.356,
        7.978,
        4.411,
        -1.001,
        4.467,
        -4.208,
        1,
        4.578,
        -10.623,
        4.689,
        -11.848,
        4.8,
        -11.848,
        0,
        5.167,
        9,
        2,
        5.933,
        9,
        0,
        6.167,
        -21,
        1,
        6.256,
        -21,
        6.344,
        14.5,
        6.433,
        18.16,
        1,
        6.622,
        25.937,
        6.811,
        27,
        7,
        27,
        0,
        7.733,
        3
      ]
    },
    {
      "Target": "Parameter",
      "Id": "PARAM_BODY_ANGLE_X",
      "Segments": [
        0,
        -4,
        0,
        0.333,
        3.042,
        1,
        0.478,
        3.042,
        0.622,
        -5.025,
        0.767,
        -5.456,
        1,
        0.867,
        -5.754,
        0.967,
        -5.668,
        1.067,
        -5.845,
        1,
        1.322,
        -6.299,
        1.578,
        -6.64,
        1.833,
        -6.64,
        0,
        2.133,
        -0.784,
        2,
        2.433,
        -0.784,
        2,
        2.533,
        -0.784,
        2,
        2.667,
        -0.784,
        1,
        2.711,
        -0.784,
        2.756,
        -2.61,
        2.8,
        -3,
        1,
        2.833,
        -3.292,
        2.867,
        -3.229,
        2.9,
        -3.229,
        1,
        3.044,
        -3.229,
        3.189,
        -3.244,
        3.333,
        -2.572,
        1,
        3.433,
        -2.106,
        3.533,
        0.857,
        3.633,
        0.857,
        1,
        3.911,
        0.857,
        4.189,
        0.497,
        4.467,
        0.126,
        1,
        4.578,
        -0.023,
        4.689,
        -0.014,
        4.8,
        -0.014,
        1,
        4.889,
        -0.014,
        4.978,
        3.317,
        5.067,
        4.776,
        1,
        5.145,
        6.053,
        5.222,
        6,
        5.3,
        6,
        0,
        5.467,
        5,
        0,
        5.633,
        6,
        2,
        5.933,
        6,
        0,
        6.167,
        3,
        1,
        6.2,
        3,
        6.234,
        6.159,
        6.267,
        6.394,
        1,
        6.456,
        7.728,
        6.644,
        9.241,
        6.833,
        9.886,
        1,
        6.889,
        10.076,
        6.944,
        10,
        7,
        10,
        0,
        7.733,
        -4
      ]
    },
    {
      "Target": "Parameter",
      "Id": "PARAM_BODY_ANGLE_Y",
      "Segments": [
        0,
        0,
        0,
        0.5,
        3.442,
        0,
        0.767,
        -0.078,
        1,
        0.867,
        -0.078,
        0.967,
        1.575,
        1.067,
        3.611,
        1,
        1.1,
        4.29,
        1.134,
        4.295,
        1.167,
        4.295,
        1,
        1.389,
        4.295,
        1.611,
        3.335,
        1.833,
        0,
        1,
        1.889,
        -0.834,
        1.944,
        -4.774,
        2,
        -4.774,
        1,
        2.078,
        -4.774,
        2.155,
        5.243,
        2.233,
        6.11,
        1,
        2.3,
        6.852,
        2.366,
        6.698,
        2.433,
        6.698,
        1,
        2.466,
        6.698,
        2.5,
        6.698,
        2.533,
        6.696,
        1,
        2.578,
        6.694,
        2.622,
        2.668,
        2.667,
        2.668,
        1,
        2.678,
        2.668,
        2.689,
        5.611,
        2.7,
        5.695,
        1,
        2.911,
        7.299,
        3.122,
        7.997,
        3.333,
        7.997,
        0,
        3.633,
        -2.36,
        0,
        3.833,
        0.317,
        0,
        4.033,
        -3.33,
        0,
        4.233,
        -1.183,
        1,
        4.311,
        -1.183,
        4.389,
        -3.268,
        4.467,
        -3.529,
        1,
        4.578,
        -3.901,
        4.689,
        -3.884,
        4.8,
        -3.884,
        0,
        4.933,
        7.826,
        1,
        4.978,
        7.826,
        5.022,
        2.641,
        5.067,
        2.355,
        1,
        5.356,
        0.491,
        5.644,
        -0.118,
        5.933,
        -0.118,
        0,
        6.167,
        9.142,
        1,
        6.2,
        9.142,
        6.234,
        0.047,
        6.267,
        -0.118,
        1,
        6.456,
        -1.052,
        6.644,
        -2.104,
        6.833,
        -2.537,
        1,
        6.889,
        -2.664,
        6.944,
        -2.611,
        7,
        -2.611,
        0,
        7.333,
        5.333,
        0,
        7.733,
        0
      ]
    },
    {
      "Target": "Parameter",
      "Id": "PARAM_BODY_ANGLE_Z",
      "Segments": [
        0,
        -0.879,
        0,
        0.333,
        2.727,
        0,
        0.767,
        0.523,
        1,
        0.867,
        0.523,
        0.967,
        0.737,
        1.067,
        1.004,
        1,
        1.1,
        1.093,
        1.134,
        1.093,
        1.167,
        1.093,
        0,
        1.833,
        0.523,
        0,
        2.333,
        4.62,
        2,
        2.433,
        4.62,
        2,
        2.533,
        4.62,
        1,
        2.622,
        4.62,
        2.711,
        6.624,
        2.8,
        7,
        1,
        2.978,
        7.751,
        3.155,
        7.82,
        3.333,
        7.82,
        1,
        3.433,
        7.82,
        3.533,
        4.411,
        3.633,
        4.064,
        1,
        3.911,
        3.101,
        4.189,
        2.326,
        4.467,
        1.846,
        1,
        4.578,
        1.654,
        4.689,
        1.692,
        4.8,
        1.692,
        1,
        4.889,
        1.692,
        4.978,
        3.605,
        5.067,
        4.304,
        1,
        5.356,
        6.575,
        5.644,
        7.194,
        5.933,
        7.194,
        0,
        6.167,
        2,
        1,
        6.234,
        2,
        6.3,
        6,
        6.367,
        6.289,
        1,
        6.522,
        6.963,
        6.678,
        7.533,
        6.833,
        7.767,
        1,
        6.889,
        7.85,
        6.944,
        7.818,
        7,
        7.818,
        0,
        7.733,
        -0.879
      ]
    },
    {
      "Target": "Parameter",
      "Id": "PARAM_UPPER_BODY",
      "Segments": [
        0,
        -1.53,
        0,
        0.767,
        1.51,
        1,
        0.867,
        1.51,
        0.967,
        1.527,
        1.067,
        1.481,
        1,
        1.322,
        1.364,
        1.578,
        1.107,
        1.833,
        1.107,
        0,
        2.133,
        1.662,
        2,
        2.333,
        1.662,
        2,
        2.433,
        1.662,
        2,
        2.533,
        1.662,
        0,
        2.7,
        -0.612,
        2,
        3.333,
        -0.612,
        2,
        3.633,
        -0.612,
        2,
        4.467,
        -0.612,
        2,
        4.8,
        -0.612,
        0,
        5.067,
        -1,
        2,
        5.933,
        -1,
        2,
        6.267,
        -1,
        2,
        6.833,
        -1,
        2,
        7,
        -1,
        0,
        7.733,
        -1.53
      ]
    },
    {
      "Target": "Parameter",
      "Id": "PARAM_LEFT_ARM",
      "Segments": [
        0,
        0.2,
        0,
        0.3,
        0.116,
        0,
        0.767,
        0.288,
        0,
        1.167,
        0.21,
        0,
        1.833,
        0.279,
        0,
        2,
        0.178,
        0,
        2.333,
        0.534,
        1,
        2.366,
        0.534,
        2.4,
        0.506,
        2.433,
        0.483,
        1,
        2.511,
        0.429,
        2.589,
        0.412,
        2.667,
        0.412,
        1,
        2.711,
        0.412,
        2.756,
        0.743,
        2.8,
        0.767,
        1,
        2.978,
        0.862,
        3.155,
        0.894,
        3.333,
        1,
        1,
        3.411,
        1.046,
        3.489,
        1.403,
        3.567,
        1.403,
        2,
        3.733,
        1.403,
        0,
        3.833,
        1.3,
        0,
        4.033,
        1.403,
        0,
        4.233,
        1.3,
        1,
        4.311,
        1.3,
        4.389,
        1.335,
        4.467,
        1.358,
        1,
        4.578,
        1.39,
        4.689,
        1.396,
        4.8,
        1.396,
        1,
        4.889,
        1.396,
        4.978,
        1.181,
        5.067,
        1.101,
        1,
        5.2,
        0.981,
        5.334,
        0.972,
        5.467,
        0.972,
        0,
        5.933,
        1.018,
        0,
        6.267,
        0.873,
        2,
        6.833,
        0.873,
        2,
        7,
        0.873,
        0,
        7.3,
        1.052,
        0,
        7.733,
        0.2
      ]
    },
    {
      "Target": "Parameter",
      "Id": "PARAM_ARM_L",
      "Segments": [
        0,
        -1,
        2,
        0.3,
        -1,
        2,
        0.767,
        -1,
        1,
        0.867,
        -1,
        0.967,
        -0.959,
        1.067,
        -0.907,
        1,
        1.1,
        -0.89,
        1.134,
        -0.89,
        1.167,
        -0.89,
        0,
        1.833,
        -1,
        2,
        2.133,
        -1,
        2,
        2.333,
        -1,
        2,
        2.367,
        -1,
        2,
        2.433,
        -1,
        2,
        2.9,
        -1,
        2,
        3.333,
        -1,
        1,
        3.411,
        -1,
        3.489,
        1.357,
        3.567,
        1.482,
        1,
        3.622,
        1.572,
        3.678,
        1.541,
        3.733,
        1.6,
        1,
        3.766,
        1.635,
        3.8,
        1.9,
        3.833,
        1.9,
        0,
        4.033,
        1.482,
        0,
        4.233,
        1.9,
        1,
        4.311,
        1.9,
        4.389,
        1.704,
        4.467,
        1.647,
        1,
        4.578,
        1.567,
        4.689,
        1.579,
        4.8,
        1.482,
        1,
        4.889,
        1.405,
        4.978,
        -0.971,
        5.067,
        -0.971,
        1,
        5.2,
        -0.971,
        5.334,
        1.315,
        5.467,
        1.317,
        1,
        5.622,
        1.318,
        5.778,
        1.318,
        5.933,
        1.318,
        2,
        6.267,
        1.318,
        2,
        6.833,
        1.318,
        2,
        7,
        1.318,
        0,
        7.3,
        -1,
        2,
        7.733,
        -1
      ]
    },
    {
      "Target": "Parameter",
      "Id": "PARAM_ARM_L_TOUSHI2",
      "Segments": [
        0,
        0,
        2,
        0.3,
        0,
        2,
        0.767,
        0,
        2,
        1.067,
        0,
        2,
        1.833,
        0,
        2,
        2.133,
        0,
        2,
        2.333,
        0,
        2,
        2.367,
        0,
        2,
        2.433,
        0,
        2,
        2.9,
        0,
        2,
        3.333,
        0,
        0,
        3.567,
        0.4,
        2,
        3.733,
        0.4,
        2,
        4.467,
        0.4,
        2,
        4.8,
        0.4,
        0,
        5.067,
        0,
        0,
        5.467,
        0.455,
        2,
        5.933,
        0.455,
        2,
        6.267,
        0.455,
        2,
        6.833,
        0.455,
        2,
        7,
        0.455,
        0,
        7.733,
        0
      ]
    },
    {
      "Target": "Parameter",
      "Id": "PARAM_TOUSHI_L",
      "Segments": [
        0,
        0,
        2,
        0.3,
        0,
        2,
        0.767,
        0,
        2,
        1.067,
        0,
        2,
        1.833,
        0,
        2,
        2.133,
        0,
        2,
        2.333,
        0,
        2,
        2.367,
        0,
        2,
        2.433,
        0,
        2,
        2.9,
        0,
        2,
        3.333,
        0,
        0,
        3.567,
        0.9,
        2,
        3.733,
        0.9,
        2,
        4.467,
        0.9,
        2,
        4.8,
        0.9,
        0,
        5.067,
        0,
        2,
        5.467,
        0,
        2,
        5.933,
        0,
        2,
        6.267,
        0,
        2,
        6.833,
        0,
        2,
        7,
        0,
        2,
        7.733,
        0
      ]
    },
    {
      "Target": "Parameter",
      "Id": "PARAM_ARM_L_02",
      "Segments": [
        0,
        0.951,
        0,
        0.233,
        1,
        0,
        0.667,
        0.769,
        0,
        1.1,
        0.9,
        0,
        1.667,
        0.656,
        0,
        1.967,
        0.855,
        0,
        2.2,
        0.418,
        1,
        2.278,
        0.418,
        2.355,
        0.751,
        2.433,
        0.855,
        1,
        2.478,
        0.914,
        2.522,
        0.896,
        2.567,
        0.896,
        0,
        2.767,
        0.566,
        1,
        2.956,
        0.566,
        3.144,
        0.734,
        3.333,
        0.942,
        1,
        3.389,
        1.003,
        3.444,
        1,
        3.5,
        1,
        0,
        3.633,
        0.838,
        2,
        3.733,
        0.838,
        2,
        3.833,
        0.838,
        0,
        3.9,
        0.4,
        0,
        4.1,
        0.942,
        0,
        4.3,
        0.4,
        1,
        4.356,
        0.4,
        4.411,
        0.728,
        4.467,
        0.761,
        1,
        4.578,
        0.827,
        4.689,
        0.831,
        4.8,
        0.831,
        0,
        4.933,
        0.4,
        0,
        5.167,
        1,
        0,
        5.467,
        0.898,
        2,
        5.933,
        0.898,
        2,
        6.267,
        0.898,
        2,
        6.833,
        0.898,
        2,
        7,
        0.898,
        0,
        7.267,
        0.494,
        0,
        7.567,
        1,
        0,
        7.733,
        0.951
      ]
    },
    {
      "Target": "Parameter",
      "Id": "PARAM_HAND_L",
      "Segments": [
        0,
        0,
        2,
        0.3,
        0,
        2,
        0.5,
        0,
        2,
        0.533,
        0,
        2,
        0.667,
        0,
        2,
        0.767,
        0,
        2,
        1.067,
        0,
        2,
        1.833,
        0,
        2,
        2.133,
        0,
        2,
        2.333,
        0,
        2,
        2.367,
        0,
        2,
        2.433,
        0,
        2,
        2.9,
        0,
        2,
        3.333,
        0,
        2,
        3.467,
        0,
        2,
        3.5,
        1,
        2,
        3.567,
        1,
        2,
        3.733,
        1,
        2,
        4.467,
        1,
        2,
        4.8,
        1,
        2,
        4.933,
        1,
        2,
        4.967,
        0,
        2,
        5.467,
        0,
        2,
        5.933,
        0,
        2,
        6.267,
        0,
        2,
        6.833,
        0,
        2,
        7,
        0,
        2,
        7.733,
        0
      ]
    },
    {
      "Target": "Parameter",
      "Id": "PARAM_HAND_L2",
      "Segments": [
        0,
        0,
        2,
        0.3,
        0,
        2,
        0.5,
        0,
        2,
        0.533,
        0,
        2,
        0.667,
        0,
        2,
        0.767,
        0,
        2,
        1.067,
        0,
        2,
        1.833,
        0,
        2,
        2.133,
        0,
        2,
        2.333,
        0,
        2,
        2.367,
        0,
        2,
        2.433,
        0,
        2,
        2.9,
        0,
        2,
        3.333,
        0,
        2,
        3.467,
        0,
        2,
        3.5,
        1,
        2,
        3.567,
        1,
        2,
        3.733,
        1,
        2,
        4.467,
        1,
        2,
        4.8,
        1,
        2,
        4.933,
        1,
        2,
        4.967,
        0,
        2,
        5.467,
        0,
        2,
        5.933,
        0,
        2,
        6.267,
        0,
        2,
        6.833,
        0,
        2,
        7,
        0,
        2,
        7.733,
        0
      ]
    },
    {
      "Target": "Parameter",
      "Id": "PARAM_HAND_L_02",
      "Segments": [
        0,
        0,
        2,
        0.3,
        0,
        0,
        0.5,
        -1,
        2,
        0.533,
        -1,
        2,
        0.667,
        -1,
        2,
        0.767,
        -1,
        2,
        1.067,
        -1,
        2,
        1.833,
        -1,
        2,
        2.133,
        -1,
        2,
        2.333,
        -1,
        2,
        2.367,
        -1,
        2,
        2.433,
        -1,
        2,
        2.9,
        -1,
        2,
        3.333,
        -1,
        2,
        3.467,
        -1,
        0,
        3.5,
        0.1,
        2,
        3.567,
        0.1,
        2,
        3.733,
        0.1,
        2,
        4.467,
        0.1,
        2,
        4.8,
        0.1,
        2,
        4.933,
        0.1,
        2,
        4.967,
        0.1,
        2,
        5.467,
        0.1,
        2,
        5.933,
        0.1,
        2,
        6.267,
        0.1,
        2,
        6.833,
        0.1,
        2,
        7,
        0.1,
        0,
        7.733,
        0
      ]
    },
    {
      "Target": "Parameter",
      "Id": "PARAM_HAND_L_LEVEL",
      "Segments": [
        0,
        0,
        2,
        0.3,
        0,
        2,
        0.667,
        0,
        2,
        2.433,
        0,
        2,
        3.333,
        0,
        0,
        3.567,
        1,
        2,
        3.733,
        1,
        2,
        4.467,
        1,
        2,
        4.8,
        1,
        0,
        5.067,
        0,
        2,
        5.467,
        0,
        2,
        5.933,
        0,
        2,
        6.267,
        0,
        2,
        6.833,
        0,
        2,
        7,
        0,
        2,
        7.733,
        0
      ]
    },
    {
      "Target": "Parameter",
      "Id": "PARAM_RIGHT_ARM_TAI",
      "Segments": [
        0,
        0.5,
        0,
        0.667,
        0.2,
        2,
        1.067,
        0.2,
        2,
        1.333,
        0.2,
        2,
        1.667,
        0.2,
        2,
        1.833,
        0.2,
        2,
        2.133,
        0.2,
        2,
        2.333,
        0.2,
        2,
        2.367,
        0.2,
        2,
        2.433,
        0.2,
        2,
        2.6,
        0.2,
        2,
        2.767,
        0.2,
        2,
        2.9,
        0.2,
        2,
        3.333,
        0.2,
        2,
        3.567,
        0.2,
        2,
        3.633,
        0.2,
        2,
        4.467,
        0.2,
        2,
        4.8,
        0.2,
        2,
        5.167,
        0.2,
        2,
        5.933,
        0.2,
        2,
        6.167,
        0.2,
        0,
        6.3,
        0.259,
        2,
        6.833,
        0.259,
        2,
        7,
        0.259,
        0,
        7.367,
        0.5,
        2,
        7.633,
        0.5,
        2,
        7.733,
        0.5
      ]
    },
    {
      "Target": "Parameter",
      "Id": "PARAM_RIGHT_ARM",
      "Segments": [
        0,
        0.643,
        1,
        0.111,
        0.643,
        0.222,
        0.686,
        0.333,
        0.7,
        1,
        0.5,
        0.722,
        0.666,
        0.723,
        0.833,
        0.723,
        2,
        1.067,
        0.723,
        2,
        1.833,
        0.723,
        0,
        2.333,
        0.54,
        2,
        2.367,
        0.54,
        2,
        2.433,
        0.54,
        2,
        2.6,
        0.54,
        0,
        2.7,
        0.521,
        1,
        2.722,
        0.521,
        2.745,
        0.562,
        2.767,
        0.567,
        1,
        2.811,
        0.577,
        2.856,
        0.578,
        2.9,
        0.578,
        2,
        3.333,
        0.578,
        0,
        3.567,
        0.624,
        2,
        3.633,
        0.624,
        2,
        4.467,
        0.624,
        2,
        4.8,
        0.624,
        0,
        5.167,
        0.563,
        2,
        5.933,
        0.563,
        0,
        6.167,
        0.711,
        1,
        6.211,
        0.711,
        6.256,
        0.691,
        6.3,
        0.669,
        1,
        6.4,
        0.619,
        6.5,
        0.56,
        6.6,
        0.532,
        1,
        6.733,
        0.495,
        6.867,
        0.488,
        7,
        0.488,
        0,
        7.367,
        0.643,
        2,
        7.633,
        0.643,
        2,
        7.733,
        0.643
      ]
    },
    {
      "Target": "Parameter",
      "Id": "PARAM_ARM_R",
      "Segments": [
        0,
        4.557,
        0,
        0.333,
        0.94,
        0,
        0.833,
        5,
        1,
        0.911,
        5,
        0.989,
        4.976,
        1.067,
        4.938,
        1,
        1.122,
        4.91,
        1.178,
        4.9,
        1.233,
        4.9,
        0,
        1.833,
        5,
        0,
        2.333,
        4.064,
        2,
        2.367,
        4.064,
        2,
        2.433,
        4.064,
        2,
        2.6,
        4.064,
        1,
        2.633,
        4.064,
        2.667,
        4.158,
        2.7,
        4.2,
        1,
        2.767,
        4.285,
        2.833,
        4.3,
        2.9,
        4.3,
        2,
        3.333,
        4.3,
        1,
        3.433,
        4.3,
        3.533,
        4.99,
        3.633,
        5.055,
        1,
        3.911,
        5.236,
        4.189,
        5.262,
        4.467,
        5.262,
        2,
        4.8,
        5.262,
        1,
        4.922,
        5.262,
        5.045,
        3.764,
        5.167,
        3.712,
        1,
        5.422,
        3.603,
        5.678,
        3.6,
        5.933,
        3.6,
        0,
        6.167,
        3.984,
        0,
        6.3,
        0,
        2,
        6.833,
        0,
        2,
        7,
        0,
        0,
        7.467,
        4.8,
        0,
        7.633,
        4.557,
        2,
        7.733,
        4.557
      ]
    },
    {
      "Target": "Parameter",
      "Id": "PARAM_ARM_R_TOUSHI2",
      "Segments": [
        0,
        0.3,
        0,
        0.333,
        0.023,
        0,
        0.833,
        0.3,
        2,
        1.067,
        0.3,
        2,
        1.833,
        0.3,
        0,
        2.333,
        1,
        2,
        2.367,
        1,
        2,
        2.433,
        1,
        2,
        2.6,
        1,
        1,
        2.656,
        1,
        2.711,
        0.8,
        2.767,
        0.7,
        1,
        2.811,
        0.62,
        2.856,
        0.626,
        2.9,
        0.626,
        2,
        3.333,
        0.626,
        0,
        3.567,
        0.625,
        2,
        3.633,
        0.625,
        2,
        4.467,
        0.625,
        2,
        4.8,
        0.625,
        0,
        5.167,
        0.638,
        2,
        5.933,
        0.638,
        2,
        6.167,
        0.638,
        0,
        6.3,
        0,
        2,
        6.833,
        0,
        2,
        7,
        0,
        0,
        7.367,
        0.3,
        2,
        7.633,
        0.3,
        2,
        7.733,
        0.3
      ]
    },
    {
      "Target": "Parameter",
      "Id": "PARAM_TOUSHI_R",
      "Segments": [
        0,
        0.7,
        0,
        0.333,
        1,
        0,
        0.833,
        0.201,
        2,
        1.067,
        0.201,
        2,
        1.833,
        0.201,
        0,
        2.333,
        0.4,
        2,
        2.367,
        0.4,
        2,
        2.433,
        0.4,
        2,
        2.6,
        0.4,
        0,
        2.767,
        0.785,
        2,
        2.9,
        0.785,
        2,
        3.333,
        0.785,
        0,
        3.567,
        0.789,
        2,
        3.633,
        0.789,
        2,
        4.467,
        0.789,
        2,
        4.8,
        0.789,
        0,
        5.167,
        0.795,
        2,
        5.933,
        0.795,
        2,
        6.167,
        0.795,
        0,
        6.3,
        0,
        2,
        6.833,
        0,
        2,
        7,
        0,
        0,
        7.633,
        0.7,
        2,
        7.733,
        0.7
      ]
    },
    {
      "Target": "Parameter",
      "Id": "PARAM_ARM_R_02",
      "Segments": [
        0,
        0.847,
        0,
        0.2,
        -0.338,
        1,
        0.311,
        -0.338,
        0.422,
        0.506,
        0.533,
        0.55,
        1,
        0.611,
        0.581,
        0.689,
        0.57,
        0.767,
        0.57,
        1,
        0.867,
        0.57,
        0.967,
        0.47,
        1.067,
        0.393,
        1,
        1.1,
        0.367,
        1.134,
        0.374,
        1.167,
        0.374,
        0,
        1.5,
        0.528,
        1,
        1.656,
        0.528,
        1.811,
        0.413,
        1.967,
        0.113,
        1,
        2.022,
        0.005,
        2.078,
        -0.1,
        2.133,
        -0.1,
        1,
        2.233,
        -0.1,
        2.333,
        0.197,
        2.433,
        0.311,
        1,
        2.489,
        0.375,
        2.544,
        0.362,
        2.6,
        0.405,
        1,
        2.633,
        0.43,
        2.667,
        0.5,
        2.7,
        0.5,
        1,
        2.733,
        0.5,
        2.767,
        0.412,
        2.8,
        0.38,
        1,
        2.833,
        0.348,
        2.867,
        0.35,
        2.9,
        0.35,
        2,
        3.333,
        0.35,
        1,
        3.489,
        0.35,
        3.644,
        0.036,
        3.8,
        -0.096,
        1,
        4.022,
        -0.285,
        4.245,
        -0.3,
        4.467,
        -0.3,
        2,
        4.8,
        -0.3,
        1,
        4.922,
        -0.3,
        5.045,
        0.299,
        5.167,
        0.34,
        1,
        5.422,
        0.424,
        5.678,
        0.446,
        5.933,
        0.517,
        1,
        5.989,
        0.532,
        6.044,
        0.923,
        6.1,
        0.923,
        0,
        6.267,
        -0.781,
        0,
        6.433,
        0.505,
        0,
        6.833,
        0.5,
        2,
        7,
        0.5,
        0,
        7.233,
        0.939,
        0,
        7.567,
        0.4,
        0,
        7.733,
        0.847
      ]
    },
    {
      "Target": "Parameter",
      "Id": "PARAM_HAND_R",
      "Segments": [
        0,
        0,
        2,
        0.3,
        0,
        0,
        0.333,
        0.5,
        2,
        0.833,
        0.5,
        2,
        1.067,
        0.5,
        2,
        1.833,
        0.5,
        2,
        2.333,
        0.5,
        2,
        2.367,
        0.5,
        2,
        2.433,
        0.5,
        2,
        2.6,
        0.5,
        2,
        2.767,
        0.5,
        2,
        2.9,
        0.5,
        2,
        3.333,
        0.5,
        2,
        3.567,
        0.5,
        2,
        3.633,
        0.5,
        2,
        4.467,
        0.5,
        2,
        4.8,
        0.5,
        2,
        5.067,
        0.5,
        2,
        5.933,
        0.5,
        2,
        6.167,
        0.5,
        2,
        6.3,
        0.5,
        0,
        6.333,
        0,
        2,
        6.833,
        0,
        2,
        7,
        0,
        2,
        7.1,
        0,
        2,
        7.133,
        0,
        2,
        7.367,
        0,
        2,
        7.633,
        0,
        2,
        7.733,
        0
      ]
    },
    {
      "Target": "Parameter",
      "Id": "PARAM_HAND_R2",
      "Segments": [
        0,
        0,
        2,
        0.3,
        0,
        2,
        0.333,
        1,
        2,
        0.833,
        1,
        2,
        1.067,
        1,
        2,
        1.833,
        1,
        2,
        2.333,
        1,
        2,
        2.367,
        1,
        2,
        2.433,
        1,
        2,
        2.6,
        1,
        2,
        2.767,
        1,
        2,
        2.9,
        1,
        2,
        3.333,
        1,
        2,
        3.567,
        1,
        2,
        3.633,
        1,
        2,
        4.467,
        1,
        2,
        4.8,
        1,
        2,
        5.067,
        1,
        2,
        5.933,
        1,
        2,
        6.167,
        1,
        2,
        6.3,
        1,
        2,
        6.333,
        1,
        2,
        6.833,
        1,
        2,
        7,
        1,
        2,
        7.1,
        1,
        2,
        7.133,
        0,
        2,
        7.367,
        0,
        2,
        7.633,
        0,
        2,
        7.733,
        0
      ]
    },
    {
      "Target": "Parameter",
      "Id": "PARAM_HAND_R_02",
      "Segments": [
        0,
        1,
        2,
        0.3,
        1,
        1,
        0.311,
        1,
        0.322,
        -0.192,
        0.333,
        -0.3,
        1,
        0.389,
        -0.84,
        0.444,
        -1,
        0.5,
        -1,
        2,
        0.833,
        -1,
        2,
        1.067,
        -1,
        2,
        1.833,
        -1,
        2,
        2.333,
        -1,
        2,
        2.367,
        -1,
        2,
        2.433,
        -1,
        2,
        2.6,
        -1,
        2,
        2.767,
        -1,
        2,
        2.9,
        -1,
        2,
        3.333,
        -1,
        0,
        3.567,
        -0.782,
        2,
        3.633,
        -0.782,
        2,
        4.467,
        -0.782,
        2,
        4.8,
        -0.782,
        0,
        5.067,
        -1,
        2,
        5.933,
        -1,
        2,
        6.167,
        -1,
        2,
        6.3,
        -1,
        0,
        6.333,
        -0.782,
        2,
        6.833,
        -0.782,
        2,
        7,
        -0.782,
        2,
        7.1,
        -0.782,
        2,
        7.133,
        1,
        2,
        7.367,
        1,
        2,
        7.633,
        1,
        2,
        7.733,
        1
      ]
    },
    {
      "Target": "Parameter",
      "Id": "PARAM_CHICKEN",
      "Segments": [
        0,
        0,
        2,
        0.3,
        0,
        0,
        0.333,
        0.254,
        2,
        0.767,
        0.254,
        2,
        1.067,
        0.254,
        2,
        1.833,
        0.254,
        2,
        2.133,
        0.254,
        2,
        2.333,
        0.254,
        2,
        2.367,
        0.254,
        2,
        2.433,
        0.254,
        2,
        2.7,
        0.254,
        2,
        3.333,
        0.254,
        2,
        3.633,
        0.254,
        2,
        4.467,
        0.254,
        2,
        4.8,
        0.254,
        2,
        5.067,
        0.254,
        2,
        5.933,
        0.254,
        2,
        6.3,
        0.254,
        0,
        6.333,
        0,
        2,
        6.833,
        0,
        2,
        7,
        0,
        2,
        7.733,
        0
      ]
    },
    {
      "Target": "Parameter",
      "Id": "PARAM_EYE_L_OPEN",
      "Segments": [
        0,
        1,
        0,
        0.3,
        0,
        0,
        0.5,
        1,
        2,
        0.767,
        1,
        2,
        1.067,
        1,
        2,
        1.833,
        1,
        0,
        2.133,
        0,
        2,
        2.333,
        0,
        2,
        2.367,
        0,
        2,
        2.433,
        0,
        2,
        2.533,
        0,
        2,
        2.667,
        0,
        2,
        2.7,
        1,
        2,
        3.333,
        1,
        0,
        3.4,
        0,
        0,
        3.467,
        1,
        2,
        3.567,
        1,
        0,
        3.633,
        0,
        0,
        3.733,
        1,
        2,
        4.467,
        1,
        2,
        4.8,
        1,
        0,
        4.933,
        0,
        0,
        5.067,
        1,
        2,
        5.933,
        1,
        0,
        6.267,
        0,
        2,
        6.833,
        0,
        2,
        7,
        0,
        2,
        7.133,
        0,
        0,
        7.3,
        1,
        2,
        7.733,
        1
      ]
    },
    {
      "Target": "Parameter",
      "Id": "PARAM_EYE_L_FORM",
      "Segments": [
        0,
        0.5,
        2,
        0.5,
        0.5,
        2,
        0.767,
        0.5,
        2,
        1.067,
        0.5,
        2,
        1.833,
        0.5,
        0,
        2.133,
        0.3,
        2,
        2.333,
        0.3,
        2,
        2.367,
        0.3,
        2,
        2.433,
        0.3,
        2,
        2.533,
        0.3,
        0,
        2.667,
        0.5,
        0,
        2.7,
        0.378,
        2,
        3.333,
        0.378,
        0,
        3.467,
        0.5,
        2,
        3.567,
        0.5,
        2,
        3.733,
        0.5,
        2,
        4.467,
        0.5,
        2,
        4.8,
        0.5,
        2,
        5.067,
        0.5,
        2,
        5.933,
        0.5,
        2,
        6.267,
        0.5,
        2,
        6.833,
        0.5,
        2,
        7,
        0.5,
        2,
        7.133,
        0.5,
        2,
        7.3,
        0.5,
        2,
        7.733,
        0.5
      ]
    },
    {
      "Target": "Parameter",
      "Id": "PARAM_EYE_R_OPEN",
      "Segments": [
        0,
        1,
        0,
        0.3,
        0,
        0,
        0.5,
        1,
        2,
        0.767,
        1,
        2,
        1.067,
        1,
        2,
        1.833,
        1,
        0,
        2.133,
        0,
        2,
        2.333,
        0,
        2,
        2.367,
        0,
        2,
        2.433,
        0,
        2,
        2.533,
        0,
        2,
        2.667,
        0,
        2,
        2.7,
        1,
        2,
        3.333,
        1,
        0,
        3.4,
        0,
        0,
        3.467,
        1,
        2,
        3.567,
        1,
        0,
        3.633,
        0,
        0,
        3.733,
        1,
        2,
        4.467,
        1,
        2,
        4.8,
        1,
        0,
        4.933,
        0,
        0,
        5.067,
        1,
        2,
        5.933,
        1,
        0,
        6.267,
        0,
        2,
        6.833,
        0,
        2,
        7,
        0,
        2,
        7.133,
        0,
        0,
        7.3,
        1,
        2,
        7.733,
        1
      ]
    },
    {
      "Target": "Parameter",
      "Id": "PARAM_EYE_R_FORM",
      "Segments": [
        0,
        0.5,
        2,
        0.5,
        0.5,
        2,
        0.767,
        0.5,
        2,
        1.067,
        0.5,
        2,
        1.833,
        0.5,
        0,
        2.133,
        0.3,
        2,
        2.333,
        0.3,
        2,
        2.367,
        0.3,
        2,
        2.433,
        0.3,
        2,
        2.533,
        0.3,
        0,
        2.667,
        0.5,
        0,
        2.7,
        0.378,
        2,
        3.333,
        0.378,
        0,
        3.467,
        0.5,
        2,
        3.567,
        0.5,
        2,
        3.733,
        0.5,
        2,
        4.467,
        0.5,
        2,
        4.8,
        0.5,
        2,
        5.067,
        0.5,
        2,
        5.933,
        0.5,
        2,
        6.267,
        0.5,
        2,
        6.833,
        0.5,
        2,
        7,
        0.5,
        2,
        7.133,
        0.5,
        2,
        7.3,
        0.5,
        2,
        7.733,
        0.5
      ]
    },
    {
      "Target": "Parameter",
      "Id": "PARAM_EYE_BALL_X",
      "Segments": [
        0,
        0,
        0,
        0.5,
        -0.8,
        2,
        0.767,
        -0.8,
        2,
        1.067,
        -0.8,
        2,
        1.833,
        -0.8,
        0,
        2.133,
        -0.65,
        2,
        2.333,
        -0.65,
        2,
        2.367,
        -0.65,
        1,
        2.389,
        -0.65,
        2.411,
        -0.557,
        2.433,
        -0.485,
        1,
        2.511,
        -0.236,
        2.589,
        0.153,
        2.667,
        0.195,
        1,
        2.678,
        0.201,
        2.689,
        0.196,
        2.7,
        0.196,
        0,
        2.8,
        -1,
        2,
        2.9,
        -1,
        2,
        3.333,
        -1,
        0,
        3.633,
        0,
        2,
        4.467,
        0,
        2,
        4.8,
        0,
        2,
        5.067,
        0,
        2,
        5.933,
        0,
        2,
        6.267,
        0,
        2,
        6.833,
        0,
        2,
        7,
        0,
        2,
        7.733,
        0
      ]
    },
    {
      "Target": "Parameter",
      "Id": "PARAM_EYE_BALL_Y",
      "Segments": [
        0,
        0,
        0,
        0.5,
        -0.5,
        2,
        0.767,
        -0.5,
        2,
        1.067,
        -0.5,
        2,
        1.833,
        -0.5,
        0,
        2.133,
        -0.75,
        2,
        2.333,
        -0.75,
        2,
        2.367,
        -0.75,
        1,
        2.389,
        -0.75,
        2.411,
        -0.749,
        2.433,
        -0.752,
        1,
        2.522,
        -0.765,
        2.611,
        -0.777,
        2.7,
        -0.8,
        1,
        2.911,
        -0.854,
        3.122,
        -0.9,
        3.333,
        -0.9,
        0,
        3.633,
        -0.8,
        2,
        4.467,
        -0.8,
        2,
        4.8,
        -0.8,
        0,
        5.067,
        -0.6,
        2,
        5.933,
        -0.6,
        0,
        6.267,
        0,
        2,
        6.833,
        0,
        2,
        7,
        0,
        2,
        7.733,
        0
      ]
    },
    {
      "Target": "Parameter",
      "Id": "PARAM_EYE_BALL_KIRAKIRA",
      "Segments": [
        0,
        0,
        2,
        0.3,
        0,
        2,
        0.333,
        1,
        2,
        0.767,
        1,
        2,
        1.067,
        1,
        2,
        1.833,
        1,
        0,
        2.133,
        0.5,
        2,
        2.333,
        0.5,
        2,
        2.367,
        0.5,
        1,
        2.389,
        0.5,
        2.411,
        0.5,
        2.433,
        0.437,
        1,
        2.522,
        0.182,
        2.611,
        0,
        2.7,
        0,
        2,
        3.333,
        0,
        2,
        3.633,
        0,
        2,
        4.467,
        0,
        2,
        4.8,
        0,
        2,
        5.067,
        0,
        2,
        5.933,
        0,
        2,
        6.267,
        0,
        2,
        6.833,
        0,
        2,
        7,
        0,
        2,
        7.733,
        0
      ]
    },
    {
      "Target": "Parameter",
      "Id": "PARAM_EYE_kira_R1",
      "Segments": [
        0,
        1,
        2,
        0.767,
        1,
        0,
        0.967,
        0,
        1,
        1,
        0,
        1.034,
        0.07,
        1.067,
        0.316,
        1,
        1.122,
        0.726,
        1.178,
        1,
        1.233,
        1,
        0,
        1.667,
        0,
        0,
        1.833,
        1,
        2,
        2.133,
        1,
        2,
        2.333,
        1,
        2,
        2.367,
        1,
        2,
        2.433,
        1,
        2,
        2.7,
        1,
        2,
        3.333,
        1,
        2,
        3.633,
        1,
        2,
        4.467,
        1,
        2,
        4.8,
        1,
        2,
        5.067,
        1,
        2,
        5.933,
        1,
        2,
        6.267,
        1,
        2,
        6.833,
        1,
        2,
        7,
        1,
        2,
        7.733,
        1
      ]
    },
    {
      "Target": "Parameter",
      "Id": "PARAM_EYE_kira_R2",
      "Segments": [
        0,
        0.5,
        2,
        0.767,
        0.5,
        0,
        0.833,
        1,
        0,
        0.967,
        0,
        1,
        1,
        0,
        1.034,
        0.167,
        1.067,
        0.5,
        1,
        1.1,
        0.833,
        1.134,
        1,
        1.167,
        1,
        0,
        1.433,
        0,
        0,
        1.667,
        1,
        0,
        1.833,
        0.5,
        2,
        2.133,
        0.5,
        2,
        2.333,
        0.5,
        2,
        2.367,
        0.5,
        2,
        2.433,
        0.5,
        2,
        2.7,
        0.5,
        2,
        3.333,
        0.5,
        2,
        3.633,
        0.5,
        2,
        4.467,
        0.5,
        2,
        4.8,
        0.5,
        2,
        5.067,
        0.5,
        2,
        5.933,
        0.5,
        2,
        6.267,
        0.5,
        2,
        6.833,
        0.5,
        2,
        7,
        0.5,
        2,
        7.733,
        0.5
      ]
    },
    {
      "Target": "Parameter",
      "Id": "PARAM_EYE_kira_L1",
      "Segments": [
        0,
        1,
        2,
        0.767,
        1,
        0,
        0.967,
        0,
        1,
        1,
        0,
        1.034,
        0.07,
        1.067,
        0.316,
        1,
        1.122,
        0.726,
        1.178,
        1,
        1.233,
        1,
        0,
        1.667,
        0,
        0,
        1.833,
        1,
        2,
        2.133,
        1,
        2,
        2.333,
        1,
        2,
        2.367,
        1,
        2,
        2.433,
        1,
        2,
        2.7,
        1,
        2,
        3.333,
        1,
        2,
        3.633,
        1,
        2,
        4.467,
        1,
        2,
        4.8,
        1,
        2,
        5.067,
        1,
        2,
        5.933,
        1,
        2,
        6.267,
        1,
        2,
        6.833,
        1,
        2,
        7,
        1,
        2,
        7.733,
        1
      ]
    },
    {
      "Target": "Parameter",
      "Id": "PARAM_EYE_kira_L2",
      "Segments": [
        0,
        0.5,
        2,
        0.767,
        0.5,
        0,
        0.833,
        1,
        0,
        0.967,
        0,
        1,
        1,
        0,
        1.034,
        0.167,
        1.067,
        0.5,
        1,
        1.1,
        0.833,
        1.134,
        1,
        1.167,
        1,
        0,
        1.433,
        0,
        0,
        1.667,
        1,
        0,
        1.833,
        0.5,
        2,
        2.133,
        0.5,
        2,
        2.333,
        0.5,
        2,
        2.367,
        0.5,
        2,
        2.433,
        0.5,
        2,
        2.7,
        0.5,
        2,
        3.333,
        0.5,
        2,
        3.633,
        0.5,
        2,
        4.467,
        0.5,
        2,
        4.8,
        0.5,
        2,
        5.067,
        0.5,
        2,
        5.933,
        0.5,
        2,
        6.267,
        0.5,
        2,
        6.833,
        0.5,
        2,
        7,
        0.5,
        2,
        7.733,
        0.5
      ]
    },
    {
      "Target": "Parameter",
      "Id": "PARAM_BROW_L_Y",
      "Segments": [
        0,
        0,
        0,
        0.3,
        -1,
        0,
        0.5,
        0,
        2,
        0.767,
        0,
        2,
        1.067,
        0,
        2,
        1.833,
        0,
        0,
        2.133,
        -1,
        2,
        2.667,
        -1,
        0,
        2.7,
        0,
        2,
        3.333,
        0,
        0,
        3.4,
        -1,
        0,
        3.467,
        0,
        2,
        3.567,
        0,
        0,
        3.633,
        -1,
        0,
        3.733,
        0,
        2,
        4.467,
        0,
        2,
        4.8,
        0,
        0,
        4.933,
        -1,
        0,
        5.067,
        0,
        2,
        5.933,
        0,
        0,
        6.267,
        -1,
        2,
        6.833,
        -1,
        2,
        7,
        -1,
        2,
        7.133,
        -1,
        0,
        7.3,
        0,
        2,
        7.733,
        0
      ]
    },
    {
      "Target": "Parameter",
      "Id": "PARAM_BROW_R_Y",
      "Segments": [
        0,
        0,
        0,
        0.3,
        -1,
        0,
        0.5,
        0,
        2,
        0.767,
        0,
        2,
        1.067,
        0,
        2,
        1.833,
        0,
        0,
        2.133,
        -1,
        2,
        2.667,
        -1,
        0,
        2.7,
        0,
        2,
        3.333,
        0,
        0,
        3.4,
        -1,
        0,
        3.467,
        0,
        2,
        3.567,
        0,
        0,
        3.633,
        -1,
        0,
        3.733,
        0,
        2,
        4.467,
        0,
        2,
        4.8,
        0,
        0,
        4.933,
        -1,
        0,
        5.067,
        0,
        2,
        5.933,
        0,
        0,
        6.267,
        -1,
        2,
        6.833,
        -1,
        2,
        7,
        -1,
        2,
        7.133,
        -1,
        0,
        7.3,
        0,
        2,
        7.733,
        0
      ]
    },
    {
      "Target": "Parameter",
      "Id": "PARAM_BROW_L_ANGLE",
      "Segments": [
        0,
        0,
        2,
        0.767,
        0,
        2,
        1.067,
        0,
        2,
        1.833,
        0,
        2,
        2.133,
        0,
        2,
        2.333,
        0,
        2,
        2.367,
        0,
        2,
        2.433,
        0,
        2,
        2.7,
        0,
        2,
        3.333,
        0,
        0,
        3.633,
        0.3,
        2,
        4.467,
        0.3,
        2,
        4.8,
        0.3,
        2,
        5.067,
        0.3,
        2,
        5.933,
        0.3,
        0,
        6.267,
        0,
        2,
        6.833,
        0,
        2,
        7,
        0,
        2,
        7.733,
        0
      ]
    },
    {
      "Target": "Parameter",
      "Id": "PARAM_BROW_R_ANGLE",
      "Segments": [
        0,
        0,
        2,
        0.767,
        0,
        2,
        1.067,
        0,
        2,
        1.833,
        0,
        2,
        2.133,
        0,
        2,
        2.333,
        0,
        2,
        2.367,
        0,
        2,
        2.433,
        0,
        2,
        2.7,
        0,
        2,
        3.333,
        0,
        0,
        3.633,
        0.3,
        2,
        4.467,
        0.3,
        2,
        4.8,
        0.3,
        2,
        5.067,
        0.3,
        2,
        5.933,
        0.3,
        0,
        6.267,
        0,
        2,
        6.833,
        0,
        2,
        7,
        0,
        2,
        7.733,
        0
      ]
    },
    {
      "Target": "Parameter",
      "Id": "PARAM_BROW_L_FORM",
      "Segments": [
        0,
        0.5,
        2,
        0.767,
        0.5,
        2,
        1.067,
        0.5,
        2,
        1.833,
        0.5,
        2,
        2.133,
        0.5,
        2,
        2.333,
        0.5,
        2,
        2.367,
        0.5,
        2,
        2.433,
        0.5,
        2,
        2.7,
        0.5,
        2,
        3.333,
        0.5,
        0,
        3.633,
        -1,
        2,
        4.467,
        -1,
        2,
        4.8,
        -1,
        2,
        5.067,
        -1,
        2,
        5.933,
        -1,
        2,
        6.267,
        -1,
        2,
        6.833,
        -1,
        2,
        7,
        -1,
        0,
        7.733,
        0.5
      ]
    },
    {
      "Target": "Parameter",
      "Id": "PARAM_BROW_R_FORM",
      "Segments": [
        0,
        0.5,
        2,
        0.767,
        0.5,
        2,
        1.067,
        0.5,
        2,
        1.833,
        0.5,
        2,
        2.133,
        0.5,
        2,
        2.333,
        0.5,
        2,
        2.367,
        0.5,
        2,
        2.433,
        0.5,
        2,
        2.7,
        0.5,
        2,
        3.333,
        0.5,
        0,
        3.633,
        -1,
        2,
        4.467,
        -1,
        2,
        4.8,
        -1,
        2,
        5.067,
        -1,
        2,
        5.933,
        -1,
        2,
        6.267,
        -1,
        2,
        6.833,
        -1,
        2,
        7,
        -1,
        0,
        7.733,
        0.5
      ]
    },
    {
      "Target": "Parameter",
      "Id": "PARAM_MOUTH_OPEN",
      "Segments": [
        0,
        0,
        2,
        0.5,
        0,
        2,
        0.533,
        2,
        2,
        0.767,
        2,
        2,
        1.067,
        2,
        2,
        1.833,
        2,
        2,
        1.933,
        2,
        0,
        1.967,
        1.391,
        2,
        2.133,
        1.391,
        2,
        2.333,
        1.391,
        2,
        2.367,
        1.391,
        0,
        2.433,
        0.936,
        0,
        2.767,
        1.615,
        2,
        3.333,
        1.615,
        1,
        3.433,
        1.615,
        3.533,
        1.556,
        3.633,
        1.391,
        1,
        3.644,
        1.373,
        3.656,
        0,
        3.667,
        0,
        2,
        4.467,
        0,
        2,
        4.8,
        0,
        2,
        5.067,
        0,
        2,
        5.933,
        0,
        0,
        5.967,
        1,
        2,
        6.3,
        1,
        0,
        6.333,
        0,
        2,
        6.833,
        0,
        2,
        7,
        0,
        2,
        7.3,
        0,
        2,
        7.333,
        0,
        2,
        7.733,
        0
      ]
    },
    {
      "Target": "Parameter",
      "Id": "PARAM_MOUTH_FORM",
      "Segments": [
        0,
        -0.6,
        2,
        0.5,
        -0.6,
        0,
        0.533,
        -1,
        2,
        0.767,
        -1,
        2,
        1.067,
        -1,
        2,
        1.833,
        -1,
        2,
        1.933,
        -1,
        2,
        1.967,
        0.716,
        2,
        2.133,
        0.716,
        2,
        2.333,
        0.716,
        2,
        2.367,
        0.716,
        2,
        2.433,
        0.716,
        2,
        2.7,
        0.716,
        0,
        2.767,
        1,
        2,
        3.333,
        1,
        0,
        3.633,
        0,
        0,
        3.667,
        1,
        2,
        4.467,
        1,
        2,
        4.8,
        1,
        2,
        5.067,
        1,
        2,
        5.933,
        1,
        2,
        5.967,
        1,
        2,
        6.3,
        1,
        2,
        6.333,
        1,
        2,
        6.833,
        1,
        2,
        7,
        1,
        2,
        7.3,
        1,
        2,
        7.333,
        -0.6,
        2,
        7.733,
        -0.6
      ]
    },
    {
      "Target": "Parameter",
      "Id": "PARAM_MOUTH_SPECIAL",
      "Segments": [
        0,
        0,
        2,
        0.5,
        0,
        2,
        0.533,
        1,
        2,
        0.767,
        1,
        2,
        1.067,
        1,
        2,
        1.833,
        1,
        2,
        1.933,
        1,
        2,
        1.967,
        0,
        2,
        2.133,
        0,
        2,
        2.333,
        0,
        2,
        2.367,
        0,
        2,
        2.433,
        0,
        2,
        2.7,
        0,
        2,
        2.767,
        0,
        2,
        3.333,
        0,
        2,
        3.633,
        0,
        2,
        3.667,
        1,
        2,
        4.467,
        1,
        2,
        4.8,
        1,
        2,
        5.067,
        1,
        2,
        5.933,
        1,
        2,
        5.967,
        0,
        2,
        6.3,
        0,
        2,
        6.333,
        1,
        2,
        6.833,
        1,
        2,
        7,
        1,
        2,
        7.3,
        1,
        2,
        7.333,
        0,
        2,
        7.733,
        0
      ]
    },
    {
      "Target": "Parameter",
      "Id": "PARAM_MOUTH_SIZE",
      "Segments": [
        0,
        -0.5,
        2,
        0.5,
        -0.5,
        0,
        0.533,
        -1,
        2,
        0.767,
        -1,
        0,
        0.967,
        -0.609,
        1,
        1,
        -0.609,
        1.034,
        -0.674,
        1.067,
        -0.805,
        1,
        1.1,
        -0.935,
        1.134,
        -1,
        1.167,
        -1,
        0,
        1.433,
        -0.609,
        0,
        1.833,
        -1,
        2,
        1.933,
        -1,
        0,
        1.967,
        -0.193,
        2,
        2.133,
        -0.193,
        2,
        2.333,
        -0.193,
        2,
        2.367,
        -0.193,
        2,
        2.433,
        -0.193,
        0,
        2.7,
        -0.835,
        0,
        2.767,
        1,
        2,
        3.333,
        1,
        0,
        3.633,
        0,
        2,
        4.467,
        0,
        2,
        4.8,
        0,
        0,
        5.067,
        -0.71,
        2,
        5.933,
        -0.71,
        2,
        6.3,
        -0.71,
        0,
        6.333,
        -0.599,
        2,
        6.833,
        -0.599,
        2,
        7,
        -0.599,
        2,
        7.3,
        -0.599,
        0,
        7.333,
        -0.5,
        2,
        7.733,
        -0.5
      ]
    },
    {
      "Target": "Parameter",
      "Id": "PARAM_MOUTH_X",
      "Segments": [
        0,
        0,
        2,
        0.5,
        0,
        0,
        0.533,
        -0.2,
        2,
        0.767,
        -0.2,
        2,
        1.067,
        -0.2,
        2,
        1.833,
        -0.2,
        2,
        1.933,
        -0.2,
        0,
        1.967,
        0,
        2,
        2.133,
        0,
        2,
        2.333,
        0,
        2,
        2.367,
        0,
        2,
        2.433,
        0,
        2,
        2.7,
        0,
        2,
        2.767,
        0,
        2,
        3.333,
        0,
        2,
        3.633,
        0,
        2,
        4.467,
        0,
        2,
        4.8,
        0,
        0,
        5.067,
        -0.1,
        2,
        5.933,
        -0.1,
        2,
        6.3,
        -0.1,
        0,
        6.333,
        0.3,
        2,
        6.833,
        0.3,
        2,
        7,
        0.3,
        2,
        7.3,
        0.3,
        0,
        7.333,
        0,
        2,
        7.733,
        0
      ]
    },
    {
      "Target": "Parameter",
      "Id": "PARAM_SHY",
      "Segments": [
        0,
        0,
        0,
        0.767,
        1,
        2,
        1.067,
        1,
        2,
        1.833,
        1,
        0,
        2.133,
        0.5,
        2,
        2.333,
        0.5,
        2,
        2.367,
        0.5,
        2,
        2.433,
        0.5,
        2,
        2.7,
        0.5,
        2,
        3.333,
        0.5,
        2,
        3.633,
        0.5,
        2,
        4.467,
        0.5,
        2,
        4.8,
        0.5,
        0,
        5.067,
        1,
        2,
        5.933,
        1,
        0,
        6.267,
        0,
        2,
        6.833,
        0,
        2,
        7,
        0,
        2,
        7.733,
        0
      ]
    },
    {
      "Target": "Parameter",
      "Id": "PARAM_TERE",
      "Segments": [
        0,
        0.8,
        0,
        0.767,
        0,
        2,
        1.067,
        0,
        2,
        1.833,
        0,
        0,
        2.133,
        0.3,
        2,
        2.333,
        0.3,
        2,
        2.367,
        0.3,
        2,
        2.433,
        0.3,
        2,
        2.7,
        0.3,
        2,
        3.333,
        0.3,
        2,
        3.633,
        0.3,
        2,
        4.467,
        0.3,
        2,
        4.8,
        0.3,
        0,
        5.067,
        0.297,
        2,
        5.933,
        0.297,
        0,
        6.267,
        0.6,
        2,
        6.833,
        0.6,
        2,
        7,
        0.6,
        0,
        7.733,
        0.8
      ]
    },
    {
      "Target": "Parameter",
      "Id": "PARAM_HEI",
      "Segments": [
        0,
        -1,
        2,
        0.767,
        -1,
        2,
        1.067,
        -1,
        2,
        1.833,
        -1,
        2,
        2.133,
        -1,
        2,
        2.333,
        -1,
        2,
        2.367,
        -1,
        2,
        2.433,
        -1,
        2,
        2.7,
        -1,
        2,
        3.333,
        -1,
        2,
        3.633,
        -1,
        2,
        4.467,
        -1,
        2,
        4.8,
        -1,
        2,
        5.067,
        -1,
        2,
        5.933,
        -1,
        0,
        6.267,
        -0.867,
        2,
        6.833,
        -0.867,
        2,
        7,
        -0.867,
        0,
        7.733,
        -1
      ]
    },
    {
      "Target": "Parameter",
      "Id": "PARAM_FAT",
      "Segments": [
        0,
        0,
        2,
        0.767,
        0,
        2,
        1.067,
        0,
        2,
        1.833,
        0,
        2,
        2.133,
        0,
        2,
        2.333,
        0,
        2,
        2.367,
        0,
        2,
        2.433,
        0,
        2,
        2.7,
        0,
        2,
        3.333,
        0,
        2,
        3.633,
        0,
        2,
        4.467,
        0,
        2,
        4.8,
        0,
        2,
        5.067,
        0,
        2,
        5.933,
        0,
        0,
        6.267,
        0.353,
        2,
        6.833,
        0.353,
        2,
        7,
        0.353,
        0,
        7.733,
        0
      ]
    },
    {
      "Target": "Parameter",
      "Id": "PARAM_BREATH",
      "Segments": [
        0,
        0,
        2,
        0.767,
        0,
        2,
        1.067,
        0,
        2,
        1.833,
        0,
        0,
        2.133,
        0.7,
        2,
        2.333,
        0.7,
        2,
        2.367,
        0.7,
        2,
        2.433,
        0.7,
        2,
        2.7,
        0.7,
        2,
        3.333,
        0.7,
        2,
        3.633,
        0.7,
        2,
        4.467,
        0.7,
        2,
        4.8,
        0.7,
        0,
        5.067,
        0,
        2,
        5.933,
        0,
        0,
        6.267,
        0.003,
        2,
        6.833,
        0.003,
        2,
        7,
        0.003,
        0,
        7.733,
        0
      ]
    },
    {
      "Target": "PartOpacity",
      "Id": "PARTS_GUDIAN",
      "Segments": [
        0,
        1,
        2,
        0.67,
        1,
        2,
        1.07,
        1,
        2,
        1.33,
        1,
        2,
        1.67,
        1,
        2,
        1.83,
        1,
        2,
        2.13,
        1,
        2,
        2.33,
        1,
        2,
        2.37,
        1,
        2,
        2.43,
        1,
        2,
        2.7,
        1,
        2,
        3.33,
        1,
        2,
        3.63,
        1,
        2,
        4.47,
        1,
        2,
        4.8,
        1,
        2,
        5.07,
        1,
        2,
        5.93,
        1,
        2,
        6.27,
        1,
        2,
        6.83,
        1,
        2,
        7,
        1,
        2,
        7.73,
        1
      ]
    },
    {
      "Target": "PartOpacity",
      "Id": "PARTS_01_ARM_L_01",
      "Segments": [
        0,
        1,
        2,
        0.77,
        1,
        2,
        1.07,
        1,
        2,
        1.83,
        1,
        2,
        2.13,
        1,
        2,
        2.33,
        1,
        2,
        2.37,
        1,
        2,
        2.43,
        1,
        2,
        2.7,
        1,
        2,
        3.33,
        1,
        2,
        3.63,
        1,
        2,
        4.47,
        1,
        2,
        4.8,
        1,
        2,
        5.07,
        1,
        2,
        5.93,
        1,
        2,
        6.27,
        1,
        2,
        6.83,
        1,
        2,
        7,
        1,
        2,
        7.73,
        1
      ]
    },
    {
      "Target": "PartOpacity",
      "Id": "PARTS_01_ARM_R_01",
      "Segments": [
        0,
        1,
        2,
        0.77,
        1,
        2,
        1.07,
        1,
        2,
        1.83,
        1,
        2,
        2.13,
        1,
        2,
        2.33,
        1,
        2,
        2.37,
        1,
        2,
        2.43,
        1,
        2,
        2.7,
        1,
        2,
        3.33,
        1,
        2,
        3.63,
        1,
        2,
        4.47,
        1,
        2,
        4.8,
        1,
        2,
        5.07,
        1,
        2,
        5.93,
        1,
        2,
        6.27,
        1,
        2,
        6.83,
        1,
        2,
        7,
        1,
        2,
        7.73,
        1
      ]
    },
    {
      "Target": "PartOpacity",
      "Id": "PARTS_01_BODY",
      "Segments": [
        0,
        1,
        2,
        0.77,
        1,
        2,
        1.07,
        1,
        2,
        1.83,
        1,
        2,
        2.13,
        1,
        2,
        2.33,
        1,
        2,
        2.37,
        1,
        2,
        2.43,
        1,
        2,
        2.7,
        1,
        2,
        3.33,
        1,
        2,
        3.63,
        1,
        2,
        4.47,
        1,
        2,
        4.8,
        1,
        2,
        5.07,
        1,
        2,
        5.93,
        1,
        2,
        6.27,
        1,
        2,
        6.83,
        1,
        2,
        7,
        1,
        2,
        7.73,
        1
      ]
    },
    {
      "Target": "PartOpacity",
      "Id": "PARTS_01_NECK",
      "Segments": [
        0,
        1,
        2,
        0.77,
        1,
        2,
        1.07,
        1,
        2,
        1.83,
        1,
        2,
        2.13,
        1,
        2,
        2.33,
        1,
        2,
        2.37,
        1,
        2,
        2.43,
        1,
        2,
        2.7,
        1,
        2,
        3.33,
        1,
        2,
        3.63,
        1,
        2,
        4.47,
        1,
        2,
        4.8,
        1,
        2,
        5.07,
        1,
        2,
        5.93,
        1,
        2,
        6.27,
        1,
        2,
        6.83,
        1,
        2,
        7,
        1,
        2,
        7.73,
        1
      ]
    },
    {
      "Target": "PartOpacity",
      "Id": "PARTS_01_HAIR_BACK_001",
      "Segments": [
        0,
        1,
        2,
        0.77,
        1,
        2,
        1.07,
        1,
        2,
        1.83,
        1,
        2,
        2.13,
        1,
        2,
        2.33,
        1,
        2,
        2.37,
        1,
        2,
        2.43,
        1,
        2,
        2.7,
        1,
        2,
        3.33,
        1,
        2,
        3.63,
        1,
        2,
        4.47,
        1,
        2,
        4.8,
        1,
        2,
        5.07,
        1,
        2,
        5.93,
        1,
        2,
        6.27,
        1,
        2,
        6.83,
        1,
        2,
        7,
        1,
        2,
        7.73,
        1
      ]
    },
    {
      "Target": "PartOpacity",
      "Id": "PARTS_01_HAIR_SIDE_001",
      "Segments": [
        0,
        1,
        2,
        0.77,
        1,
        2,
        1.07,
        1,
        2,
        1.83,
        1,
        2,
        2.13,
        1,
        2,
        2.33,
        1,
        2,
        2.37,
        1,
        2,
        2.43,
        1,
        2,
        2.7,
        1,
        2,
        3.33,
        1,
        2,
        3.63,
        1,
        2,
        4.47,
        1,
        2,
        4.8,
        1,
        2,
        5.07,
        1,
        2,
        5.93,
        1,
        2,
        6.27,
        1,
        2,
        6.83,
        1,
        2,
        7,
        1,
        2,
        7.73,
        1
      ]
    },
    {
      "Target": "PartOpacity",
      "Id": "PARTS_01_HAIR_FRONT_001",
      "Segments": [
        0,
        1,
        2,
        0.77,
        1,
        2,
        1.07,
        1,
        2,
        1.83,
        1,
        2,
        2.13,
        1,
        2,
        2.33,
        1,
        2,
        2.37,
        1,
        2,
        2.43,
        1,
        2,
        2.7,
        1,
        2,
        3.33,
        1,
        2,
        3.63,
        1,
        2,
        4.47,
        1,
        2,
        4.8,
        1,
        2,
        5.07,
        1,
        2,
        5.93,
        1,
        2,
        6.27,
        1,
        2,
        6.83,
        1,
        2,
        7,
        1,
        2,
        7.73,
        1
      ]
    },
    {
      "Target": "PartOpacity",
      "Id": "PARTS_01_EAR_001",
      "Segments": [
        0,
        1,
        2,
        0.77,
        1,
        2,
        1.07,
        1,
        2,
        1.83,
        1,
        2,
        2.13,
        1,
        2,
        2.33,
        1,
        2,
        2.37,
        1,
        2,
        2.43,
        1,
        2,
        2.7,
        1,
        2,
        3.33,
        1,
        2,
        3.63,
        1,
        2,
        4.47,
        1,
        2,
        4.8,
        1,
        2,
        5.07,
        1,
        2,
        5.93,
        1,
        2,
        6.27,
        1,
        2,
        6.83,
        1,
        2,
        7,
        1,
        2,
        7.73,
        1
      ]
    },
    {
      "Target": "PartOpacity",
      "Id": "PARTS_01_NOSE_001",
      "Segments": [
        0,
        1,
        2,
        0.77,
        1,
        2,
        1.07,
        1,
        2,
        1.83,
        1,
        2,
        2.13,
        1,
        2,
        2.33,
        1,
        2,
        2.37,
        1,
        2,
        2.43,
        1,
        2,
        2.7,
        1,
        2,
        3.33,
        1,
        2,
        3.63,
        1,
        2,
        4.47,
        1,
        2,
        4.8,
        1,
        2,
        5.07,
        1,
        2,
        5.93,
        1,
        2,
        6.27,
        1,
        2,
        6.83,
        1,
        2,
        7,
        1,
        2,
        7.73,
        1
      ]
    },
    {
      "Target": "PartOpacity",
      "Id": "PARTS_01_MOUTH_001",
      "Segments": [
        0,
        1,
        2,
        0.77,
        1,
        2,
        1.07,
        1,
        2,
        1.83,
        1,
        2,
        2.13,
        1,
        2,
        2.33,
        1,
        2,
        2.37,
        1,
        2,
        2.43,
        1,
        2,
        2.7,
        1,
        2,
        3.33,
        1,
        2,
        3.63,
        1,
        2,
        4.47,
        1,
        2,
        4.8,
        1,
        2,
        5.07,
        1,
        2,
        5.93,
        1,
        2,
        6.27,
        1,
        2,
        6.83,
        1,
        2,
        7,
        1,
        2,
        7.73,
        1
      ]
    },
    {
      "Target": "PartOpacity",
      "Id": "PARTS_01_BROW_001",
      "Segments": [
        0,
        1,
        2,
        0.77,
        1,
        2,
        1.07,
        1,
        2,
        1.83,
        1,
        2,
        2.13,
        1,
        2,
        2.33,
        1,
        2,
        2.37,
        1,
        2,
        2.43,
        1,
        2,
        2.7,
        1,
        2,
        3.33,
        1,
        2,
        3.63,
        1,
        2,
        4.47,
        1,
        2,
        4.8,
        1,
        2,
        5.07,
        1,
        2,
        5.93,
        1,
        2,
        6.27,
        1,
        2,
        6.83,
        1,
        2,
        7,
        1,
        2,
        7.73,
        1
      ]
    },
    {
      "Target": "PartOpacity",
      "Id": "PARTS_01_EYE_BALL_001",
      "Segments": [
        0,
        1,
        2,
        0.77,
        1,
        2,
        1.07,
        1,
        2,
        1.83,
        1,
        2,
        2.13,
        1,
        2,
        2.33,
        1,
        2,
        2.37,
        1,
        2,
        2.43,
        1,
        2,
        2.7,
        1,
        2,
        3.33,
        1,
        2,
        3.63,
        1,
        2,
        4.47,
        1,
        2,
        4.8,
        1,
        2,
        5.07,
        1,
        2,
        5.93,
        1,
        2,
        6.27,
        1,
        2,
        6.83,
        1,
        2,
        7,
        1,
        2,
        7.73,
        1
      ]
    },
    {
      "Target": "PartOpacity",
      "Id": "PARTS_01_EYE_001",
      "Segments": [
        0,
        1,
        2,
        0.77,
        1,
        2,
        1.07,
        1,
        2,
        1.83,
        1,
        2,
        2.13,
        1,
        2,
        2.33,
        1,
        2,
        2.37,
        1,
        2,
        2.43,
        1,
        2,
        2.7,
        1,
        2,
        3.33,
        1,
        2,
        3.63,
        1,
        2,
        4.47,
        1,
        2,
        4.8,
        1,
        2,
        5.07,
        1,
        2,
        5.93,
        1,
        2,
        6.27,
        1,
        2,
        6.83,
        1,
        2,
        7,
        1,
        2,
        7.73,
        1
      ]
    },
    {
      "Target": "PartOpacity",
      "Id": "PARTS_01_FACE_001",
      "Segments": [
        0,
        1,
        2,
        0.77,
        1,
        2,
        1.07,
        1,
        2,
        1.83,
        1,
        2,
        2.13,
        1,
        2,
        2.33,
        1,
        2,
        2.37,
        1,
        2,
        2.43,
        1,
        2,
        2.7,
        1,
        2,
        3.33,
        1,
        2,
        3.63,
        1,
        2,
        4.47,
        1,
        2,
        4.8,
        1,
        2,
        5.07,
        1,
        2,
        5.93,
        1,
        2,
        6.27,
        1,
        2,
        6.83,
        1,
        2,
        7,
        1,
        2,
        7.73,
        1
      ]
    },
    {
      "Target": "PartOpacity",
      "Id": "ROUGH",
      "Segments": [
        0,
        1,
        2,
        0.77,
        1,
        2,
        1.07,
        1,
        2,
        1.83,
        1,
        2,
        2.13,
        1,
        2,
        2.33,
        1,
        2,
        2.37,
        1,
        2,
        2.43,
        1,
        2,
        2.7,
        1,
        2,
        3.33,
        1,
        2,
        3.63,
        1,
        2,
        4.47,
        1,
        2,
        4.8,
        1,
        2,
        5.07,
        1,
        2,
        5.93,
        1,
        2,
        6.27,
        1,
        2,
        6.83,
        1,
        2,
        7,
        1,
        2,
        7.73,
        1
      ]
    },
    {
      "Target": "Model",
      "Id": "Opacity",
      "Segments": [
        0,
        1,
        0,
        7.73,
        1
      ]
    },
    {
      "Target": "Parameter",
      "Id": "PARAM_LEFT_ARM_TAI",
      "Segments": [
        0,
        0,
        0,
        7.73,
        0
      ]
    },
    {
      "Target": "Parameter",
      "Id": "PARAM_TANGDIE",
      "Segments": [
        0,
        0,
        0,
        7.73,
        0
      ]
    },
    {
      "Target": "Parameter",
      "Id": "PARAM_HAND_R_LEVEL",
      "Segments": [
        0,
        1,
        0,
        7.73,
        1
      ]
    },
    {
      "Target": "Parameter",
      "Id": "PARAM_YIFU",
      "Segments": [
        0,
        0,
        0,
        7.73,
        0
      ]
    },
    {
      "Target": "Parameter",
      "Id": "PARAM_CHICKEN_MOVE",
      "Segments": [
        0,
        0,
        0,
        7.73,
        0
      ]
    },
    {
      "Target": "Parameter",
      "Id": "PARAM_BANSHOU",
      "Segments": [
        0,
        0,
        0,
        7.73,
        0
      ]
    },
    {
      "Target": "Parameter",
      "Id": "PARAM_BANSHOU_MOVE",
      "Segments": [
        0,
        0,
        0,
        7.73,
        0
      ]
    },
    {
      "Target": "Parameter",
      "Id": "PARAM_BANSHOU_MOVE_01",
      "Segments": [
        0,
        0,
        0,
        7.73,
        0
      ]
    },
    {
      "Target": "Parameter",
      "Id": "PARAM_SHAOZI",
      "Segments": [
        0,
        0,
        0,
        7.73,
        0
      ]
    },
    {
      "Target": "Parameter",
      "Id": "PARAM_SHAOZI_MOVE",
      "Segments": [
        0,
        0,
        0,
        7.73,
        0
      ]
    },
    {
      "Target": "Parameter",
      "Id": "PARAM_SHAOZI_MOVE_01",
      "Segments": [
        0,
        0,
        0,
        7.73,
        0
      ]
    },
    {
      "Target": "Parameter",
      "Id": "PARAM_SOUP",
      "Segments": [
        0,
        0,
        0,
        7.73,
        0
      ]
    },
    {
      "Target": "Parameter",
      "Id": "PARAM_JITA_CHUXIAN",
      "Segments": [
        0,
        0,
        0,
        7.73,
        0
      ]
    },
    {
      "Target": "Parameter",
      "Id": "PARAM_JITA_LEVEL",
      "Segments": [
        0,
        0,
        0,
        7.73,
        0
      ]
    },
    {
      "Target": "Parameter",
      "Id": "PARAM_JITA_MOVE_X",
      "Segments": [
        0,
        0,
        0,
        7.73,
        0
      ]
    },
    {
      "Target": "Parameter",
      "Id": "PARAM_JITA_MOVE_Y",
      "Segments": [
        0,
        0,
        0,
        7.73,
        0
      ]
    },
    {
      "Target": "Parameter",
      "Id": "PARAM_JITA_Z",
      "Segments": [
        0,
        0,
        0,
        7.73,
        0
      ]
    },
    {
      "Target": "Parameter",
      "Id": "PARAM_JITA_X",
      "Segments": [
        0,
        0,
        0,
        7.73,
        0
      ]
    },
    {
      "Target": "Parameter",
      "Id": "PARAM_JITA_Y",
      "Segments": [
        0,
        0,
        0,
        7.73,
        0
      ]
    },
    {
      "Target": "Parameter",
      "Id": "PARAM_JINADAI_X",
      "Segments": [
        0,
        0,
        0,
        7.73,
        0
      ]
    },
    {
      "Target": "Parameter",
      "Id": "PARAM_JIANDAI_Y",
      "Segments": [
        0,
        0,
        0,
        7.73,
        0
      ]
    },
    {
      "Target": "Parameter",
      "Id": "PARAM_JIANDAI_BACK_X",
      "Segments": [
        0,
        0,
        0,
        7.73,
        0
      ]
    },
    {
      "Target": "Parameter",
      "Id": "PARAM_JIANDAI_BACK_Y",
      "Segments": [
        0,
        0,
        0,
        7.73,
        0
      ]
    },
    {
      "Target": "Parameter",
      "Id": "PARAM_EYE_BALL_FORM",
      "Segments": [
        0,
        0,
        0,
        7.73,
        0
      ]
    },
    {
      "Target": "Parameter",
      "Id": "PARAM_EYE_BALL_SAD",
      "Segments": [
        0,
        0,
        0,
        7.73,
        0
      ]
    },
    {
      "Target": "Parameter",
      "Id": "PARAM_EYE_BALL_BAIYAN",
      "Segments": [
        0,
        0,
        0,
        7.73,
        0
      ]
    },
    {
      "Target": "Parameter",
      "Id": "PARAM_EYE_TI1",
      "Segments": [
        0,
        0,
        0,
        7.73,
        0
      ]
    },
    {
      "Target": "Parameter",
      "Id": "PARAM_EYE_TI2",
      "Segments": [
        0,
        0,
        0,
        7.73,
        0
      ]
    },
    {
      "Target": "Parameter",
      "Id": "PARAM_EYE_SPECIAL",
      "Segments": [
        0,
        0,
        0,
        7.73,
        0
      ]
    },
    {
      "Target": "Parameter",
      "Id": "PARAM_EYE_DEFROM",
      "Segments": [
        0,
        0,
        0,
        7.73,
        0
      ]
    },
    {
      "Target": "Parameter",
      "Id": "PARAM_BROW_L_X",
      "Segments": [
        0,
        0,
        0,
        7.73,
        0
      ]
    },
    {
      "Target": "Parameter",
      "Id": "PARAM_BROW_R_X",
      "Segments": [
        0,
        0,
        0,
        7.73,
        0
      ]
    },
    {
      "Target": "Parameter",
      "Id": "PARAM_MOUTH_WIDTH",
      "Segments": [
        0,
        1,
        0,
        7.73,
        1
      ]
    },
    {
      "Target": "Parameter",
      "Id": "PARAM_MOUTH_DEFORM_SPECIAL",
      "Segments": [
        0,
        0,
        0,
        7.73,
        0
      ]
    },
    {
      "Target": "Parameter",
      "Id": "PARAM_MOUTH_Y",
      "Segments": [
        0,
        0,
        0,
        7.73,
        0
      ]
    },
    {
      "Target": "Parameter",
      "Id": "PARAM_TERE2",
      "Segments": [
        0,
        0,
        0,
        7.73,
        0
      ]
    },
    {
      "Target": "Parameter",
      "Id": "PARAM_WATER",
      "Segments": [
        0,
        0,
        0,
        7.73,
        0
      ]
    },
    {
      "Target": "Parameter",
      "Id": "PARAM_HAN",
      "Segments": [
        0,
        0,
        0,
        7.73,
        0
      ]
    },
    {
      "Target": "Parameter",
      "Id": "PARAM_ANGRY",
      "Segments": [
        0,
        0,
        0,
        7.73,
        0
      ]
    },
    {
      "Target": "Parameter",
      "Id": "PARAM_LIANHEIXIAN",
      "Segments": [
        0,
        0,
        0,
        7.73,
        0
      ]
    },
    {
      "Target": "Parameter",
      "Id": "PARAM_HEIXIAN",
      "Segments": [
        0,
        0,
        0,
        7.73,
        0
      ]
    },
    {
      "Target": "Parameter",
      "Id": "PARAM_YINYING",
      "Segments": [
        0,
        0,
        0,
        7.73,
        0
      ]
    },
    {
      "Target": "Parameter",
      "Id": "PARAM_TANQI",
      "Segments": [
        0,
        0,
        0,
        7.73,
        0
      ]
    },
    {
      "Target": "Parameter",
      "Id": "PARAM_ZHAMAO",
      "Segments": [
        0,
        0,
        0,
        7.73,
        0
      ]
    },
    {
      "Target": "Parameter",
      "Id": "PARAM_RU_X",
      "Segments": [
        0,
        0,
        0,
        7.73,
        0
      ]
    },
    {
      "Target": "Parameter",
      "Id": "PARAM_RU_Y",
      "Segments": [
        0,
        0,
        0,
        7.73,
        0
      ]
    },
    {
      "Target": "Parameter",
      "Id": "PARAM_HAIR_FRONT",
      "Segments": [
        0,
        0,
        0,
        7.73,
        0
      ]
    },
    {
      "Target": "Parameter",
      "Id": "PARAM_HAIR_FROUT_2",
      "Segments": [
        0,
        0,
        0,
        7.73,
        0
      ]
    },
    {
      "Target": "Parameter",
      "Id": "PARAM_HAIR_FROUT_WAVE",
      "Segments": [
        0,
        0,
        0,
        7.73,
        0
      ]
    },
    {
      "Target": "Parameter",
      "Id": "PARAM_HAIR_SIDE_R",
      "Segments": [
        0,
        0,
        0,
        7.73,
        0
      ]
    },
    {
      "Target": "Parameter",
      "Id": "PARAM_HAIR_SIDE_R2",
      "Segments": [
        0,
        0,
        0,
        7.73,
        0
      ]
    },
    {
      "Target": "Parameter",
      "Id": "PARAM_HAIR_SIDE_WAVE",
      "Segments": [
        0,
        0,
        0,
        7.73,
        0
      ]
    },
    {
      "Target": "Parameter",
      "Id": "PARAM_HAIR_SIDE_R3",
      "Segments": [
        0,
        0,
        0,
        7.73,
        0
      ]
    },
    {
      "Target": "Parameter",
      "Id": "PARAM_HAIR_SIDE_L",
      "Segments": [
        0,
        0,
        0,
        7.73,
        0
      ]
    },
    {
      "Target": "Parameter",
      "Id": "PARAM_HAIR_SIDE_L3",
      "Segments": [
        0,
        0,
        0,
        7.73,
        0
      ]
    },
    {
      "Target": "Parameter",
      "Id": "PARAM_HAIR_BACK_WAVE",
      "Segments": [
        0,
        0,
        0,
        7.73,
        0
      ]
    },
    {
      "Target": "Parameter",
      "Id": "PARAM_XIANQUNZI_1",
      "Segments": [
        0,
        0,
        0,
        7.73,
        0
      ]
    },
    {
      "Target": "Parameter",
      "Id": "PARAM_XIANQUNZI_2",
      "Segments": [
        0,
        0,
        0,
        7.73,
        0
      ]
    },
    {
      "Target": "Parameter",
      "Id": "PARAM_YICENGQUN_YIDUAN_SHAKE",
      "Segments": [
        0,
        0,
        0,
        7.73,
        0
      ]
    },
    {
      "Target": "Parameter",
      "Id": "PARAM_PARAM_YICENGQUN_ERDUAN_SHAKE",
      "Segments": [
        0,
        0,
        0,
        7.73,
        0
      ]
    },
    {
      "Target": "Parameter",
      "Id": "PARAM_YICENGSHA_1DUAN_SHAKE",
      "Segments": [
        0,
        0,
        0,
        7.73,
        0
      ]
    },
    {
      "Target": "Parameter",
      "Id": "PARAM_YICESHA_2DUAN_SHAKE",
      "Segments": [
        0,
        0,
        0,
        7.73,
        0
      ]
    },
    {
      "Target": "Parameter",
      "Id": "PARAM_ERCENGSHA_1DUAN_SHAKE",
      "Segments": [
        0,
        0,
        0,
        7.73,
        0
      ]
    },
    {
      "Target": "Parameter",
      "Id": "PARAM_ERCENGSAHA_2DUAN_SHAKE",
      "Segments": [
        0,
        0,
        0,
        7.73,
        0
      ]
    }
  ],
  "UserData": []
}