{
  "Version": 3,
  "Meta": {
    "Duration": 7.0,
    "Fps": 30.0,
    "Loop": true,
    "AreBeziersRestricted": true,
    "CurveCount": 134,
    "TotalSegmentCount": 607,
    "TotalPointCount": 699,
    "UserDataCount": 0,
    "TotalUserDataSize": 0
  },
  "Curves": [
    {
      "Target": "Parameter",
      "Id": "PARAM_ANGLE_X",
      "Segments": [
        0,
        -4,
        0,
        0.133,
        -1,
        1,
        0.178,
        -1,
        0.222,
        -5.283,
        0.267,
        -8,
        1,
        0.356,
        -13.435,
        0.444,
        -14.86,
        0.533,
        -14.86,
        0,
        0.867,
        -8,
        0,
        1.233,
        -14.86,
        0,
        1.6,
        -8,
        0,
        1.967,
        -14.86,
        0,
        2.333,
        -8,
        2,
        3.5,
        -8,
        0,
        4,
        0,
        0,
        4.167,
        -16,
        0,
        4.333,
        -2.07,
        0,
        4.5,
        -14.04,
        0,
        4.667,
        -4,
        0,
        4.833,
        -12,
        1,
        4.944,
        -12,
        5.056,
        -11.595,
        5.167,
        -9.901,
        1,
        5.2,
        -9.393,
        5.234,
        -6,
        5.267,
        -6,
        0,
        5.433,
        -10,
        0,
        5.6,
        -8,
        2,
        6,
        -8,
        2,
        6.5,
        -8,
        0,
        7,
        -4
      ]
    },
    {
      "Target": "Parameter",
      "Id": "PARAM_ANGLE_Y",
      "Segments": [
        0,
        -8,
        0,
        0.267,
        -30,
        2,
        1.967,
        -30,
        0,
        2.667,
        -13,
        2,
        2.833,
        -13,
        2,
        4,
        -13,
        0,
        4.833,
        30,
        2,
        5.167,
        30,
        2,
        5.6,
        30,
        0,
        6,
        -30,
        2,
        6.5,
        -30,
        0,
        7,
        -8
      ]
    },
    {
      "Target": "Parameter",
      "Id": "PARAM_ANGLE_Z",
      "Segments": [
        0,
        -8,
        2,
        3.5,
        -8,
        0,
        4,
        -4,
        2,
        5.167,
        -4,
        2,
        5.6,
        -4,
        0,
        6,
        0,
        2,
        6.5,
        0,
        0,
        7,
        -8
      ]
    },
    {
      "Target": "Parameter",
      "Id": "PARAM_BODY_ANGLE_X",
      "Segments": [
        0,
        -0.047,
        0,
        0.267,
        -4,
        1,
        0.356,
        -4,
        0.444,
        -0.813,
        0.533,
        0,
        1,
        0.644,
        1.016,
        0.756,
        1,
        0.867,
        1,
        0,
        1.233,
        0,
        0,
        1.6,
        1,
        0,
        1.967,
        0,
        0,
        2.333,
        2,
        0,
        2.667,
        0,
        2,
        3.5,
        0,
        2,
        4,
        0,
        2,
        5.167,
        0,
        2,
        5.6,
        0,
        2,
        6,
        0,
        2,
        6.5,
        0,
        0,
        7,
        -0.047
      ]
    },
    {
      "Target": "Parameter",
      "Id": "PARAM_BODY_ANGLE_Y",
      "Segments": [
        0,
        0,
        1,
        0.722,
        0,
        1.445,
        0.096,
        2.167,
        0.506,
        1,
        2.334,
        0.601,
        2.5,
        3.225,
        2.667,
        5,
        1,
        2.945,
        7.959,
        3.222,
        10,
        3.5,
        10,
        0,
        4,
        0,
        0,
        4.833,
        10,
        2,
        5.167,
        10,
        2,
        5.6,
        10,
        0,
        6,
        0,
        2,
        6.5,
        0,
        2,
        7,
        0
      ]
    },
    {
      "Target": "Parameter",
      "Id": "PARAM_BODY_ANGLE_Z",
      "Segments": [
        0,
        0,
        0,
        0.867,
        0.5,
        0,
        1.233,
        0,
        0,
        1.6,
        0.5,
        0,
        1.967,
        0,
        0,
        2.333,
        0.5,
        0,
        2.667,
        0,
        2,
        3.5,
        0,
        2,
        4,
        0,
        0,
        4.833,
        4,
        0,
        5.267,
        3.612,
        2,
        5.6,
        3.612,
        1,
        5.9,
        3.612,
        6.2,
        2.499,
        6.5,
        1,
        1,
        6.667,
        0.167,
        6.833,
        0,
        7,
        0
      ]
    },
    {
      "Target": "Parameter",
      "Id": "PARAM_UPPER_BODY",
      "Segments": [
        0,
        0,
        0,
        0.867,
        0.5,
        0,
        1.233,
        0,
        0,
        1.6,
        0.5,
        0,
        1.967,
        0,
        0,
        2.333,
        0.5,
        0,
        2.667,
        0,
        2,
        3.5,
        0,
        2,
        4,
        0,
        1,
        4.278,
        0,
        4.555,
        -0.602,
        4.833,
        -1,
        1,
        4.944,
        -1.159,
        5.056,
        -1.119,
        5.167,
        -1.119,
        2,
        5.6,
        -1.119,
        0,
        6.5,
        -2,
        0,
        7,
        0
      ]
    },
    {
      "Target": "Parameter",
      "Id": "PARAM_LEFT_ARM",
      "Segments": [
        0,
        0.349,
        0,
        0.4,
        1,
        2,
        0.933,
        1,
        0,
        1.3,
        0.942,
        0,
        1.667,
        1,
        0,
        2.033,
        0.942,
        0,
        2.333,
        1,
        0,
        2.767,
        0.942,
        2,
        3.5,
        0.942,
        0,
        4,
        0.259,
        2,
        5.6,
        0.259,
        2,
        6,
        0.259,
        2,
        6.5,
        0.259,
        0,
        7,
        0.349
      ]
    },
    {
      "Target": "Parameter",
      "Id": "PARAM_ARM_L",
      "Segments": [
        0,
        -1,
        1,
        0.133,
        -1,
        0.267,
        3.223,
        0.4,
        3.296,
        1,
        0.578,
        3.393,
        0.755,
        3.38,
        0.933,
        3.38,
        0,
        1.3,
        3.349,
        0,
        1.667,
        3.38,
        1,
        1.789,
        3.38,
        1.911,
        3.38,
        2.033,
        3.349,
        1,
        2.133,
        3.324,
        2.233,
        3.254,
        2.333,
        3.254,
        0,
        2.767,
        3.349,
        2,
        3.5,
        3.349,
        1,
        3.667,
        3.349,
        3.833,
        3.281,
        4,
        3.25,
        1,
        4.533,
        3.152,
        5.067,
        3.124,
        5.6,
        3.124,
        2,
        6,
        3.124,
        2,
        6.5,
        3.124,
        0,
        7,
        -1
      ]
    },
    {
      "Target": "Parameter",
      "Id": "PARAM_ARM_L_TOUSHI2",
      "Segments": [
        0,
        0,
        0,
        0.4,
        0.637,
        2,
        3.5,
        0.637,
        0,
        4,
        0.6,
        0,
        5.6,
        0.778,
        1,
        5.733,
        0.778,
        5.867,
        0.363,
        6,
        0.278,
        1,
        6.167,
        0.171,
        6.333,
        0.136,
        6.5,
        0.078,
        1,
        6.667,
        0.019,
        6.833,
        0,
        7,
        0
      ]
    },
    {
      "Target": "Parameter",
      "Id": "PARAM_TOUSHI_L",
      "Segments": [
        0,
        0,
        0,
        0.4,
        1,
        2,
        3.5,
        1,
        0,
        4,
        0.8,
        2,
        5.6,
        0.8,
        2,
        6,
        0.8,
        2,
        6.5,
        0.8,
        0,
        7,
        0
      ]
    },
    {
      "Target": "Parameter",
      "Id": "PARAM_ARM_L_02",
      "Segments": [
        0,
        0.9,
        0,
        0.4,
        1,
        2,
        0.933,
        1,
        2,
        2.033,
        1,
        0,
        2.333,
        0.974,
        0,
        3.5,
        1,
        1,
        3.667,
        1,
        3.833,
        0.548,
        4,
        0.489,
        1,
        4.533,
        0.301,
        5.067,
        0.265,
        5.6,
        0.265,
        2,
        6,
        0.265,
        2,
        6.5,
        0.265,
        0,
        7,
        0.9
      ]
    },
    {
      "Target": "Parameter",
      "Id": "PARAM_HAND_L",
      "Segments": [
        0,
        0,
        2,
        0.167,
        0,
        2,
        0.2,
        0,
        2,
        3.833,
        0,
        0,
        3.867,
        0.5,
        2,
        5.6,
        0.5,
        2,
        6,
        0.5,
        2,
        6.5,
        0.5,
        2,
        6.7,
        0.5,
        0,
        6.733,
        0,
        2,
        7,
        0
      ]
    },
    {
      "Target": "Parameter",
      "Id": "PARAM_HAND_L2",
      "Segments": [
        0,
        0,
        2,
        0.167,
        0,
        2,
        0.2,
        1,
        2,
        3.833,
        1,
        2,
        3.867,
        1,
        2,
        5.6,
        1,
        2,
        6,
        1,
        2,
        6.5,
        1,
        2,
        6.7,
        1,
        2,
        6.733,
        0,
        2,
        7,
        0
      ]
    },
    {
      "Target": "Parameter",
      "Id": "PARAM_HAND_L_02",
      "Segments": [
        0,
        0,
        2,
        0.4,
        0,
        0,
        0.567,
        0.5,
        2,
        2.867,
        0.5,
        1,
        3.078,
        0.5,
        3.289,
        0.455,
        3.5,
        0,
        1,
        3.667,
        -0.359,
        3.833,
        -1,
        4,
        -1,
        2,
        5.6,
        -1,
        2,
        6,
        -1,
        2,
        6.5,
        -1,
        0,
        7,
        0
      ]
    },
    {
      "Target": "Parameter",
      "Id": "PARAM_HAND_L_LEVEL",
      "Segments": [
        0,
        0,
        2,
        0.033,
        1,
        2,
        2,
        1,
        2,
        3.5,
        1,
        2,
        4,
        1,
        2,
        5.6,
        1,
        2,
        6,
        1,
        2,
        6.5,
        1,
        2,
        6.9,
        1,
        0,
        7,
        0
      ]
    },
    {
      "Target": "Parameter",
      "Id": "PARAM_TANGDIE",
      "Segments": [
        0,
        0,
        2,
        0.133,
        0,
        0,
        0.567,
        1,
        2,
        1.267,
        1,
        2,
        2,
        1,
        2,
        3.5,
        1,
        2,
        5.6,
        1,
        2,
        6,
        1,
        2,
        6.5,
        1,
        0,
        7,
        0
      ]
    },
    {
      "Target": "Parameter",
      "Id": "PARAM_RIGHT_ARM",
      "Segments": [
        0,
        0,
        1,
        0.044,
        0,
        0.089,
        0.137,
        0.133,
        0.142,
        1,
        0.278,
        0.156,
        0.422,
        0.157,
        0.567,
        0.175,
        1,
        0.678,
        0.189,
        0.789,
        0.327,
        0.9,
        0.327,
        0,
        1.267,
        0.175,
        0,
        1.633,
        0.327,
        0,
        2,
        0.175,
        0,
        2.367,
        0.226,
        0,
        3.5,
        0.175,
        0,
        4,
        0.719,
        2,
        5.6,
        0.719,
        2,
        6,
        0.719,
        2,
        6.5,
        0.719,
        0,
        7,
        0
      ]
    },
    {
      "Target": "Parameter",
      "Id": "PARAM_ARM_R",
      "Segments": [
        0,
        2.28,
        0,
        0.133,
        2.279,
        0,
        0.567,
        4.521,
        0,
        0.9,
        4.326,
        0,
        1.267,
        4.596,
        0,
        1.633,
        4.326,
        0,
        2,
        4.497,
        0,
        2.367,
        4.316,
        0,
        2.7,
        4.541,
        2,
        2.867,
        4.541,
        2,
        3.5,
        4.541,
        1,
        3.667,
        4.541,
        3.833,
        3.836,
        4,
        3.815,
        1,
        4.533,
        3.75,
        5.067,
        3.74,
        5.6,
        3.74,
        2,
        6,
        3.74,
        2,
        6.5,
        3.74,
        0,
        7,
        2.28
      ]
    },
    {
      "Target": "Parameter",
      "Id": "PARAM_ARM_R_TOUSHI2",
      "Segments": [
        0,
        0,
        2,
        0.133,
        0,
        0,
        0.567,
        0.681,
        2,
        1.267,
        0.681,
        2,
        2,
        0.681,
        2,
        3.5,
        0.681,
        0,
        4,
        0.656,
        0,
        5.6,
        1,
        1,
        5.733,
        1,
        5.867,
        0.585,
        6,
        0.5,
        1,
        6.167,
        0.394,
        6.333,
        0.4,
        6.5,
        0.3,
        1,
        6.667,
        0.2,
        6.833,
        0,
        7,
        0
      ]
    },
    {
      "Target": "Parameter",
      "Id": "PARAM_TOUSHI_R",
      "Segments": [
        0,
        0.285,
        0,
        0.133,
        0.282,
        2,
        0.567,
        0.282,
        2,
        1.267,
        0.282,
        0,
        2,
        0.425,
        0,
        3.5,
        0.342,
        0,
        4,
        0.7,
        2,
        5.6,
        0.7,
        2,
        6,
        0.7,
        2,
        6.5,
        0.7,
        0,
        7,
        0.285
      ]
    },
    {
      "Target": "Parameter",
      "Id": "PARAM_ARM_R_02",
      "Segments": [
        0,
        -1,
        0,
        0.133,
        0.595,
        1,
        0.278,
        0.595,
        0.422,
        0.397,
        0.567,
        0.333,
        1,
        0.678,
        0.284,
        0.789,
        0.293,
        0.9,
        0.293,
        0,
        1.267,
        0.513,
        0,
        1.633,
        0.383,
        0,
        2,
        0.465,
        1,
        2.122,
        0.465,
        2.245,
        0.467,
        2.367,
        0.361,
        1,
        2.478,
        0.265,
        2.589,
        0.01,
        2.7,
        0.01,
        2,
        2.867,
        0.01,
        2,
        3.5,
        0.01,
        0,
        5.6,
        -0.094,
        2,
        6,
        -0.094,
        2,
        6.5,
        -0.094,
        0,
        7,
        -1
      ]
    },
    {
      "Target": "Parameter",
      "Id": "PARAM_HAND_R",
      "Segments": [
        0,
        0,
        2,
        0.133,
        0,
        0,
        0.167,
        0.5,
        2,
        0.567,
        0.5,
        2,
        1.267,
        0.5,
        2,
        2,
        0.5,
        2,
        3.5,
        0.5,
        2,
        4,
        0.5,
        2,
        5.6,
        0.5,
        2,
        6,
        0.5,
        2,
        6.5,
        0.5,
        2,
        6.667,
        0.5,
        0,
        6.7,
        0,
        2,
        7,
        0
      ]
    },
    {
      "Target": "Parameter",
      "Id": "PARAM_HAND_R2",
      "Segments": [
        0,
        0,
        2,
        0.133,
        0,
        2,
        0.167,
        1,
        2,
        0.567,
        1,
        2,
        1.267,
        1,
        2,
        2,
        1,
        2,
        3.5,
        1,
        2,
        4,
        1,
        2,
        5.6,
        1,
        2,
        6,
        1,
        2,
        6.5,
        1,
        2,
        6.667,
        1,
        2,
        6.7,
        0,
        2,
        7,
        0
      ]
    },
    {
      "Target": "Parameter",
      "Id": "PARAM_HAND_R_02",
      "Segments": [
        0,
        0,
        0,
        0.133,
        -1,
        2,
        0.567,
        -1,
        2,
        1.267,
        -1,
        2,
        2,
        -1,
        2,
        3.5,
        -1,
        2,
        4,
        -1,
        2,
        5.6,
        -1,
        2,
        6,
        -1,
        2,
        6.5,
        -1,
        0,
        7,
        0
      ]
    },
    {
      "Target": "Parameter",
      "Id": "PARAM_SHAOZI",
      "Segments": [
        0,
        0,
        2,
        0.4,
        0,
        0,
        0.533,
        1,
        2,
        1.233,
        1,
        2,
        1.967,
        1,
        2,
        2,
        1,
        2,
        3.667,
        1,
        2,
        3.7,
        0,
        2,
        4,
        0,
        2,
        5.6,
        0,
        2,
        6,
        0,
        2,
        6.5,
        0,
        2,
        7,
        0
      ]
    },
    {
      "Target": "Parameter",
      "Id": "PARAM_SHAOZI_MOVE",
      "Segments": [
        0,
        0,
        0,
        0.4,
        -1,
        2,
        0.533,
        -1,
        2,
        0.867,
        -1,
        2,
        1.233,
        -1,
        2,
        1.6,
        -1,
        2,
        1.967,
        -1,
        1,
        2.2,
        -1,
        2.434,
        -0.092,
        2.667,
        0.6,
        1,
        2.722,
        0.765,
        2.778,
        0.7,
        2.833,
        0.7,
        2,
        3.5,
        0.7,
        0,
        5.6,
        1,
        2,
        6,
        1,
        2,
        6.5,
        1,
        0,
        7,
        0
      ]
    },
    {
      "Target": "Parameter",
      "Id": "PARAM_SHAOZI_MOVE_01",
      "Segments": [
        0,
        0,
        0,
        0.533,
        1,
        0,
        0.867,
        -1,
        0,
        1.233,
        1,
        2,
        1.6,
        1,
        0,
        1.967,
        -0.5,
        0,
        2.333,
        1,
        2,
        2.667,
        1,
        2,
        3.5,
        1,
        2,
        5.6,
        1,
        2,
        6,
        1,
        2,
        6.5,
        1,
        0,
        7,
        0
      ]
    },
    {
      "Target": "Parameter",
      "Id": "PARAM_SOUP",
      "Segments": [
        0,
        0,
        2,
        0.4,
        0,
        2,
        0.867,
        0,
        2,
        1.6,
        0,
        2,
        1.967,
        0,
        0,
        2.333,
        1,
        2,
        3.5,
        1,
        0,
        5.6,
        0,
        2,
        6,
        0,
        2,
        6.5,
        0,
        2,
        7,
        0
      ]
    },
    {
      "Target": "Parameter",
      "Id": "PARAM_EYE_L_OPEN",
      "Segments": [
        0,
        1,
        0,
        0.167,
        0,
        1,
        0.222,
        0,
        0.278,
        0.894,
        0.333,
        0.9,
        1,
        1.055,
        0.972,
        1.778,
        1,
        2.5,
        1,
        0,
        2.667,
        0,
        2,
        2.833,
        0,
        2,
        3.5,
        0,
        2,
        3.833,
        0,
        2,
        5.167,
        0,
        2,
        5.6,
        0,
        2,
        6,
        0,
        2,
        6.5,
        0,
        0,
        7,
        1
      ]
    },
    {
      "Target": "Parameter",
      "Id": "PARAM_EYE_L_FORM",
      "Segments": [
        0,
        0.5,
        2,
        2.5,
        0.5,
        2,
        3.5,
        0.5,
        0,
        3.833,
        1,
        2,
        5.167,
        1,
        2,
        5.6,
        1,
        2,
        6,
        1,
        2,
        6.5,
        1,
        0,
        7,
        0.5
      ]
    },
    {
      "Target": "Parameter",
      "Id": "PARAM_EYE_R_OPEN",
      "Segments": [
        0,
        1,
        0,
        0.167,
        0,
        1,
        0.222,
        0,
        0.278,
        0.894,
        0.333,
        0.9,
        1,
        1.055,
        0.972,
        1.778,
        1,
        2.5,
        1,
        0,
        2.667,
        0,
        2,
        2.833,
        0,
        2,
        3.5,
        0,
        2,
        3.833,
        0,
        2,
        5.167,
        0,
        2,
        5.6,
        0,
        2,
        6,
        0,
        2,
        6.5,
        0,
        0,
        7,
        1
      ]
    },
    {
      "Target": "Parameter",
      "Id": "PARAM_EYE_R_FORM",
      "Segments": [
        0,
        0.5,
        2,
        3.5,
        0.5,
        0,
        3.833,
        1,
        2,
        5.167,
        1,
        2,
        5.6,
        1,
        2,
        6,
        1,
        2,
        6.5,
        1,
        0,
        7,
        0.5
      ]
    },
    {
      "Target": "Parameter",
      "Id": "PARAM_EYE_BALL_X",
      "Segments": [
        0,
        0,
        0,
        3.5,
        0.31,
        0,
        5.167,
        -0.4,
        2,
        5.6,
        -0.4,
        2,
        6,
        -0.4,
        2,
        6.5,
        -0.4,
        0,
        7,
        0
      ]
    },
    {
      "Target": "Parameter",
      "Id": "PARAM_EYE_BALL_Y",
      "Segments": [
        0,
        0,
        0,
        0.267,
        -1,
        2,
        3.5,
        -1,
        2,
        5.167,
        -1,
        2,
        5.6,
        -1,
        2,
        6,
        -1,
        2,
        6.5,
        -1,
        0,
        7,
        0
      ]
    },
    {
      "Target": "Parameter",
      "Id": "PARAM_EYE_BALL_KIRAKIRA",
      "Segments": [
        0,
        0,
        0,
        0.333,
        1,
        2,
        2.667,
        1,
        0,
        2.833,
        0,
        2,
        3.5,
        0,
        2,
        5.167,
        0,
        2,
        5.6,
        0,
        2,
        6,
        0,
        2,
        6.5,
        0,
        2,
        7,
        0
      ]
    },
    {
      "Target": "Parameter",
      "Id": "PARAM_EYE_kira_R2",
      "Segments": [
        0,
        0.5,
        2,
        3.5,
        0.5,
        0,
        5.167,
        1,
        2,
        5.6,
        1,
        2,
        6,
        1,
        2,
        6.5,
        1,
        0,
        7,
        0.5
      ]
    },
    {
      "Target": "Parameter",
      "Id": "PARAM_EYE_kira_L2",
      "Segments": [
        0,
        0.5,
        2,
        3.5,
        0.5,
        0,
        5.167,
        0,
        2,
        5.6,
        0,
        2,
        6,
        0,
        2,
        6.5,
        0,
        0,
        7,
        0.5
      ]
    },
    {
      "Target": "Parameter",
      "Id": "PARAM_BROW_L_Y",
      "Segments": [
        0,
        0,
        0,
        0.167,
        -1,
        0,
        0.333,
        0,
        2,
        2.5,
        0,
        0,
        2.667,
        -1,
        2,
        2.833,
        -1,
        2,
        3.5,
        -1,
        2,
        4.033,
        -1,
        0,
        4.867,
        0,
        2,
        5.167,
        0,
        2,
        5.6,
        0,
        2,
        6,
        0,
        2,
        6.5,
        0,
        2,
        7,
        0
      ]
    },
    {
      "Target": "Parameter",
      "Id": "PARAM_BROW_R_Y",
      "Segments": [
        0,
        0,
        0,
        0.167,
        -1,
        0,
        0.333,
        0,
        2,
        2.5,
        0,
        0,
        2.667,
        -1,
        2,
        2.833,
        -1,
        2,
        3.5,
        -1,
        2,
        4.033,
        -1,
        0,
        4.867,
        0,
        2,
        5.167,
        0,
        2,
        5.6,
        0,
        2,
        6,
        0,
        2,
        6.5,
        0,
        2,
        7,
        0
      ]
    },
    {
      "Target": "Parameter",
      "Id": "PARAM_BROW_L_ANGLE",
      "Segments": [
        0,
        0,
        2,
        3.5,
        0,
        2,
        4.167,
        0,
        0,
        4.867,
        0.5,
        2,
        5.167,
        0.5,
        2,
        5.6,
        0.5,
        2,
        6,
        0.5,
        2,
        6.5,
        0.5,
        0,
        7,
        0
      ]
    },
    {
      "Target": "Parameter",
      "Id": "PARAM_BROW_R_ANGLE",
      "Segments": [
        0,
        0,
        2,
        3.5,
        0,
        2,
        4.167,
        0,
        0,
        4.867,
        0.5,
        2,
        5.167,
        0.5,
        2,
        5.6,
        0.5,
        2,
        6,
        0.5,
        2,
        6.5,
        0.5,
        0,
        7,
        0
      ]
    },
    {
      "Target": "Parameter",
      "Id": "PARAM_BROW_L_FORM",
      "Segments": [
        0,
        0.5,
        0,
        3.5,
        0,
        0,
        4.167,
        0.5,
        0,
        4.867,
        -0.3,
        2,
        5.167,
        -0.3,
        2,
        5.6,
        -0.3,
        2,
        6,
        -0.3,
        2,
        6.5,
        -0.3,
        0,
        7,
        0.5
      ]
    },
    {
      "Target": "Parameter",
      "Id": "PARAM_BROW_R_FORM",
      "Segments": [
        0,
        0.5,
        0,
        3.5,
        0,
        0,
        4.167,
        0.5,
        0,
        4.867,
        -0.3,
        2,
        5.167,
        -0.3,
        2,
        5.6,
        -0.3,
        2,
        6,
        -0.3,
        2,
        6.5,
        -0.3,
        0,
        7,
        0.5
      ]
    },
    {
      "Target": "Parameter",
      "Id": "PARAM_MOUTH_OPEN",
      "Segments": [
        0,
        1.5,
        2,
        2.667,
        1.5,
        2,
        2.833,
        1.5,
        0,
        3,
        0.1,
        0,
        3.167,
        0.6,
        0,
        3.333,
        0,
        1,
        3.389,
        0,
        3.444,
        0.158,
        3.5,
        0.6,
        1,
        3.611,
        1.484,
        3.722,
        2,
        3.833,
        2,
        0,
        4.167,
        0,
        2,
        5.167,
        0,
        2,
        5.6,
        0,
        0,
        6,
        2,
        2,
        6.5,
        2,
        0,
        7,
        1.5
      ]
    },
    {
      "Target": "Parameter",
      "Id": "PARAM_MOUTH_FORM",
      "Segments": [
        0,
        -1,
        2,
        2.667,
        -1,
        2,
        2.833,
        -1,
        0,
        3,
        -0.4,
        2,
        3.5,
        -0.4,
        0,
        3.833,
        -1,
        2,
        4.167,
        -1,
        2,
        5.167,
        -1,
        2,
        5.6,
        -1,
        2,
        6,
        -1,
        2,
        6.5,
        -1,
        2,
        7,
        -1
      ]
    },
    {
      "Target": "Parameter",
      "Id": "PARAM_MOUTH_SIZE",
      "Segments": [
        0,
        -0.5,
        0,
        2.833,
        -1,
        2,
        3,
        -1,
        2,
        3.5,
        -1,
        0,
        5.167,
        0,
        2,
        5.6,
        0,
        0,
        6,
        -1,
        2,
        6.5,
        -1,
        0,
        7,
        -0.5
      ]
    },
    {
      "Target": "Parameter",
      "Id": "PARAM_MOUTH_X",
      "Segments": [
        0,
        0,
        2,
        3.5,
        0,
        2,
        4,
        0,
        2,
        5.167,
        0,
        2,
        5.6,
        0,
        0,
        6,
        -0.2,
        2,
        6.5,
        -0.2,
        0,
        7,
        0
      ]
    },
    {
      "Target": "Parameter",
      "Id": "PARAM_MOUTH_Y",
      "Segments": [
        0,
        0,
        2,
        3.5,
        0,
        2,
        4,
        0,
        2,
        5.167,
        0,
        0,
        5.6,
        0.1,
        0,
        6,
        -0.1,
        2,
        6.5,
        -0.1,
        0,
        7,
        0
      ]
    },
    {
      "Target": "Parameter",
      "Id": "PARAM_TERE",
      "Segments": [
        0,
        0.6,
        2,
        3.5,
        0.6,
        0,
        3.833,
        1,
        2,
        5.167,
        1,
        2,
        5.6,
        1,
        2,
        6,
        1,
        2,
        6.5,
        1,
        0,
        7,
        0.6
      ]
    },
    {
      "Target": "Parameter",
      "Id": "PARAM_BREATH",
      "Segments": [
        0,
        0,
        2,
        3.5,
        0,
        0,
        5.167,
        0.057,
        0,
        5.6,
        0,
        2,
        6,
        0,
        2,
        6.5,
        0,
        2,
        7,
        0
      ]
    },
    {
      "Target": "PartOpacity",
      "Id": "PARTS_GUDIAN",
      "Segments": [
        0,
        1,
        2,
        7,
        1
      ]
    },
    {
      "Target": "PartOpacity",
      "Id": "PARTS_01_ARM_L_01",
      "Segments": [
        0,
        1,
        2,
        7,
        1
      ]
    },
    {
      "Target": "PartOpacity",
      "Id": "PARTS_01_ARM_R_01",
      "Segments": [
        0,
        1,
        2,
        7,
        1
      ]
    },
    {
      "Target": "PartOpacity",
      "Id": "PARTS_01_BODY",
      "Segments": [
        0,
        1,
        2,
        7,
        1
      ]
    },
    {
      "Target": "PartOpacity",
      "Id": "PARTS_01_NECK",
      "Segments": [
        0,
        1,
        2,
        7,
        1
      ]
    },
    {
      "Target": "PartOpacity",
      "Id": "PARTS_01_HAIR_BACK_001",
      "Segments": [
        0,
        1,
        2,
        7,
        1
      ]
    },
    {
      "Target": "PartOpacity",
      "Id": "PARTS_01_HAIR_SIDE_001",
      "Segments": [
        0,
        1,
        2,
        7,
        1
      ]
    },
    {
      "Target": "PartOpacity",
      "Id": "PARTS_01_HAIR_FRONT_001",
      "Segments": [
        0,
        1,
        2,
        7,
        1
      ]
    },
    {
      "Target": "PartOpacity",
      "Id": "PARTS_01_EAR_001",
      "Segments": [
        0,
        1,
        2,
        7,
        1
      ]
    },
    {
      "Target": "PartOpacity",
      "Id": "PARTS_01_NOSE_001",
      "Segments": [
        0,
        1,
        2,
        7,
        1
      ]
    },
    {
      "Target": "PartOpacity",
      "Id": "PARTS_01_MOUTH_001",
      "Segments": [
        0,
        1,
        2,
        7,
        1
      ]
    },
    {
      "Target": "PartOpacity",
      "Id": "PARTS_01_BROW_001",
      "Segments": [
        0,
        1,
        2,
        7,
        1
      ]
    },
    {
      "Target": "PartOpacity",
      "Id": "PARTS_01_EYE_BALL_001",
      "Segments": [
        0,
        1,
        2,
        7,
        1
      ]
    },
    {
      "Target": "PartOpacity",
      "Id": "PARTS_01_EYE_001",
      "Segments": [
        0,
        1,
        2,
        7,
        1
      ]
    },
    {
      "Target": "PartOpacity",
      "Id": "PARTS_01_FACE_001",
      "Segments": [
        0,
        1,
        2,
        7,
        1
      ]
    },
    {
      "Target": "PartOpacity",
      "Id": "ROUGH",
      "Segments": [
        0,
        1,
        2,
        7,
        1
      ]
    },
    {
      "Target": "Model",
      "Id": "Opacity",
      "Segments": [
        0,
        1,
        0,
        7,
        1
      ]
    },
    {
      "Target": "Parameter",
      "Id": "PARAM_LEFT_ARM_TAI",
      "Segments": [
        0,
        0,
        0,
        7,
        0
      ]
    },
    {
      "Target": "Parameter",
      "Id": "PARAM_RIGHT_ARM_TAI",
      "Segments": [
        0,
        0.5,
        0,
        7,
        0.5
      ]
    },
    {
      "Target": "Parameter",
      "Id": "PARAM_HAND_R_LEVEL",
      "Segments": [
        0,
        1,
        0,
        7,
        1
      ]
    },
    {
      "Target": "Parameter",
      "Id": "PARAM_YIFU",
      "Segments": [
        0,
        0,
        0,
        7,
        0
      ]
    },
    {
      "Target": "Parameter",
      "Id": "PARAM_CHICKEN",
      "Segments": [
        0,
        0,
        0,
        7,
        0
      ]
    },
    {
      "Target": "Parameter",
      "Id": "PARAM_CHICKEN_MOVE",
      "Segments": [
        0,
        0,
        0,
        7,
        0
      ]
    },
    {
      "Target": "Parameter",
      "Id": "PARAM_BANSHOU",
      "Segments": [
        0,
        0,
        0,
        7,
        0
      ]
    },
    {
      "Target": "Parameter",
      "Id": "PARAM_BANSHOU_MOVE",
      "Segments": [
        0,
        0,
        0,
        7,
        0
      ]
    },
    {
      "Target": "Parameter",
      "Id": "PARAM_BANSHOU_MOVE_01",
      "Segments": [
        0,
        0,
        0,
        7,
        0
      ]
    },
    {
      "Target": "Parameter",
      "Id": "PARAM_JITA_CHUXIAN",
      "Segments": [
        0,
        0,
        0,
        7,
        0
      ]
    },
    {
      "Target": "Parameter",
      "Id": "PARAM_JITA_LEVEL",
      "Segments": [
        0,
        0,
        0,
        7,
        0
      ]
    },
    {
      "Target": "Parameter",
      "Id": "PARAM_JITA_MOVE_X",
      "Segments": [
        0,
        0,
        0,
        7,
        0
      ]
    },
    {
      "Target": "Parameter",
      "Id": "PARAM_JITA_MOVE_Y",
      "Segments": [
        0,
        0,
        0,
        7,
        0
      ]
    },
    {
      "Target": "Parameter",
      "Id": "PARAM_JITA_Z",
      "Segments": [
        0,
        0,
        0,
        7,
        0
      ]
    },
    {
      "Target": "Parameter",
      "Id": "PARAM_JITA_X",
      "Segments": [
        0,
        0,
        0,
        7,
        0
      ]
    },
    {
      "Target": "Parameter",
      "Id": "PARAM_JITA_Y",
      "Segments": [
        0,
        0,
        0,
        7,
        0
      ]
    },
    {
      "Target": "Parameter",
      "Id": "PARAM_JINADAI_X",
      "Segments": [
        0,
        0,
        0,
        7,
        0
      ]
    },
    {
      "Target": "Parameter",
      "Id": "PARAM_JIANDAI_Y",
      "Segments": [
        0,
        0,
        0,
        7,
        0
      ]
    },
    {
      "Target": "Parameter",
      "Id": "PARAM_JIANDAI_BACK_X",
      "Segments": [
        0,
        0,
        0,
        7,
        0
      ]
    },
    {
      "Target": "Parameter",
      "Id": "PARAM_JIANDAI_BACK_Y",
      "Segments": [
        0,
        0,
        0,
        7,
        0
      ]
    },
    {
      "Target": "Parameter",
      "Id": "PARAM_EYE_BALL_FORM",
      "Segments": [
        0,
        0,
        0,
        7,
        0
      ]
    },
    {
      "Target": "Parameter",
      "Id": "PARAM_EYE_BALL_SAD",
      "Segments": [
        0,
        0,
        0,
        7,
        0
      ]
    },
    {
      "Target": "Parameter",
      "Id": "PARAM_EYE_BALL_BAIYAN",
      "Segments": [
        0,
        0,
        0,
        7,
        0
      ]
    },
    {
      "Target": "Parameter",
      "Id": "PARAM_EYE_kira_R1",
      "Segments": [
        0,
        1,
        0,
        7,
        1
      ]
    },
    {
      "Target": "Parameter",
      "Id": "PARAM_EYE_kira_L1",
      "Segments": [
        0,
        1,
        0,
        7,
        1
      ]
    },
    {
      "Target": "Parameter",
      "Id": "PARAM_EYE_TI1",
      "Segments": [
        0,
        0,
        0,
        7,
        0
      ]
    },
    {
      "Target": "Parameter",
      "Id": "PARAM_EYE_TI2",
      "Segments": [
        0,
        0,
        0,
        7,
        0
      ]
    },
    {
      "Target": "Parameter",
      "Id": "PARAM_EYE_SPECIAL",
      "Segments": [
        0,
        0,
        0,
        7,
        0
      ]
    },
    {
      "Target": "Parameter",
      "Id": "PARAM_EYE_DEFROM",
      "Segments": [
        0,
        0,
        0,
        7,
        0
      ]
    },
    {
      "Target": "Parameter",
      "Id": "PARAM_BROW_L_X",
      "Segments": [
        0,
        0,
        0,
        7,
        0
      ]
    },
    {
      "Target": "Parameter",
      "Id": "PARAM_BROW_R_X",
      "Segments": [
        0,
        0,
        0,
        7,
        0
      ]
    },
    {
      "Target": "Parameter",
      "Id": "PARAM_MOUTH_SPECIAL",
      "Segments": [
        0,
        0,
        0,
        7,
        0
      ]
    },
    {
      "Target": "Parameter",
      "Id": "PARAM_MOUTH_WIDTH",
      "Segments": [
        0,
        1,
        0,
        7,
        1
      ]
    },
    {
      "Target": "Parameter",
      "Id": "PARAM_MOUTH_DEFORM_SPECIAL",
      "Segments": [
        0,
        0,
        0,
        7,
        0
      ]
    },
    {
      "Target": "Parameter",
      "Id": "PARAM_SHY",
      "Segments": [
        0,
        0,
        0,
        7,
        0
      ]
    },
    {
      "Target": "Parameter",
      "Id": "PARAM_TERE2",
      "Segments": [
        0,
        0,
        0,
        7,
        0
      ]
    },
    {
      "Target": "Parameter",
      "Id": "PARAM_WATER",
      "Segments": [
        0,
        0,
        0,
        7,
        0
      ]
    },
    {
      "Target": "Parameter",
      "Id": "PARAM_HAN",
      "Segments": [
        0,
        0,
        0,
        7,
        0
      ]
    },
    {
      "Target": "Parameter",
      "Id": "PARAM_ANGRY",
      "Segments": [
        0,
        0,
        0,
        7,
        0
      ]
    },
    {
      "Target": "Parameter",
      "Id": "PARAM_HEI",
      "Segments": [
        0,
        -1,
        0,
        7,
        -1
      ]
    },
    {
      "Target": "Parameter",
      "Id": "PARAM_LIANHEIXIAN",
      "Segments": [
        0,
        0,
        0,
        7,
        0
      ]
    },
    {
      "Target": "Parameter",
      "Id": "PARAM_FAT",
      "Segments": [
        0,
        0,
        0,
        7,
        0
      ]
    },
    {
      "Target": "Parameter",
      "Id": "PARAM_HEIXIAN",
      "Segments": [
        0,
        0,
        0,
        7,
        0
      ]
    },
    {
      "Target": "Parameter",
      "Id": "PARAM_YINYING",
      "Segments": [
        0,
        0,
        0,
        7,
        0
      ]
    },
    {
      "Target": "Parameter",
      "Id": "PARAM_TANQI",
      "Segments": [
        0,
        0,
        0,
        7,
        0
      ]
    },
    {
      "Target": "Parameter",
      "Id": "PARAM_ZHAMAO",
      "Segments": [
        0,
        0,
        0,
        7,
        0
      ]
    },
    {
      "Target": "Parameter",
      "Id": "PARAM_RU_X",
      "Segments": [
        0,
        0,
        0,
        7,
        0
      ]
    },
    {
      "Target": "Parameter",
      "Id": "PARAM_RU_Y",
      "Segments": [
        0,
        0,
        0,
        7,
        0
      ]
    },
    {
      "Target": "Parameter",
      "Id": "PARAM_HAIR_FRONT",
      "Segments": [
        0,
        0,
        0,
        7,
        0
      ]
    },
    {
      "Target": "Parameter",
      "Id": "PARAM_HAIR_FROUT_2",
      "Segments": [
        0,
        0,
        0,
        7,
        0
      ]
    },
    {
      "Target": "Parameter",
      "Id": "PARAM_HAIR_FROUT_WAVE",
      "Segments": [
        0,
        0,
        0,
        7,
        0
      ]
    },
    {
      "Target": "Parameter",
      "Id": "PARAM_HAIR_SIDE_R",
      "Segments": [
        0,
        0,
        0,
        7,
        0
      ]
    },
    {
      "Target": "Parameter",
      "Id": "PARAM_HAIR_SIDE_R2",
      "Segments": [
        0,
        0,
        0,
        7,
        0
      ]
    },
    {
      "Target": "Parameter",
      "Id": "PARAM_HAIR_SIDE_WAVE",
      "Segments": [
        0,
        0,
        0,
        7,
        0
      ]
    },
    {
      "Target": "Parameter",
      "Id": "PARAM_HAIR_SIDE_R3",
      "Segments": [
        0,
        0,
        0,
        7,
        0
      ]
    },
    {
      "Target": "Parameter",
      "Id": "PARAM_HAIR_SIDE_L",
      "Segments": [
        0,
        0,
        0,
        7,
        0
      ]
    },
    {
      "Target": "Parameter",
      "Id": "PARAM_HAIR_SIDE_L3",
      "Segments": [
        0,
        0,
        0,
        7,
        0
      ]
    },
    {
      "Target": "Parameter",
      "Id": "PARAM_HAIR_BACK_WAVE",
      "Segments": [
        0,
        0,
        0,
        7,
        0
      ]
    },
    {
      "Target": "Parameter",
      "Id": "PARAM_XIANQUNZI_1",
      "Segments": [
        0,
        0,
        0,
        7,
        0
      ]
    },
    {
      "Target": "Parameter",
      "Id": "PARAM_XIANQUNZI_2",
      "Segments": [
        0,
        0,
        0,
        7,
        0
      ]
    },
    {
      "Target": "Parameter",
      "Id": "PARAM_YICENGQUN_YIDUAN_SHAKE",
      "Segments": [
        0,
        0,
        0,
        7,
        0
      ]
    },
    {
      "Target": "Parameter",
      "Id": "PARAM_PARAM_YICENGQUN_ERDUAN_SHAKE",
      "Segments": [
        0,
        0,
        0,
        7,
        0
      ]
    },
    {
      "Target": "Parameter",
      "Id": "PARAM_YICENGSHA_1DUAN_SHAKE",
      "Segments": [
        0,
        0,
        0,
        7,
        0
      ]
    },
    {
      "Target": "Parameter",
      "Id": "PARAM_YICESHA_2DUAN_SHAKE",
      "Segments": [
        0,
        0,
        0,
        7,
        0
      ]
    },
    {
      "Target": "Parameter",
      "Id": "PARAM_ERCENGSHA_1DUAN_SHAKE",
      "Segments": [
        0,
        0,
        0,
        7,
        0
      ]
    },
    {
      "Target": "Parameter",
      "Id": "PARAM_ERCENGSAHA_2DUAN_SHAKE",
      "Segments": [
        0,
        0,
        0,
        7,
        0
      ]
    }
  ],
  "UserData": []
}