{
  "Version": 3,
  "Meta": {
    "Duration": 7.93,
    "Fps": 30.0,
    "Loop": true,
    "AreBeziersRestricted": true,
    "CurveCount": 134,
    "TotalSegmentCount": 1173,
    "TotalPointCount": 1389,
    "UserDataCount": 0,
    "TotalUserDataSize": 0
  },
  "Curves": [
    {
      "Target": "Parameter",
      "Id": "PARAM_ANGLE_X",
      "Segments": [
        0,
        -9,
        0,
        0.867,
        30,
        0,
        1.6,
        -24,
        1,
        1.844,
        -24,
        2.089,
        -12.057,
        2.333,
        5,
        1,
        2.466,
        14.304,
        2.6,
        16.577,
        2.733,
        16.577,
        0,
        2.967,
        -9,
        1,
        3.022,
        -9,
        3.078,
        -5.799,
        3.133,
        -4,
        1,
        3.255,
        -0.041,
        3.378,
        1,
        3.5,
        1,
        0,
        4.2,
        -0.132,
        2,
        4.367,
        -0.132,
        1,
        4.845,
        -0.132,
        5.322,
        -0.875,
        5.8,
        -3.278,
        1,
        5.878,
        -3.67,
        5.955,
        -24,
        6.033,
        -24,
        0,
        6.333,
        0,
        1,
        6.522,
        0,
        6.711,
        -1.945,
        6.9,
        -4,
        1,
        7.244,
        -7.747,
        7.589,
        -9,
        7.933,
        -9
      ]
    },
    {
      "Target": "Parameter",
      "Id": "PARAM_ANGLE_Y",
      "Segments": [
        0,
        -15,
        0,
        0.233,
        -30,
        0,
        0.6,
        30,
        0,
        0.867,
        -9.067,
        0,
        1.367,
        30,
        0,
        1.6,
        -0.59,
        0,
        1.933,
        27.519,
        1,
        2.066,
        27.519,
        2.2,
        17.404,
        2.333,
        -9.067,
        1,
        2.389,
        -20.096,
        2.444,
        -30,
        2.5,
        -30,
        0,
        2.933,
        30,
        1,
        3,
        30,
        3.066,
        -10.041,
        3.133,
        -14.559,
        1,
        3.189,
        -18.324,
        3.244,
        -19.729,
        3.3,
        -20.891,
        1,
        3.5,
        -25.073,
        3.7,
        -26.512,
        3.9,
        -26.512,
        0,
        4.1,
        30,
        1,
        4.133,
        30,
        4.167,
        -2.861,
        4.2,
        -4.73,
        1,
        4.256,
        -7.846,
        4.311,
        -8,
        4.367,
        -8,
        0,
        4.5,
        12.22,
        0,
        4.667,
        -8,
        0,
        4.833,
        12.22,
        0,
        5.033,
        -8,
        0,
        5.3,
        24.647,
        1,
        5.422,
        24.647,
        5.545,
        0.595,
        5.667,
        -5.228,
        1,
        5.734,
        -8.404,
        5.8,
        -8.179,
        5.867,
        -10,
        1,
        5.978,
        -13.035,
        6.089,
        -15,
        6.2,
        -15,
        2,
        6.9,
        -15,
        0,
        7.133,
        -19.917,
        0,
        7.567,
        14.191,
        0,
        7.933,
        -15
      ]
    },
    {
      "Target": "Parameter",
      "Id": "PARAM_ANGLE_Z",
      "Segments": [
        0,
        3,
        0,
        0.6,
        -0.953,
        1,
        0.689,
        -0.953,
        0.778,
        4.192,
        0.867,
        15.216,
        1,
        0.989,
        30.373,
        1.111,
        38.333,
        1.233,
        38.333,
        1,
        1.355,
        38.333,
        1.478,
        30.894,
        1.6,
        7.588,
        1,
        1.711,
        -13.599,
        1.822,
        -30,
        1.933,
        -30,
        1,
        2.066,
        -30,
        2.2,
        -10.892,
        2.333,
        8,
        1,
        2.466,
        26.892,
        2.6,
        30.829,
        2.733,
        30.829,
        1,
        2.8,
        30.829,
        2.866,
        7.25,
        2.933,
        6.521,
        1,
        3.055,
        5.186,
        3.178,
        5.363,
        3.3,
        3.747,
        1,
        3.5,
        1.102,
        3.7,
        -4,
        3.9,
        -4,
        1,
        4,
        -4,
        4.1,
        -1.416,
        4.2,
        8.737,
        1,
        4.256,
        14.378,
        4.311,
        22.4,
        4.367,
        22.4,
        1,
        4.656,
        22.4,
        4.944,
        19.343,
        5.233,
        10.491,
        1,
        5.422,
        4.703,
        5.611,
        -2.508,
        5.8,
        -10.774,
        1,
        5.856,
        -13.206,
        5.911,
        -21.62,
        5.967,
        -21.62,
        1,
        6.067,
        -21.62,
        6.167,
        6.189,
        6.267,
        9.94,
        1,
        6.478,
        17.86,
        6.689,
        19,
        6.9,
        19,
        0,
        7.933,
        3
      ]
    },
    {
      "Target": "Parameter",
      "Id": "PARAM_BODY_ANGLE_X",
      "Segments": [
        0,
        -4,
        0,
        0.733,
        3.231,
        0,
        1.6,
        -2,
        1,
        1.8,
        -2,
        2,
        -0.148,
        2.2,
        2,
        1,
        2.322,
        3.313,
        2.445,
        3.5,
        2.567,
        3.5,
        0,
        2.833,
        -6.173,
        0,
        3.3,
        -2,
        0,
        3.833,
        -3.622,
        0,
        4.3,
        2.745,
        1,
        4.711,
        2.745,
        5.122,
        0.708,
        5.533,
        -1.375,
        1,
        5.622,
        -1.825,
        5.711,
        -1.692,
        5.8,
        -2.016,
        1,
        5.856,
        -2.219,
        5.911,
        -4,
        5.967,
        -4,
        1,
        6.089,
        -4,
        6.211,
        0.775,
        6.333,
        2,
        1,
        6.522,
        3.893,
        6.711,
        4,
        6.9,
        4,
        0,
        7.933,
        -4
      ]
    },
    {
      "Target": "Parameter",
      "Id": "PARAM_BODY_ANGLE_Y",
      "Segments": [
        0,
        0,
        0,
        0.467,
        9.921,
        1,
        0.556,
        9.921,
        0.644,
        1.938,
        0.733,
        -0.764,
        1,
        0.778,
        -2.114,
        0.822,
        -1.773,
        0.867,
        -1.773,
        0,
        1.233,
        10,
        0,
        1.6,
        -1.773,
        0,
        1.833,
        9.514,
        1,
        1.955,
        9.514,
        2.078,
        1.734,
        2.2,
        -0.766,
        1,
        2.267,
        -2.13,
        2.333,
        -1.792,
        2.4,
        -1.792,
        1,
        2.467,
        -1.792,
        2.533,
        0.361,
        2.6,
        1.723,
        1,
        2.678,
        3.312,
        2.755,
        3.513,
        2.833,
        3.513,
        1,
        2.9,
        3.513,
        2.966,
        -1.34,
        3.033,
        -1.5,
        1,
        3.189,
        -1.873,
        3.344,
        -1.9,
        3.5,
        -1.9,
        0,
        3.9,
        8.672,
        1,
        4,
        8.672,
        4.1,
        4.574,
        4.2,
        1,
        1,
        4.233,
        -0.191,
        4.267,
        0,
        4.3,
        0,
        0,
        4.433,
        3.79,
        0,
        4.6,
        -0.23,
        0,
        4.767,
        3.331,
        0,
        4.967,
        -0.459,
        0,
        5.233,
        3.159,
        1,
        5.333,
        3.159,
        5.433,
        0.747,
        5.533,
        -0.723,
        1,
        5.622,
        -2.03,
        5.711,
        -2.068,
        5.8,
        -2.068,
        1,
        6.167,
        -2.068,
        6.533,
        -1.751,
        6.9,
        0,
        1,
        7.033,
        0.637,
        7.167,
        4,
        7.3,
        4,
        0,
        7.933,
        0
      ]
    },
    {
      "Target": "Parameter",
      "Id": "PARAM_BODY_ANGLE_Z",
      "Segments": [
        0,
        -0.879,
        0,
        0.233,
        -2.406,
        0,
        0.867,
        5.5,
        0,
        1.6,
        0,
        1,
        1.8,
        0,
        2,
        3.683,
        2.2,
        5,
        1,
        2.333,
        5.878,
        2.467,
        5.7,
        2.6,
        5.7,
        1,
        2.678,
        5.7,
        2.755,
        1.079,
        2.833,
        0,
        1,
        2.989,
        -2.158,
        3.144,
        -2.448,
        3.3,
        -2.448,
        1,
        3.578,
        -2.448,
        3.855,
        0.225,
        4.133,
        4.871,
        1,
        4.189,
        5.8,
        4.244,
        6,
        4.3,
        6,
        1,
        4.711,
        6,
        5.122,
        2.998,
        5.533,
        0.469,
        1,
        5.622,
        -0.078,
        5.711,
        0.132,
        5.8,
        0.132,
        1,
        5.978,
        0.132,
        6.155,
        3.872,
        6.333,
        4.36,
        1,
        6.522,
        4.879,
        6.711,
        4.8,
        6.9,
        4.8,
        0,
        7.933,
        -0.879
      ]
    },
    {
      "Target": "Parameter",
      "Id": "PARAM_UPPER_BODY",
      "Segments": [
        0,
        -1.53,
        0,
        0.733,
        -1.642,
        0,
        0.867,
        -1.359,
        0,
        1.6,
        -3.603,
        1,
        1.8,
        -3.603,
        2,
        -2.074,
        2.2,
        -1.392,
        1,
        2.267,
        -1.164,
        2.333,
        -1.285,
        2.4,
        -1.129,
        1,
        2.467,
        -0.973,
        2.533,
        0,
        2.6,
        0,
        1,
        2.678,
        0,
        2.755,
        -1.543,
        2.833,
        -1.719,
        1,
        2.989,
        -2.073,
        3.144,
        -2.093,
        3.3,
        -2.093,
        1,
        3.578,
        -2.093,
        3.855,
        -1.524,
        4.133,
        -0.361,
        1,
        4.189,
        -0.128,
        4.244,
        0,
        4.3,
        0,
        0,
        5.533,
        -2.062,
        2,
        5.8,
        -2.062,
        1,
        5.933,
        -2.062,
        6.067,
        1.717,
        6.2,
        1.8,
        1,
        6.433,
        1.945,
        6.667,
        1.94,
        6.9,
        1.94,
        0,
        7.933,
        -1.53
      ]
    },
    {
      "Target": "Parameter",
      "Id": "PARAM_LEFT_ARM_TAI",
      "Segments": [
        0,
        0,
        2,
        0.167,
        0,
        2,
        0.733,
        0,
        2,
        0.867,
        0,
        2,
        1.6,
        0,
        2,
        2.2,
        0,
        2,
        2.4,
        0,
        2,
        2.7,
        0,
        0,
        2.833,
        0.5,
        0,
        2.967,
        0,
        2,
        3.6,
        0,
        2,
        3.9,
        0,
        2,
        4.133,
        0,
        2,
        4.367,
        0,
        2,
        5.533,
        0,
        2,
        5.8,
        0,
        2,
        7.933,
        0
      ]
    },
    {
      "Target": "Parameter",
      "Id": "PARAM_LEFT_ARM",
      "Segments": [
        0,
        0.2,
        1,
        0.056,
        0.2,
        0.111,
        0.343,
        0.167,
        0.36,
        1,
        0.4,
        0.432,
        0.634,
        0.45,
        0.867,
        0.45,
        2,
        1.6,
        0.45,
        0,
        2.2,
        0.666,
        0,
        2.6,
        0.515,
        0,
        2.8,
        1.134,
        1,
        2.856,
        1.134,
        2.911,
        0.36,
        2.967,
        0.349,
        1,
        3.178,
        0.307,
        3.389,
        0.289,
        3.6,
        0.25,
        1,
        3.644,
        0.242,
        3.689,
        0.118,
        3.733,
        0.118,
        0,
        4.133,
        1.086,
        2,
        4.367,
        1.086,
        0,
        5.533,
        0.862,
        2,
        5.8,
        0.862,
        0,
        6.2,
        0.944,
        2,
        6.9,
        0.944,
        0,
        7.3,
        0.271,
        0,
        7.667,
        0.6,
        0,
        7.933,
        0.2
      ]
    },
    {
      "Target": "Parameter",
      "Id": "PARAM_ARM_L",
      "Segments": [
        0,
        -1,
        2,
        0.167,
        -1,
        0,
        0.867,
        5.531,
        0,
        1.6,
        3,
        1,
        1.8,
        3,
        2,
        4.666,
        2.2,
        5.216,
        1,
        2.333,
        5.583,
        2.467,
        5.5,
        2.6,
        5.5,
        0,
        2.8,
        4.52,
        0,
        2.967,
        4.866,
        2,
        3.6,
        4.866,
        0,
        3.9,
        -0.707,
        0,
        4.367,
        1.318,
        0,
        5.533,
        1.149,
        2,
        5.8,
        1.149,
        0,
        6.2,
        1.318,
        2,
        6.9,
        1.318,
        0,
        7.667,
        -1,
        2,
        7.933,
        -1
      ]
    },
    {
      "Target": "Parameter",
      "Id": "PARAM_ARM_L_TOUSHI2",
      "Segments": [
        0,
        0,
        2,
        0.167,
        0,
        0,
        0.733,
        0.33,
        2,
        0.867,
        0.33,
        2,
        1.6,
        0.33,
        2,
        2.2,
        0.33,
        2,
        2.4,
        0.33,
        2,
        2.567,
        0.33,
        0,
        2.767,
        1,
        1,
        2.834,
        1,
        2.9,
        0.413,
        2.967,
        0.405,
        1,
        3.178,
        0.38,
        3.389,
        0.378,
        3.6,
        0.349,
        1,
        3.733,
        0.33,
        3.867,
        0,
        4,
        0,
        0,
        4.3,
        0.646,
        2,
        4.367,
        0.646,
        2,
        5.533,
        0.646,
        2,
        5.8,
        0.646,
        2,
        6.2,
        0.646,
        2,
        6.9,
        0.646,
        0,
        7.667,
        0,
        2,
        7.933,
        0
      ]
    },
    {
      "Target": "Parameter",
      "Id": "PARAM_TOUSHI_L",
      "Segments": [
        0,
        0,
        2,
        0.167,
        0,
        0,
        0.733,
        0.745,
        2,
        0.867,
        0.745,
        2,
        1.6,
        0.745,
        2,
        2.2,
        0.745,
        2,
        2.4,
        0.745,
        2,
        2.6,
        0.745,
        0,
        2.767,
        0,
        0,
        2.967,
        0.745,
        2,
        3.6,
        0.745,
        0,
        4,
        0,
        2,
        4.3,
        0,
        2,
        4.367,
        0,
        2,
        5.533,
        0,
        2,
        5.8,
        0,
        2,
        6.2,
        0,
        2,
        6.9,
        0,
        2,
        7.667,
        0,
        2,
        7.933,
        0
      ]
    },
    {
      "Target": "Parameter",
      "Id": "PARAM_ARM_L_02",
      "Segments": [
        0,
        0.951,
        0,
        0.1,
        0.779,
        0,
        0.333,
        1,
        1,
        0.511,
        1,
        0.689,
        0.924,
        0.867,
        0.565,
        1,
        0.945,
        0.407,
        1.022,
        0.045,
        1.1,
        0.045,
        1,
        1.267,
        0.045,
        1.433,
        0.556,
        1.6,
        0.749,
        1,
        1.711,
        0.878,
        1.822,
        0.852,
        1.933,
        0.852,
        1,
        2.089,
        0.852,
        2.244,
        0.667,
        2.4,
        0.321,
        1,
        2.5,
        0.099,
        2.6,
        0,
        2.7,
        0,
        0,
        2.833,
        0.806,
        1,
        2.9,
        0.806,
        2.966,
        0.519,
        3.033,
        0.449,
        1,
        3.122,
        0.357,
        3.211,
        0.359,
        3.3,
        0.359,
        2,
        3.9,
        0.359,
        0,
        4,
        1,
        0,
        4.133,
        0.911,
        2,
        4.367,
        0.911,
        0,
        5.533,
        0.947,
        2,
        5.8,
        0.947,
        1,
        6.167,
        0.947,
        6.533,
        0.949,
        6.9,
        0.9,
        1,
        7.122,
        0.871,
        7.345,
        0.352,
        7.567,
        0.352,
        0,
        7.8,
        1,
        0,
        7.933,
        0.951
      ]
    },
    {
      "Target": "Parameter",
      "Id": "PARAM_HAND_L",
      "Segments": [
        0,
        0,
        2,
        0.167,
        0,
        2,
        0.467,
        0,
        0,
        0.5,
        0.5,
        2,
        0.733,
        0.5,
        2,
        0.867,
        0.5,
        2,
        1.6,
        0.5,
        2,
        2.2,
        0.5,
        2,
        2.4,
        0.5,
        2,
        2.567,
        0.5,
        2,
        2.767,
        0.5,
        2,
        2.967,
        0.5,
        2,
        3.6,
        0.5,
        2,
        4.133,
        0.5,
        2,
        4.367,
        0.5,
        0,
        5.533,
        0,
        2,
        5.8,
        0,
        2,
        6.9,
        0,
        2,
        7.667,
        0,
        2,
        7.933,
        0
      ]
    },
    {
      "Target": "Parameter",
      "Id": "PARAM_HAND_L2",
      "Segments": [
        0,
        0,
        2,
        0.167,
        0,
        2,
        0.467,
        0,
        2,
        0.5,
        1,
        2,
        0.733,
        1,
        2,
        0.867,
        1,
        2,
        1.6,
        1,
        2,
        2.2,
        1,
        2,
        2.4,
        1,
        2,
        2.567,
        1,
        2,
        2.767,
        1,
        2,
        2.967,
        1,
        2,
        3.6,
        1,
        2,
        4.133,
        1,
        2,
        4.367,
        1,
        0,
        5.533,
        0,
        2,
        5.8,
        0,
        2,
        6.9,
        0,
        2,
        7.667,
        0,
        2,
        7.933,
        0
      ]
    },
    {
      "Target": "Parameter",
      "Id": "PARAM_HAND_L_02",
      "Segments": [
        0,
        0,
        2,
        0.167,
        0,
        2,
        0.533,
        0,
        0,
        0.8,
        -1,
        0,
        1.167,
        1,
        0,
        2,
        -1,
        0,
        2.767,
        1,
        0,
        2.833,
        -1,
        2,
        2.967,
        -1,
        2,
        3.6,
        -1,
        2,
        4.133,
        -1,
        2,
        4.367,
        -1,
        0,
        5.533,
        0,
        2,
        5.8,
        0,
        2,
        6.9,
        0,
        2,
        7.667,
        0,
        2,
        7.933,
        0
      ]
    },
    {
      "Target": "Parameter",
      "Id": "PARAM_HAND_L_LEVEL",
      "Segments": [
        0,
        0,
        0,
        0.167,
        1,
        2,
        0.733,
        1,
        2,
        0.867,
        1,
        2,
        1.6,
        1,
        2,
        2.2,
        1,
        2,
        2.4,
        1,
        2,
        2.767,
        1,
        2,
        2.967,
        1,
        2,
        3.6,
        1,
        2,
        3.9,
        1,
        0,
        4,
        0,
        2,
        4.133,
        0,
        2,
        4.367,
        0,
        2,
        5.533,
        0,
        2,
        5.8,
        0,
        2,
        6.9,
        0,
        2,
        7.667,
        0,
        2,
        7.933,
        0
      ]
    },
    {
      "Target": "Parameter",
      "Id": "PARAM_RIGHT_ARM_TAI",
      "Segments": [
        0,
        0.5,
        0,
        0.467,
        0.3,
        2,
        0.733,
        0.3,
        2,
        0.867,
        0.3,
        2,
        1.6,
        0.3,
        2,
        2.2,
        0.3,
        2,
        2.4,
        0.3,
        2,
        2.833,
        0.3,
        2,
        3.3,
        0.3,
        2,
        3.733,
        0.3,
        2,
        4.067,
        0.3,
        0,
        4.4,
        0.5,
        2,
        5.533,
        0.5,
        2,
        5.8,
        0.5,
        2,
        7.833,
        0.5,
        2,
        7.933,
        0.5
      ]
    },
    {
      "Target": "Parameter",
      "Id": "PARAM_RIGHT_ARM",
      "Segments": [
        0,
        0.643,
        0,
        0.467,
        0,
        2,
        0.867,
        0,
        0,
        1.6,
        -0.133,
        1,
        1.867,
        -0.133,
        2.133,
        -0.079,
        2.4,
        0.032,
        1,
        2.467,
        0.06,
        2.533,
        0.076,
        2.6,
        0.076,
        1,
        2.678,
        0.076,
        2.755,
        -0.085,
        2.833,
        -0.09,
        1,
        2.989,
        -0.1,
        3.144,
        -0.1,
        3.3,
        -0.1,
        2,
        3.733,
        -0.1,
        0,
        3.9,
        0.398,
        0,
        4.067,
        0.23,
        0,
        4.4,
        0.431,
        0,
        5.533,
        0.421,
        2,
        5.8,
        0.421,
        0,
        6.2,
        0.561,
        2,
        6.9,
        0.561,
        0,
        7.167,
        0.33,
        0,
        7.367,
        0.765,
        0,
        7.833,
        0.643,
        2,
        7.933,
        0.643
      ]
    },
    {
      "Target": "Parameter",
      "Id": "PARAM_ARM_R",
      "Segments": [
        0,
        4.557,
        0,
        0.467,
        2,
        2,
        0.733,
        2,
        2,
        0.867,
        2,
        2,
        1.6,
        2,
        2,
        2.2,
        2,
        2,
        2.4,
        2,
        2,
        2.833,
        2,
        2,
        3.3,
        2,
        2,
        3.733,
        2,
        0,
        3.9,
        0.726,
        1,
        3.956,
        0.726,
        4.011,
        0.674,
        4.067,
        0.812,
        1,
        4.178,
        1.088,
        4.289,
        2.241,
        4.4,
        2.241,
        0,
        5.533,
        2.102,
        2,
        5.8,
        2.102,
        0,
        6.2,
        2.1,
        2,
        6.9,
        2.1,
        0,
        7.167,
        0,
        0,
        7.7,
        4.65,
        0,
        7.833,
        4.557,
        2,
        7.933,
        4.557
      ]
    },
    {
      "Target": "Parameter",
      "Id": "PARAM_ARM_R_TOUSHI2",
      "Segments": [
        0,
        0.3,
        0,
        0.467,
        0.704,
        2,
        0.733,
        0.704,
        2,
        0.867,
        0.704,
        2,
        1.6,
        0.704,
        2,
        2.2,
        0.704,
        2,
        2.4,
        0.704,
        2,
        2.833,
        0.704,
        2,
        3.3,
        0.704,
        2,
        3.733,
        0.704,
        0,
        4,
        0,
        0,
        4.4,
        0.662,
        2,
        5.533,
        0.662,
        0,
        5.8,
        0.668,
        1,
        6.167,
        0.668,
        6.533,
        0.669,
        6.9,
        0.662,
        1,
        7.211,
        0.656,
        7.522,
        0.3,
        7.833,
        0.3,
        2,
        7.933,
        0.3
      ]
    },
    {
      "Target": "Parameter",
      "Id": "PARAM_TOUSHI_R",
      "Segments": [
        0,
        0.7,
        0,
        0.467,
        0.285,
        2,
        0.733,
        0.285,
        2,
        0.867,
        0.285,
        2,
        1.6,
        0.285,
        2,
        2.2,
        0.285,
        2,
        2.4,
        0.285,
        2,
        2.833,
        0.285,
        2,
        3.3,
        0.285,
        2,
        3.733,
        0.285,
        0,
        4,
        0,
        0,
        4.167,
        0.285,
        0,
        4.4,
        0.1,
        2,
        5.533,
        0.1,
        2,
        5.8,
        0.1,
        2,
        6.9,
        0.1,
        0,
        7.833,
        0.7,
        2,
        7.933,
        0.7
      ]
    },
    {
      "Target": "Parameter",
      "Id": "PARAM_ARM_R_02",
      "Segments": [
        0,
        0.847,
        0,
        0.467,
        -1,
        2,
        0.733,
        -1,
        2,
        0.867,
        -1,
        2,
        1.6,
        -1,
        2,
        2.2,
        -1,
        2,
        2.4,
        -1,
        2,
        2.833,
        -1,
        2,
        3.3,
        -1,
        2,
        3.733,
        -1,
        0,
        4.167,
        0.91,
        0,
        4.4,
        -0.965,
        0,
        5.533,
        0.371,
        2,
        5.8,
        0.371,
        0,
        7.067,
        -0.35,
        0,
        7.4,
        0.933,
        0,
        7.733,
        0.666,
        0,
        7.933,
        0.847
      ]
    },
    {
      "Target": "Parameter",
      "Id": "PARAM_HAND_R2",
      "Segments": [
        0,
        0,
        2,
        0.467,
        0,
        2,
        0.733,
        0,
        2,
        0.867,
        0,
        2,
        1.6,
        0,
        2,
        2.2,
        0,
        2,
        2.4,
        0,
        2,
        2.833,
        0,
        2,
        3.3,
        0,
        2,
        3.733,
        0,
        2,
        4.067,
        0,
        2,
        4.4,
        0,
        1,
        4.778,
        0,
        5.155,
        0.029,
        5.533,
        0.158,
        1,
        5.622,
        0.189,
        5.711,
        1,
        5.8,
        1,
        2,
        6.9,
        1,
        2,
        7.067,
        1,
        2,
        7.333,
        1,
        2,
        7.367,
        0,
        2,
        7.833,
        0,
        2,
        7.933,
        0
      ]
    },
    {
      "Target": "Parameter",
      "Id": "PARAM_HAND_R_02",
      "Segments": [
        0,
        1,
        0,
        0.467,
        0,
        2,
        0.733,
        0,
        2,
        0.867,
        0,
        2,
        1.6,
        0,
        2,
        2.2,
        0,
        2,
        2.4,
        0,
        2,
        2.833,
        0,
        2,
        3.3,
        0,
        2,
        3.733,
        0,
        2,
        4.067,
        0,
        2,
        4.4,
        0,
        0,
        5.533,
        0.842,
        0,
        5.8,
        -1,
        0,
        6.9,
        0,
        0,
        7.067,
        -1,
        2,
        7.333,
        -1,
        2,
        7.367,
        1,
        2,
        7.833,
        1,
        2,
        7.933,
        1
      ]
    },
    {
      "Target": "Parameter",
      "Id": "PARAM_HAND_R_LEVEL",
      "Segments": [
        0,
        1,
        2,
        0.467,
        1,
        2,
        0.733,
        1,
        2,
        0.867,
        1,
        2,
        1.6,
        1,
        2,
        2.2,
        1,
        2,
        2.4,
        1,
        2,
        2.833,
        1,
        2,
        3.3,
        1,
        2,
        3.733,
        1,
        2,
        3.9,
        1,
        0,
        4.067,
        0,
        2,
        4.4,
        0,
        2,
        5.533,
        0,
        2,
        5.8,
        0,
        2,
        6.9,
        0,
        2,
        7.2,
        0,
        0,
        7.333,
        1,
        2,
        7.367,
        1,
        2,
        7.833,
        1,
        2,
        7.933,
        1
      ]
    },
    {
      "Target": "Parameter",
      "Id": "PARAM_YIFU",
      "Segments": [
        0,
        0,
        2,
        0.733,
        0,
        0,
        1.233,
        1,
        0,
        1.3,
        0,
        0,
        1.833,
        1,
        2,
        1.867,
        0,
        0,
        2.4,
        1,
        2,
        2.433,
        0,
        0,
        2.933,
        0.995,
        2,
        2.967,
        0,
        2,
        3.733,
        0,
        2,
        4.133,
        0,
        2,
        4.3,
        0,
        2,
        5.533,
        0,
        2,
        5.8,
        0,
        2,
        6.767,
        0,
        2,
        7.933,
        0
      ]
    },
    {
      "Target": "Parameter",
      "Id": "PARAM_EYE_L_OPEN",
      "Segments": [
        0,
        1,
        2,
        0.467,
        1,
        0,
        0.733,
        0,
        2,
        0.867,
        0,
        2,
        1.6,
        0,
        2,
        2.2,
        0,
        2,
        2.4,
        0,
        2,
        2.6,
        0,
        0,
        2.833,
        1,
        2,
        3.033,
        1,
        0,
        3.3,
        0,
        2,
        3.733,
        0,
        0,
        3.9,
        1,
        2,
        4.133,
        1,
        2,
        4.3,
        1,
        2,
        5.533,
        1,
        2,
        5.8,
        1,
        0,
        6.2,
        0,
        2,
        6.9,
        0,
        2,
        7.133,
        0,
        0,
        7.333,
        1,
        2,
        7.933,
        1
      ]
    },
    {
      "Target": "Parameter",
      "Id": "PARAM_EYE_L_FORM",
      "Segments": [
        0,
        0.5,
        2,
        0.467,
        0.5,
        0,
        0.733,
        0,
        2,
        0.867,
        0,
        2,
        1.6,
        0,
        2,
        2.2,
        0,
        2,
        2.4,
        0,
        2,
        2.6,
        0,
        2,
        2.833,
        0,
        2,
        3.033,
        0,
        0,
        3.3,
        0.5,
        2,
        3.733,
        0.5,
        0,
        3.9,
        0,
        2,
        4.133,
        0,
        2,
        4.3,
        0,
        2,
        5.533,
        0,
        2,
        5.8,
        0,
        2,
        6.2,
        0,
        2,
        6.9,
        0,
        2,
        7.133,
        0,
        0,
        7.333,
        0.5,
        2,
        7.933,
        0.5
      ]
    },
    {
      "Target": "Parameter",
      "Id": "PARAM_EYE_R_OPEN",
      "Segments": [
        0,
        1,
        2,
        0.467,
        1,
        0,
        0.733,
        0,
        2,
        0.867,
        0,
        2,
        1.6,
        0,
        2,
        2.2,
        0,
        2,
        2.4,
        0,
        2,
        2.6,
        0,
        0,
        2.833,
        1,
        2,
        3.033,
        1,
        0,
        3.3,
        0,
        2,
        3.733,
        0,
        0,
        3.9,
        1,
        2,
        4.133,
        1,
        2,
        4.3,
        1,
        2,
        5.533,
        1,
        2,
        5.8,
        1,
        0,
        6.2,
        0,
        2,
        6.9,
        0,
        2,
        7.133,
        0,
        0,
        7.333,
        1,
        2,
        7.933,
        1
      ]
    },
    {
      "Target": "Parameter",
      "Id": "PARAM_EYE_R_FORM",
      "Segments": [
        0,
        0.5,
        2,
        0.467,
        0.5,
        0,
        0.733,
        0,
        2,
        0.867,
        0,
        2,
        1.6,
        0,
        2,
        2.2,
        0,
        2,
        2.4,
        0,
        2,
        2.6,
        0,
        2,
        2.833,
        0,
        2,
        3.033,
        0,
        0,
        3.3,
        0.5,
        2,
        3.733,
        0.5,
        0,
        3.9,
        0,
        2,
        4.133,
        0,
        2,
        4.3,
        0,
        2,
        5.533,
        0,
        2,
        5.8,
        0,
        2,
        6.2,
        0,
        2,
        6.9,
        0,
        2,
        7.133,
        0,
        0,
        7.333,
        0.5,
        2,
        7.933,
        0.5
      ]
    },
    {
      "Target": "Parameter",
      "Id": "PARAM_EYE_BALL_X",
      "Segments": [
        0,
        0,
        2,
        0.733,
        0,
        2,
        0.867,
        0,
        2,
        1.6,
        0,
        2,
        2.2,
        0,
        2,
        2.4,
        0,
        0,
        2.833,
        -0.2,
        2,
        3.3,
        -0.2,
        0,
        4.133,
        -0.1,
        2,
        4.3,
        -0.1,
        2,
        5.533,
        -0.1,
        2,
        5.8,
        -0.1,
        0,
        5.967,
        0.4,
        0,
        6.9,
        0,
        2,
        7.933,
        0
      ]
    },
    {
      "Target": "Parameter",
      "Id": "PARAM_EYE_BALL_KIRAKIRA",
      "Segments": [
        0,
        0,
        2,
        0.733,
        0,
        2,
        0.867,
        0,
        2,
        1.6,
        0,
        2,
        2.2,
        0,
        2,
        2.4,
        0,
        2,
        2.833,
        0,
        2,
        3.3,
        0,
        2,
        3.733,
        0,
        0,
        3.833,
        1,
        2,
        4.133,
        1,
        2,
        4.3,
        1,
        2,
        5.533,
        1,
        2,
        5.8,
        1,
        0,
        6.9,
        0,
        0,
        7.133,
        1,
        0,
        7.267,
        0,
        2,
        7.933,
        0
      ]
    },
    {
      "Target": "Parameter",
      "Id": "PARAM_EYE_kira_R1",
      "Segments": [
        0,
        1,
        2,
        0.733,
        1,
        2,
        0.867,
        1,
        2,
        1.6,
        1,
        2,
        2.2,
        1,
        2,
        2.4,
        1,
        2,
        2.833,
        1,
        2,
        3.3,
        1,
        2,
        3.733,
        1,
        0,
        3.833,
        0,
        2,
        4.133,
        0,
        2,
        4.3,
        0,
        0,
        4.433,
        0.305,
        0,
        4.6,
        0,
        0,
        4.767,
        0.305,
        0,
        4.967,
        0,
        0,
        5.233,
        0.305,
        0,
        5.533,
        0,
        1,
        5.622,
        0,
        5.711,
        0.182,
        5.8,
        0.305,
        1,
        6.167,
        0.813,
        6.533,
        1,
        6.9,
        1,
        0,
        7.133,
        0,
        0,
        7.267,
        1,
        2,
        7.933,
        1
      ]
    },
    {
      "Target": "Parameter",
      "Id": "PARAM_EYE_kira_R2",
      "Segments": [
        0,
        0.5,
        2,
        0.733,
        0.5,
        2,
        0.867,
        0.5,
        2,
        1.6,
        0.5,
        2,
        2.2,
        0.5,
        2,
        2.4,
        0.5,
        2,
        2.833,
        0.5,
        2,
        3.3,
        0.5,
        2,
        3.733,
        0.5,
        2,
        3.833,
        0.5,
        2,
        4.133,
        0.5,
        2,
        4.3,
        0.5,
        0,
        4.433,
        0,
        0,
        4.6,
        1,
        0,
        4.767,
        0,
        0,
        4.967,
        1,
        0,
        5.233,
        0,
        0,
        5.533,
        1,
        0,
        5.8,
        0,
        0,
        6.9,
        0.5,
        2,
        7.133,
        0.5,
        2,
        7.267,
        0.5,
        2,
        7.933,
        0.5
      ]
    },
    {
      "Target": "Parameter",
      "Id": "PARAM_EYE_kira_L1",
      "Segments": [
        0,
        1,
        2,
        0.733,
        1,
        2,
        0.867,
        1,
        2,
        1.6,
        1,
        2,
        2.2,
        1,
        2,
        2.4,
        1,
        2,
        2.833,
        1,
        2,
        3.3,
        1,
        2,
        3.733,
        1,
        0,
        3.833,
        0,
        2,
        4.133,
        0,
        2,
        4.3,
        0,
        0,
        4.433,
        0.305,
        0,
        4.6,
        0,
        0,
        4.767,
        0.305,
        0,
        4.967,
        0,
        0,
        5.233,
        0.305,
        0,
        5.533,
        0,
        1,
        5.622,
        0,
        5.711,
        0.182,
        5.8,
        0.305,
        1,
        6.167,
        0.813,
        6.533,
        1,
        6.9,
        1,
        0,
        7.133,
        0,
        0,
        7.267,
        1,
        2,
        7.933,
        1
      ]
    },
    {
      "Target": "Parameter",
      "Id": "PARAM_EYE_kira_L2",
      "Segments": [
        0,
        0.5,
        2,
        0.733,
        0.5,
        2,
        0.867,
        0.5,
        2,
        1.6,
        0.5,
        2,
        2.2,
        0.5,
        2,
        2.4,
        0.5,
        2,
        2.833,
        0.5,
        2,
        3.3,
        0.5,
        2,
        3.733,
        0.5,
        2,
        3.833,
        0.5,
        2,
        4.133,
        0.5,
        2,
        4.3,
        0.5,
        0,
        4.433,
        0,
        0,
        4.6,
        1,
        0,
        4.767,
        0,
        0,
        4.967,
        1,
        0,
        5.233,
        0,
        0,
        5.533,
        1,
        0,
        5.8,
        0,
        0,
        6.9,
        0.5,
        2,
        7.133,
        0.5,
        2,
        7.267,
        0.5,
        2,
        7.933,
        0.5
      ]
    },
    {
      "Target": "Parameter",
      "Id": "PARAM_BROW_L_Y",
      "Segments": [
        0,
        0,
        2,
        0.467,
        0,
        0,
        0.733,
        -1,
        2,
        0.867,
        -1,
        2,
        1.6,
        -1,
        2,
        2.2,
        -1,
        2,
        2.4,
        -1,
        2,
        2.6,
        -1,
        0,
        2.833,
        0,
        2,
        3.033,
        0,
        0,
        3.3,
        -1,
        2,
        3.733,
        -1,
        0,
        3.9,
        0,
        0,
        4.133,
        -0.034,
        2,
        4.3,
        -0.034,
        2,
        5.533,
        -0.034,
        2,
        5.8,
        -0.034,
        0,
        6.2,
        -1,
        2,
        6.9,
        -1,
        2,
        7.133,
        -1,
        0,
        7.333,
        0,
        2,
        7.933,
        0
      ]
    },
    {
      "Target": "Parameter",
      "Id": "PARAM_BROW_R_Y",
      "Segments": [
        0,
        0,
        2,
        0.467,
        0,
        0,
        0.733,
        -1,
        2,
        0.867,
        -1,
        2,
        1.6,
        -1,
        2,
        2.2,
        -1,
        2,
        2.4,
        -1,
        2,
        2.6,
        -1,
        0,
        2.833,
        0,
        2,
        3.033,
        0,
        0,
        3.3,
        -1,
        2,
        3.733,
        -1,
        0,
        3.9,
        0,
        0,
        4.133,
        -0.034,
        2,
        4.3,
        -0.034,
        2,
        5.533,
        -0.034,
        2,
        5.8,
        -0.034,
        0,
        6.2,
        -1,
        2,
        6.9,
        -1,
        2,
        7.133,
        -1,
        0,
        7.333,
        0,
        2,
        7.933,
        0
      ]
    },
    {
      "Target": "Parameter",
      "Id": "PARAM_BROW_L_ANGLE",
      "Segments": [
        0,
        0,
        2,
        0.467,
        0,
        0,
        0.733,
        0.4,
        2,
        0.867,
        0.4,
        2,
        1.6,
        0.4,
        2,
        2.2,
        0.4,
        2,
        2.4,
        0.4,
        2,
        2.833,
        0.4,
        2,
        3.3,
        0.4,
        0,
        4.133,
        0.014,
        2,
        4.3,
        0.014,
        2,
        5.533,
        0.014,
        2,
        5.8,
        0.014,
        0,
        6.9,
        0,
        2,
        7.933,
        0
      ]
    },
    {
      "Target": "Parameter",
      "Id": "PARAM_BROW_R_ANGLE",
      "Segments": [
        0,
        0,
        2,
        0.467,
        0,
        0,
        0.733,
        0.4,
        2,
        0.867,
        0.4,
        2,
        1.6,
        0.4,
        2,
        2.2,
        0.4,
        2,
        2.4,
        0.4,
        2,
        2.833,
        0.4,
        2,
        3.3,
        0.4,
        0,
        4.133,
        0.014,
        2,
        4.3,
        0.014,
        2,
        5.533,
        0.014,
        2,
        5.8,
        0.014,
        0,
        6.9,
        0,
        2,
        7.933,
        0
      ]
    },
    {
      "Target": "Parameter",
      "Id": "PARAM_BROW_L_FORM",
      "Segments": [
        0,
        0.5,
        2,
        0.467,
        0.5,
        0,
        0.733,
        1,
        2,
        0.867,
        1,
        2,
        1.6,
        1,
        2,
        2.2,
        1,
        2,
        2.4,
        1,
        2,
        2.833,
        1,
        2,
        3.3,
        1,
        0,
        4.133,
        0.517,
        2,
        4.3,
        0.517,
        2,
        5.533,
        0.517,
        2,
        5.8,
        0.517,
        0,
        6.9,
        0.5,
        2,
        7.933,
        0.5
      ]
    },
    {
      "Target": "Parameter",
      "Id": "PARAM_BROW_R_FORM",
      "Segments": [
        0,
        0.5,
        2,
        0.467,
        0.5,
        0,
        0.733,
        1,
        2,
        0.867,
        1,
        2,
        1.6,
        1,
        2,
        2.2,
        1,
        2,
        2.4,
        1,
        2,
        2.833,
        1,
        2,
        3.3,
        1,
        0,
        4.133,
        0.517,
        2,
        4.3,
        0.517,
        2,
        5.533,
        0.517,
        2,
        5.8,
        0.517,
        0,
        6.9,
        0.5,
        2,
        7.933,
        0.5
      ]
    },
    {
      "Target": "Parameter",
      "Id": "PARAM_MOUTH_OPEN",
      "Segments": [
        0,
        0,
        2,
        0.467,
        0,
        0,
        0.733,
        0.6,
        2,
        0.867,
        0.6,
        2,
        1.6,
        0.6,
        2,
        2.2,
        0.6,
        2,
        2.4,
        0.6,
        2,
        2.833,
        0.6,
        0,
        2.933,
        0,
        2,
        3.3,
        0,
        2,
        3.9,
        0,
        0,
        4.133,
        2,
        2,
        4.3,
        2,
        2,
        5.533,
        2,
        2,
        5.8,
        2,
        2,
        6.2,
        2,
        2,
        6.9,
        2,
        0,
        7.933,
        0
      ]
    },
    {
      "Target": "Parameter",
      "Id": "PARAM_MOUTH_FORM",
      "Segments": [
        0,
        -0.6,
        2,
        0.467,
        -0.6,
        0,
        0.733,
        -1,
        2,
        0.867,
        -1,
        2,
        1.6,
        -1,
        2,
        2.2,
        -1,
        2,
        2.4,
        -1,
        2,
        2.833,
        -1,
        2,
        3.3,
        -1,
        2,
        3.9,
        -1,
        2,
        4.133,
        -1,
        2,
        4.3,
        -1,
        2,
        5.533,
        -1,
        2,
        5.8,
        -1,
        2,
        6.2,
        -1,
        2,
        6.9,
        -1,
        0,
        7.933,
        -0.6
      ]
    },
    {
      "Target": "Parameter",
      "Id": "PARAM_MOUTH_WIDTH",
      "Segments": [
        0,
        1,
        2,
        0.467,
        1,
        0,
        0.733,
        0.5,
        2,
        0.867,
        0.5,
        2,
        1.6,
        0.5,
        2,
        2.2,
        0.5,
        2,
        2.4,
        0.5,
        2,
        2.833,
        0.5,
        2,
        3.3,
        0.5,
        2,
        3.9,
        0.5,
        0,
        4.133,
        1,
        2,
        4.3,
        1,
        2,
        5.533,
        1,
        2,
        5.8,
        1,
        2,
        7.933,
        1
      ]
    },
    {
      "Target": "Parameter",
      "Id": "PARAM_MOUTH_SIZE",
      "Segments": [
        0,
        -0.5,
        2,
        0.467,
        -0.5,
        0,
        0.733,
        0,
        2,
        0.867,
        0,
        2,
        1.6,
        0,
        2,
        2.2,
        0,
        2,
        2.4,
        0,
        2,
        2.833,
        0,
        2,
        3.3,
        0,
        2,
        3.9,
        0,
        0,
        4.133,
        -0.5,
        0,
        4.3,
        0,
        2,
        5.8,
        0,
        0,
        6.9,
        -0.5,
        2,
        7.933,
        -0.5
      ]
    },
    {
      "Target": "Parameter",
      "Id": "PARAM_SHY",
      "Segments": [
        0,
        0,
        0,
        0.733,
        1,
        2,
        0.867,
        1,
        2,
        1.6,
        1,
        2,
        2.2,
        1,
        2,
        2.4,
        1,
        2,
        2.833,
        1,
        2,
        3.3,
        1,
        2,
        4.133,
        1,
        2,
        4.3,
        1,
        2,
        5.533,
        1,
        2,
        5.8,
        1,
        2,
        6.9,
        1,
        0,
        7.933,
        0
      ]
    },
    {
      "Target": "Parameter",
      "Id": "PARAM_TERE",
      "Segments": [
        0,
        0.8,
        0,
        0.733,
        0.1,
        2,
        0.867,
        0.1,
        2,
        1.6,
        0.1,
        2,
        2.2,
        0.1,
        2,
        2.4,
        0.1,
        2,
        2.833,
        0.1,
        2,
        3.3,
        0.1,
        0,
        4.133,
        1,
        2,
        4.3,
        1,
        2,
        5.533,
        1,
        2,
        5.8,
        1,
        2,
        6.9,
        1,
        0,
        7.933,
        0.8
      ]
    },
    {
      "Target": "Parameter",
      "Id": "PARAM_TERE2",
      "Segments": [
        0,
        0,
        0,
        0.733,
        1,
        2,
        0.867,
        1,
        2,
        1.6,
        1,
        2,
        2.2,
        1,
        2,
        2.4,
        1,
        2,
        2.833,
        1,
        2,
        3.3,
        1,
        0,
        4.133,
        0,
        2,
        4.3,
        0,
        2,
        5.533,
        0,
        2,
        5.8,
        0,
        2,
        6.9,
        0,
        2,
        7.933,
        0
      ]
    },
    {
      "Target": "Parameter",
      "Id": "PARAM_BREATH",
      "Segments": [
        0,
        0,
        2,
        0.733,
        0,
        2,
        0.867,
        0,
        2,
        1.6,
        0,
        2,
        2.2,
        0,
        2,
        2.4,
        0,
        2,
        2.833,
        0,
        2,
        3.3,
        0,
        0,
        4.133,
        0.436,
        2,
        4.3,
        0.436,
        0,
        5.533,
        0,
        2,
        5.8,
        0,
        2,
        6.9,
        0,
        2,
        7.933,
        0
      ]
    },
    {
      "Target": "PartOpacity",
      "Id": "PARTS_GUDIAN",
      "Segments": [
        0,
        1,
        2,
        0.73,
        1,
        2,
        0.87,
        1,
        2,
        1.6,
        1,
        2,
        2.2,
        1,
        2,
        2.4,
        1,
        2,
        2.83,
        1,
        2,
        3.3,
        1,
        2,
        4.13,
        1,
        2,
        4.3,
        1,
        2,
        5.53,
        1,
        2,
        5.8,
        1,
        2,
        7.93,
        1
      ]
    },
    {
      "Target": "PartOpacity",
      "Id": "PARTS_01_ARM_L_01",
      "Segments": [
        0,
        1,
        2,
        0.73,
        1,
        2,
        0.87,
        1,
        2,
        1.6,
        1,
        2,
        2.2,
        1,
        2,
        2.4,
        1,
        2,
        2.83,
        1,
        2,
        3.3,
        1,
        2,
        4.13,
        1,
        2,
        4.3,
        1,
        2,
        5.53,
        1,
        2,
        5.8,
        1,
        2,
        7.93,
        1
      ]
    },
    {
      "Target": "PartOpacity",
      "Id": "PARTS_01_ARM_R_01",
      "Segments": [
        0,
        1,
        2,
        0.73,
        1,
        2,
        0.87,
        1,
        2,
        1.6,
        1,
        2,
        2.2,
        1,
        2,
        2.4,
        1,
        2,
        2.83,
        1,
        2,
        3.3,
        1,
        2,
        4.13,
        1,
        2,
        4.3,
        1,
        2,
        5.53,
        1,
        2,
        5.8,
        1,
        2,
        7.93,
        1
      ]
    },
    {
      "Target": "PartOpacity",
      "Id": "PARTS_01_BODY",
      "Segments": [
        0,
        1,
        2,
        0.73,
        1,
        2,
        0.87,
        1,
        2,
        1.6,
        1,
        2,
        2.2,
        1,
        2,
        2.4,
        1,
        2,
        2.83,
        1,
        2,
        3.3,
        1,
        2,
        4.13,
        1,
        2,
        4.3,
        1,
        2,
        5.53,
        1,
        2,
        5.8,
        1,
        2,
        6.53,
        1,
        2,
        7.93,
        1
      ]
    },
    {
      "Target": "PartOpacity",
      "Id": "PARTS_01_NECK",
      "Segments": [
        0,
        1,
        2,
        0.73,
        1,
        2,
        0.87,
        1,
        2,
        1.6,
        1,
        2,
        2.2,
        1,
        2,
        2.4,
        1,
        2,
        2.83,
        1,
        2,
        3.3,
        1,
        2,
        4.13,
        1,
        2,
        4.3,
        1,
        2,
        5.53,
        1,
        2,
        5.8,
        1,
        2,
        6.53,
        1,
        2,
        7.93,
        1
      ]
    },
    {
      "Target": "PartOpacity",
      "Id": "PARTS_01_HAIR_BACK_001",
      "Segments": [
        0,
        1,
        2,
        0.73,
        1,
        2,
        0.87,
        1,
        2,
        1.6,
        1,
        2,
        2.2,
        1,
        2,
        2.4,
        1,
        2,
        2.83,
        1,
        2,
        3.3,
        1,
        2,
        4.13,
        1,
        2,
        4.3,
        1,
        2,
        5.53,
        1,
        2,
        5.8,
        1,
        2,
        6.53,
        1,
        2,
        7.93,
        1
      ]
    },
    {
      "Target": "PartOpacity",
      "Id": "PARTS_01_HAIR_SIDE_001",
      "Segments": [
        0,
        1,
        2,
        0.73,
        1,
        2,
        0.87,
        1,
        2,
        1.6,
        1,
        2,
        2.2,
        1,
        2,
        2.4,
        1,
        2,
        2.83,
        1,
        2,
        3.3,
        1,
        2,
        4.13,
        1,
        2,
        4.3,
        1,
        2,
        5.53,
        1,
        2,
        5.8,
        1,
        2,
        6.53,
        1,
        2,
        7.93,
        1
      ]
    },
    {
      "Target": "PartOpacity",
      "Id": "PARTS_01_HAIR_FRONT_001",
      "Segments": [
        0,
        1,
        2,
        0.73,
        1,
        2,
        0.87,
        1,
        2,
        1.6,
        1,
        2,
        2.2,
        1,
        2,
        2.4,
        1,
        2,
        2.83,
        1,
        2,
        3.3,
        1,
        2,
        4.13,
        1,
        2,
        4.3,
        1,
        2,
        5.53,
        1,
        2,
        5.8,
        1,
        2,
        6.53,
        1,
        2,
        7.93,
        1
      ]
    },
    {
      "Target": "PartOpacity",
      "Id": "PARTS_01_EAR_001",
      "Segments": [
        0,
        1,
        2,
        0.73,
        1,
        2,
        0.87,
        1,
        2,
        1.6,
        1,
        2,
        2.2,
        1,
        2,
        2.4,
        1,
        2,
        2.83,
        1,
        2,
        3.3,
        1,
        2,
        4.13,
        1,
        2,
        4.3,
        1,
        2,
        5.53,
        1,
        2,
        5.8,
        1,
        2,
        6.53,
        1,
        2,
        7.93,
        1
      ]
    },
    {
      "Target": "PartOpacity",
      "Id": "PARTS_01_NOSE_001",
      "Segments": [
        0,
        1,
        2,
        0.73,
        1,
        2,
        0.87,
        1,
        2,
        1.6,
        1,
        2,
        2.2,
        1,
        2,
        2.4,
        1,
        2,
        2.83,
        1,
        2,
        3.3,
        1,
        2,
        4.13,
        1,
        2,
        4.3,
        1,
        2,
        5.53,
        1,
        2,
        5.8,
        1,
        2,
        6.53,
        1,
        2,
        7.93,
        1
      ]
    },
    {
      "Target": "PartOpacity",
      "Id": "PARTS_01_MOUTH_001",
      "Segments": [
        0,
        1,
        2,
        0.73,
        1,
        2,
        0.87,
        1,
        2,
        1.6,
        1,
        2,
        2.2,
        1,
        2,
        2.4,
        1,
        2,
        2.83,
        1,
        2,
        3.3,
        1,
        2,
        4.13,
        1,
        2,
        4.3,
        1,
        2,
        5.53,
        1,
        2,
        5.8,
        1,
        2,
        6.53,
        1,
        2,
        7.93,
        1
      ]
    },
    {
      "Target": "PartOpacity",
      "Id": "PARTS_01_BROW_001",
      "Segments": [
        0,
        1,
        2,
        0.73,
        1,
        2,
        0.87,
        1,
        2,
        1.6,
        1,
        2,
        2.2,
        1,
        2,
        2.4,
        1,
        2,
        2.83,
        1,
        2,
        3.3,
        1,
        2,
        4.13,
        1,
        2,
        4.3,
        1,
        2,
        5.53,
        1,
        2,
        5.8,
        1,
        2,
        6.53,
        1,
        2,
        7.93,
        1
      ]
    },
    {
      "Target": "PartOpacity",
      "Id": "PARTS_01_EYE_BALL_001",
      "Segments": [
        0,
        1,
        2,
        0.73,
        1,
        2,
        0.87,
        1,
        2,
        1.6,
        1,
        2,
        2.2,
        1,
        2,
        2.4,
        1,
        2,
        2.83,
        1,
        2,
        3.3,
        1,
        2,
        4.13,
        1,
        2,
        4.3,
        1,
        2,
        5.53,
        1,
        2,
        5.8,
        1,
        2,
        6.53,
        1,
        2,
        7.93,
        1
      ]
    },
    {
      "Target": "PartOpacity",
      "Id": "PARTS_01_EYE_001",
      "Segments": [
        0,
        1,
        2,
        0.73,
        1,
        2,
        0.87,
        1,
        2,
        1.6,
        1,
        2,
        2.2,
        1,
        2,
        2.4,
        1,
        2,
        2.83,
        1,
        2,
        3.3,
        1,
        2,
        4.13,
        1,
        2,
        4.3,
        1,
        2,
        5.53,
        1,
        2,
        5.8,
        1,
        2,
        6.53,
        1,
        2,
        7.93,
        1
      ]
    },
    {
      "Target": "PartOpacity",
      "Id": "PARTS_01_FACE_001",
      "Segments": [
        0,
        1,
        2,
        0.73,
        1,
        2,
        0.87,
        1,
        2,
        1.6,
        1,
        2,
        2.2,
        1,
        2,
        2.4,
        1,
        2,
        2.83,
        1,
        2,
        3.3,
        1,
        2,
        4.13,
        1,
        2,
        4.3,
        1,
        2,
        5.53,
        1,
        2,
        5.8,
        1,
        2,
        6.53,
        1,
        2,
        7.93,
        1
      ]
    },
    {
      "Target": "PartOpacity",
      "Id": "ROUGH",
      "Segments": [
        0,
        1,
        2,
        0.73,
        1,
        2,
        0.87,
        1,
        2,
        1.6,
        1,
        2,
        2.2,
        1,
        2,
        2.4,
        1,
        2,
        2.83,
        1,
        2,
        3.3,
        1,
        2,
        4.13,
        1,
        2,
        4.3,
        1,
        2,
        5.53,
        1,
        2,
        5.8,
        1,
        2,
        6.53,
        1,
        2,
        7.93,
        1
      ]
    },
    {
      "Target": "Model",
      "Id": "Opacity",
      "Segments": [
        0,
        1,
        0,
        7.93,
        1
      ]
    },
    {
      "Target": "Parameter",
      "Id": "PARAM_TANGDIE",
      "Segments": [
        0,
        0,
        0,
        7.93,
        0
      ]
    },
    {
      "Target": "Parameter",
      "Id": "PARAM_HAND_R",
      "Segments": [
        0,
        0,
        0,
        7.93,
        0
      ]
    },
    {
      "Target": "Parameter",
      "Id": "PARAM_CHICKEN",
      "Segments": [
        0,
        0,
        0,
        7.93,
        0
      ]
    },
    {
      "Target": "Parameter",
      "Id": "PARAM_CHICKEN_MOVE",
      "Segments": [
        0,
        0,
        0,
        7.93,
        0
      ]
    },
    {
      "Target": "Parameter",
      "Id": "PARAM_BANSHOU",
      "Segments": [
        0,
        0,
        0,
        7.93,
        0
      ]
    },
    {
      "Target": "Parameter",
      "Id": "PARAM_BANSHOU_MOVE",
      "Segments": [
        0,
        0,
        0,
        7.93,
        0
      ]
    },
    {
      "Target": "Parameter",
      "Id": "PARAM_BANSHOU_MOVE_01",
      "Segments": [
        0,
        0,
        0,
        7.93,
        0
      ]
    },
    {
      "Target": "Parameter",
      "Id": "PARAM_SHAOZI",
      "Segments": [
        0,
        0,
        0,
        7.93,
        0
      ]
    },
    {
      "Target": "Parameter",
      "Id": "PARAM_SHAOZI_MOVE",
      "Segments": [
        0,
        0,
        0,
        7.93,
        0
      ]
    },
    {
      "Target": "Parameter",
      "Id": "PARAM_SHAOZI_MOVE_01",
      "Segments": [
        0,
        0,
        0,
        7.93,
        0
      ]
    },
    {
      "Target": "Parameter",
      "Id": "PARAM_SOUP",
      "Segments": [
        0,
        0,
        0,
        7.93,
        0
      ]
    },
    {
      "Target": "Parameter",
      "Id": "PARAM_JITA_CHUXIAN",
      "Segments": [
        0,
        0,
        0,
        7.93,
        0
      ]
    },
    {
      "Target": "Parameter",
      "Id": "PARAM_JITA_LEVEL",
      "Segments": [
        0,
        0,
        0,
        7.93,
        0
      ]
    },
    {
      "Target": "Parameter",
      "Id": "PARAM_JITA_MOVE_X",
      "Segments": [
        0,
        0,
        0,
        7.93,
        0
      ]
    },
    {
      "Target": "Parameter",
      "Id": "PARAM_JITA_MOVE_Y",
      "Segments": [
        0,
        0,
        0,
        7.93,
        0
      ]
    },
    {
      "Target": "Parameter",
      "Id": "PARAM_JITA_Z",
      "Segments": [
        0,
        0,
        0,
        7.93,
        0
      ]
    },
    {
      "Target": "Parameter",
      "Id": "PARAM_JITA_X",
      "Segments": [
        0,
        0,
        0,
        7.93,
        0
      ]
    },
    {
      "Target": "Parameter",
      "Id": "PARAM_JITA_Y",
      "Segments": [
        0,
        0,
        0,
        7.93,
        0
      ]
    },
    {
      "Target": "Parameter",
      "Id": "PARAM_JINADAI_X",
      "Segments": [
        0,
        0,
        0,
        7.93,
        0
      ]
    },
    {
      "Target": "Parameter",
      "Id": "PARAM_JIANDAI_Y",
      "Segments": [
        0,
        0,
        0,
        7.93,
        0
      ]
    },
    {
      "Target": "Parameter",
      "Id": "PARAM_JIANDAI_BACK_X",
      "Segments": [
        0,
        0,
        0,
        7.93,
        0
      ]
    },
    {
      "Target": "Parameter",
      "Id": "PARAM_JIANDAI_BACK_Y",
      "Segments": [
        0,
        0,
        0,
        7.93,
        0
      ]
    },
    {
      "Target": "Parameter",
      "Id": "PARAM_EYE_BALL_Y",
      "Segments": [
        0,
        0,
        0,
        7.93,
        0
      ]
    },
    {
      "Target": "Parameter",
      "Id": "PARAM_EYE_BALL_FORM",
      "Segments": [
        0,
        0,
        0,
        7.93,
        0
      ]
    },
    {
      "Target": "Parameter",
      "Id": "PARAM_EYE_BALL_SAD",
      "Segments": [
        0,
        0,
        0,
        7.93,
        0
      ]
    },
    {
      "Target": "Parameter",
      "Id": "PARAM_EYE_BALL_BAIYAN",
      "Segments": [
        0,
        0,
        0,
        7.93,
        0
      ]
    },
    {
      "Target": "Parameter",
      "Id": "PARAM_EYE_TI1",
      "Segments": [
        0,
        0,
        0,
        7.93,
        0
      ]
    },
    {
      "Target": "Parameter",
      "Id": "PARAM_EYE_TI2",
      "Segments": [
        0,
        0,
        0,
        7.93,
        0
      ]
    },
    {
      "Target": "Parameter",
      "Id": "PARAM_EYE_SPECIAL",
      "Segments": [
        0,
        0,
        0,
        7.93,
        0
      ]
    },
    {
      "Target": "Parameter",
      "Id": "PARAM_EYE_DEFROM",
      "Segments": [
        0,
        0,
        0,
        7.93,
        0
      ]
    },
    {
      "Target": "Parameter",
      "Id": "PARAM_BROW_L_X",
      "Segments": [
        0,
        0,
        0,
        7.93,
        0
      ]
    },
    {
      "Target": "Parameter",
      "Id": "PARAM_BROW_R_X",
      "Segments": [
        0,
        0,
        0,
        7.93,
        0
      ]
    },
    {
      "Target": "Parameter",
      "Id": "PARAM_MOUTH_SPECIAL",
      "Segments": [
        0,
        0,
        0,
        7.93,
        0
      ]
    },
    {
      "Target": "Parameter",
      "Id": "PARAM_MOUTH_DEFORM_SPECIAL",
      "Segments": [
        0,
        0,
        0,
        7.93,
        0
      ]
    },
    {
      "Target": "Parameter",
      "Id": "PARAM_MOUTH_X",
      "Segments": [
        0,
        0,
        0,
        7.93,
        0
      ]
    },
    {
      "Target": "Parameter",
      "Id": "PARAM_MOUTH_Y",
      "Segments": [
        0,
        0,
        0,
        7.93,
        0
      ]
    },
    {
      "Target": "Parameter",
      "Id": "PARAM_WATER",
      "Segments": [
        0,
        0,
        0,
        7.93,
        0
      ]
    },
    {
      "Target": "Parameter",
      "Id": "PARAM_HAN",
      "Segments": [
        0,
        0,
        0,
        7.93,
        0
      ]
    },
    {
      "Target": "Parameter",
      "Id": "PARAM_ANGRY",
      "Segments": [
        0,
        0,
        0,
        7.93,
        0
      ]
    },
    {
      "Target": "Parameter",
      "Id": "PARAM_HEI",
      "Segments": [
        0,
        -1,
        0,
        7.93,
        -1
      ]
    },
    {
      "Target": "Parameter",
      "Id": "PARAM_LIANHEIXIAN",
      "Segments": [
        0,
        0,
        0,
        7.93,
        0
      ]
    },
    {
      "Target": "Parameter",
      "Id": "PARAM_FAT",
      "Segments": [
        0,
        0,
        0,
        7.93,
        0
      ]
    },
    {
      "Target": "Parameter",
      "Id": "PARAM_HEIXIAN",
      "Segments": [
        0,
        0,
        0,
        7.93,
        0
      ]
    },
    {
      "Target": "Parameter",
      "Id": "PARAM_YINYING",
      "Segments": [
        0,
        0,
        0,
        7.93,
        0
      ]
    },
    {
      "Target": "Parameter",
      "Id": "PARAM_TANQI",
      "Segments": [
        0,
        0,
        0,
        7.93,
        0
      ]
    },
    {
      "Target": "Parameter",
      "Id": "PARAM_ZHAMAO",
      "Segments": [
        0,
        0,
        0,
        7.93,
        0
      ]
    },
    {
      "Target": "Parameter",
      "Id": "PARAM_RU_X",
      "Segments": [
        0,
        0,
        0,
        7.93,
        0
      ]
    },
    {
      "Target": "Parameter",
      "Id": "PARAM_RU_Y",
      "Segments": [
        0,
        0,
        0,
        7.93,
        0
      ]
    },
    {
      "Target": "Parameter",
      "Id": "PARAM_HAIR_FRONT",
      "Segments": [
        0,
        0,
        0,
        7.93,
        0
      ]
    },
    {
      "Target": "Parameter",
      "Id": "PARAM_HAIR_FROUT_2",
      "Segments": [
        0,
        0,
        0,
        7.93,
        0
      ]
    },
    {
      "Target": "Parameter",
      "Id": "PARAM_HAIR_FROUT_WAVE",
      "Segments": [
        0,
        0,
        0,
        7.93,
        0
      ]
    },
    {
      "Target": "Parameter",
      "Id": "PARAM_HAIR_SIDE_R",
      "Segments": [
        0,
        0,
        0,
        7.93,
        0
      ]
    },
    {
      "Target": "Parameter",
      "Id": "PARAM_HAIR_SIDE_R2",
      "Segments": [
        0,
        0,
        0,
        7.93,
        0
      ]
    },
    {
      "Target": "Parameter",
      "Id": "PARAM_HAIR_SIDE_WAVE",
      "Segments": [
        0,
        0,
        0,
        7.93,
        0
      ]
    },
    {
      "Target": "Parameter",
      "Id": "PARAM_HAIR_SIDE_R3",
      "Segments": [
        0,
        0,
        0,
        7.93,
        0
      ]
    },
    {
      "Target": "Parameter",
      "Id": "PARAM_HAIR_SIDE_L",
      "Segments": [
        0,
        0,
        0,
        7.93,
        0
      ]
    },
    {
      "Target": "Parameter",
      "Id": "PARAM_HAIR_SIDE_L3",
      "Segments": [
        0,
        0,
        0,
        7.93,
        0
      ]
    },
    {
      "Target": "Parameter",
      "Id": "PARAM_HAIR_BACK_WAVE",
      "Segments": [
        0,
        0,
        0,
        7.93,
        0
      ]
    },
    {
      "Target": "Parameter",
      "Id": "PARAM_XIANQUNZI_1",
      "Segments": [
        0,
        0,
        0,
        7.93,
        0
      ]
    },
    {
      "Target": "Parameter",
      "Id": "PARAM_XIANQUNZI_2",
      "Segments": [
        0,
        0,
        0,
        7.93,
        0
      ]
    },
    {
      "Target": "Parameter",
      "Id": "PARAM_YICENGQUN_YIDUAN_SHAKE",
      "Segments": [
        0,
        0,
        0,
        7.93,
        0
      ]
    },
    {
      "Target": "Parameter",
      "Id": "PARAM_PARAM_YICENGQUN_ERDUAN_SHAKE",
      "Segments": [
        0,
        0,
        0,
        7.93,
        0
      ]
    },
    {
      "Target": "Parameter",
      "Id": "PARAM_YICENGSHA_1DUAN_SHAKE",
      "Segments": [
        0,
        0,
        0,
        7.93,
        0
      ]
    },
    {
      "Target": "Parameter",
      "Id": "PARAM_YICESHA_2DUAN_SHAKE",
      "Segments": [
        0,
        0,
        0,
        7.93,
        0
      ]
    },
    {
      "Target": "Parameter",
      "Id": "PARAM_ERCENGSHA_1DUAN_SHAKE",
      "Segments": [
        0,
        0,
        0,
        7.93,
        0
      ]
    },
    {
      "Target": "Parameter",
      "Id": "PARAM_ERCENGSAHA_2DUAN_SHAKE",
      "Segments": [
        0,
        0,
        0,
        7.93,
        0
      ]
    }
  ],
  "UserData": []
}