{
  "Version": 3,
  "Meta": {
    "Duration": 4.1,
    "Fps": 30.0,
    "Loop": true,
    "AreBeziersRestricted": true,
    "CurveCount": 134,
    "TotalSegmentCount": 598,
    "TotalPointCount": 784,
    "UserDataCount": 0,
    "TotalUserDataSize": 0
  },
  "Curves": [
    {
      "Target": "Parameter",
      "Id": "PARAM_ANGLE_X",
      "Segments": [
        0,
        -9,
        0,
        0.333,
        -10.818,
        0,
        0.5,
        -4.577,
        0,
        0.667,
        -5.348,
        1,
        0.711,
        -5.348,
        0.756,
        -5.361,
        0.8,
        -5.336,
        1,
        1.267,
        -5.067,
        1.733,
        -4.724,
        2.2,
        -4.338,
        1,
        2.278,
        -4.273,
        2.355,
        0.456,
        2.433,
        0.456,
        1,
        2.489,
        0.456,
        2.544,
        -3.074,
        2.6,
        -4.271,
        1,
        2.844,
        -9.539,
        3.089,
        -11.291,
        3.333,
        -11.291,
        0,
        3.667,
        -5.371,
        0,
        4.1,
        -9
      ]
    },
    {
      "Target": "Parameter",
      "Id": "PARAM_ANGLE_Y",
      "Segments": [
        0,
        -15,
        0,
        0.333,
        -26.1,
        0,
        0.5,
        9.354,
        1,
        0.6,
        9.354,
        0.7,
        7.312,
        0.8,
        6.023,
        1,
        0.989,
        3.588,
        1.178,
        3.195,
        1.367,
        0,
        1,
        1.645,
        -4.699,
        1.922,
        -12.473,
        2.2,
        -12.473,
        1,
        2.233,
        -12.473,
        2.267,
        -11.879,
        2.3,
        -8.896,
        1,
        2.344,
        -4.919,
        2.389,
        1.26,
        2.433,
        6.023,
        1,
        2.466,
        9.596,
        2.5,
        11.1,
        2.533,
        11.1,
        0,
        2.7,
        -8,
        1,
        2.8,
        -8,
        2.9,
        7.054,
        3,
        8.084,
        1,
        3.111,
        9.229,
        3.222,
        9.087,
        3.333,
        9.087,
        1,
        3.444,
        9.087,
        3.556,
        -3.898,
        3.667,
        -8.52,
        1,
        3.811,
        -14.529,
        3.956,
        -15,
        4.1,
        -15
      ]
    },
    {
      "Target": "Parameter",
      "Id": "PARAM_ANGLE_Z",
      "Segments": [
        0,
        3,
        0,
        0.333,
        -12.525,
        1,
        0.389,
        -12.525,
        0.444,
        3.283,
        0.5,
        6.315,
        1,
        0.556,
        9.346,
        0.611,
        9.84,
        0.667,
        11.998,
        1,
        0.9,
        21.061,
        1.134,
        26.07,
        1.367,
        26.07,
        0,
        1.767,
        11.938,
        0,
        2.2,
        16.607,
        1,
        2.233,
        16.607,
        2.267,
        15.341,
        2.3,
        11.998,
        1,
        2.344,
        7.541,
        2.389,
        4.064,
        2.433,
        -2.34,
        1,
        2.489,
        -10.345,
        2.544,
        -19.264,
        2.6,
        -19.264,
        1,
        2.844,
        -19.264,
        3.089,
        -14.052,
        3.333,
        -9.14,
        1,
        3.444,
        -6.907,
        3.556,
        -6.648,
        3.667,
        -4.844,
        1,
        3.734,
        -3.761,
        3.8,
        -0.111,
        3.867,
        1.203,
        1,
        3.945,
        2.736,
        4.022,
        3,
        4.1,
        3
      ]
    },
    {
      "Target": "Parameter",
      "Id": "PARAM_BODY_ANGLE_X",
      "Segments": [
        0,
        -4,
        1,
        0.111,
        -4,
        0.222,
        -3.972,
        0.333,
        -3.806,
        1,
        0.366,
        -3.756,
        0.4,
        2.006,
        0.433,
        2.713,
        1,
        0.455,
        3.184,
        0.478,
        3.094,
        0.5,
        3.094,
        1,
        0.556,
        3.094,
        0.611,
        1.007,
        0.667,
        -0.932,
        1,
        0.734,
        -3.259,
        0.8,
        -3.806,
        0.867,
        -3.806,
        0,
        1.367,
        0.947,
        0,
        1.767,
        -3.806,
        0,
        2.2,
        -0.959,
        1,
        2.278,
        -0.959,
        2.355,
        -1.697,
        2.433,
        -2.915,
        1,
        2.489,
        -3.786,
        2.544,
        -4.931,
        2.6,
        -5.309,
        1,
        2.844,
        -6.975,
        3.089,
        -7.546,
        3.333,
        -7.546,
        0,
        4.1,
        -4
      ]
    },
    {
      "Target": "Parameter",
      "Id": "PARAM_BODY_ANGLE_Y",
      "Segments": [
        0,
        0,
        0,
        0.333,
        -1.6,
        0,
        0.5,
        2.88,
        0,
        0.667,
        -2,
        0,
        0.867,
        -0.539,
        0,
        2.2,
        -2,
        0,
        2.433,
        0,
        0,
        2.6,
        -2,
        0,
        3.333,
        1,
        0,
        4.1,
        0
      ]
    },
    {
      "Target": "Parameter",
      "Id": "PARAM_BODY_ANGLE_Z",
      "Segments": [
        0,
        -0.879,
        1,
        0.111,
        -0.879,
        0.222,
        -0.826,
        0.333,
        -0.317,
        1,
        0.389,
        -0.062,
        0.444,
        1.131,
        0.5,
        1.131,
        1,
        0.556,
        1.131,
        0.611,
        1.107,
        0.667,
        0.672,
        1,
        0.734,
        0.151,
        0.8,
        -0.544,
        0.867,
        -0.544,
        0,
        1.367,
        0,
        0,
        1.767,
        -1.018,
        1,
        1.911,
        -1.018,
        2.056,
        0.498,
        2.2,
        0.632,
        1,
        2.278,
        0.703,
        2.355,
        0.672,
        2.433,
        0.672,
        1,
        2.489,
        0.672,
        2.544,
        0.601,
        2.6,
        0.393,
        1,
        2.844,
        -0.523,
        3.089,
        -1.02,
        3.333,
        -1.02,
        0,
        4.1,
        -0.879
      ]
    },
    {
      "Target": "Parameter",
      "Id": "PARAM_UPPER_BODY",
      "Segments": [
        0,
        -1.53,
        0,
        0.433,
        -1.613,
        1,
        0.511,
        -1.613,
        0.589,
        -1.53,
        0.667,
        -1.093,
        1,
        0.734,
        -0.719,
        0.8,
        0.268,
        0.867,
        0.52,
        1,
        1.034,
        1.15,
        1.2,
        1.3,
        1.367,
        1.3,
        0,
        1.767,
        0.52,
        0,
        2.2,
        0.938,
        1,
        2.278,
        0.938,
        2.355,
        0.892,
        2.433,
        0.52,
        1,
        2.489,
        0.254,
        2.544,
        -0.485,
        2.6,
        -0.995,
        1,
        2.844,
        -3.239,
        3.089,
        -4.368,
        3.333,
        -4.368,
        0,
        4.1,
        -1.53
      ]
    },
    {
      "Target": "Parameter",
      "Id": "PARAM_LEFT_ARM",
      "Segments": [
        0,
        0.2,
        0,
        0.167,
        0.465,
        0,
        0.533,
        0.304,
        0,
        0.767,
        0.41,
        2,
        1.067,
        0.41,
        0,
        1.367,
        0.35,
        0,
        2.2,
        0.387,
        0,
        2.6,
        0.357,
        2,
        3.333,
        0.357,
        0,
        3.6,
        0.158,
        0,
        3.9,
        0.402,
        0,
        4.1,
        0.2
      ]
    },
    {
      "Target": "Parameter",
      "Id": "PARAM_ARM_L",
      "Segments": [
        0,
        -1,
        2,
        0.167,
        -1,
        0,
        0.533,
        3.788,
        0,
        0.767,
        2.958,
        2,
        1.067,
        2.958,
        2,
        2.2,
        2.958,
        0,
        2.6,
        2.808,
        2,
        3.333,
        2.808,
        0,
        3.9,
        -1,
        2,
        4.1,
        -1
      ]
    },
    {
      "Target": "Parameter",
      "Id": "PARAM_ARM_L_TOUSHI2",
      "Segments": [
        0,
        0,
        1,
        0.178,
        0,
        0.355,
        0.055,
        0.533,
        0.187,
        1,
        0.611,
        0.244,
        0.689,
        0.287,
        0.767,
        0.287,
        2,
        1.067,
        0.287,
        2,
        1.367,
        0.287,
        2,
        2.2,
        0.287,
        2,
        2.3,
        0.287,
        2,
        2.6,
        0.287,
        2,
        3.333,
        0.287,
        0,
        3.9,
        0,
        2,
        4.1,
        0
      ]
    },
    {
      "Target": "Parameter",
      "Id": "PARAM_TOUSHI_L",
      "Segments": [
        0,
        0,
        1,
        0.178,
        0,
        0.355,
        0.062,
        0.533,
        0.383,
        1,
        0.611,
        0.524,
        0.689,
        0.9,
        0.767,
        0.9,
        2,
        1.067,
        0.9,
        2,
        2.2,
        0.9,
        2,
        2.6,
        0.9,
        2,
        3.333,
        0.9,
        0,
        3.9,
        0,
        2,
        4.1,
        0
      ]
    },
    {
      "Target": "Parameter",
      "Id": "PARAM_ARM_L_02",
      "Segments": [
        0,
        0.951,
        0,
        0.233,
        1,
        1,
        0.333,
        1,
        0.433,
        0.461,
        0.533,
        0.135,
        1,
        0.578,
        -0.01,
        0.622,
        0.025,
        0.667,
        0.025,
        0,
        0.767,
        0.211,
        2,
        1.067,
        0.211,
        2,
        1.367,
        0.211,
        0,
        2.2,
        0.217,
        0,
        2.6,
        0.211,
        2,
        3.333,
        0.211,
        0,
        3.7,
        0.15,
        0,
        4.1,
        0.951
      ]
    },
    {
      "Target": "Parameter",
      "Id": "PARAM_HAND_L",
      "Segments": [
        0,
        0,
        2,
        0.233,
        0,
        0,
        0.267,
        0.5,
        2,
        0.767,
        0.5,
        2,
        1.067,
        0.5,
        2,
        1.367,
        0.5,
        2,
        2.2,
        0.5,
        2,
        2.6,
        0.5,
        2,
        3.333,
        0.5,
        2,
        3.7,
        0.5,
        0,
        3.733,
        0,
        2,
        4.1,
        0
      ]
    },
    {
      "Target": "Parameter",
      "Id": "PARAM_HAND_L2",
      "Segments": [
        0,
        0,
        2,
        0.233,
        0,
        2,
        0.267,
        1,
        2,
        0.767,
        1,
        2,
        1.067,
        1,
        2,
        1.367,
        1,
        2,
        2.2,
        1,
        2,
        2.6,
        1,
        2,
        3.333,
        1,
        2,
        3.7,
        1,
        2,
        3.733,
        0,
        2,
        4.1,
        0
      ]
    },
    {
      "Target": "Parameter",
      "Id": "PARAM_HAND_L_02",
      "Segments": [
        0,
        0,
        0,
        0.533,
        1,
        2,
        0.667,
        1,
        0,
        0.767,
        -1,
        2,
        1.067,
        -1,
        2,
        1.367,
        -1,
        2,
        2.2,
        -1,
        2,
        2.6,
        -1,
        2,
        3.333,
        -1,
        0,
        4.1,
        0
      ]
    },
    {
      "Target": "Parameter",
      "Id": "PARAM_HAND_L_LEVEL",
      "Segments": [
        0,
        0,
        0,
        0.1,
        1,
        2,
        0.533,
        1,
        2,
        0.767,
        1,
        2,
        1.067,
        1,
        2,
        1.367,
        1,
        2,
        2.2,
        1,
        2,
        2.6,
        1,
        2,
        3.333,
        1,
        2,
        3.867,
        1,
        2,
        3.9,
        0,
        2,
        4.1,
        0
      ]
    },
    {
      "Target": "Parameter",
      "Id": "PARAM_RIGHT_ARM",
      "Segments": [
        0,
        0.643,
        0,
        0.433,
        0.595,
        0,
        0.633,
        0.645,
        2,
        0.9,
        0.645,
        2,
        1.367,
        0.645,
        0,
        2.2,
        0.697,
        0,
        2.6,
        0.631,
        2,
        3.333,
        0.631,
        0,
        3.733,
        0.746,
        0,
        4.1,
        0.643
      ]
    },
    {
      "Target": "Parameter",
      "Id": "PARAM_ARM_R",
      "Segments": [
        0,
        4.557,
        1,
        0.144,
        4.557,
        0.289,
        4.287,
        0.433,
        3.848,
        1,
        0.5,
        3.645,
        0.566,
        3.585,
        0.633,
        3.585,
        2,
        0.9,
        3.585,
        1,
        1.056,
        3.585,
        1.211,
        3.587,
        1.367,
        3.58,
        1,
        1.645,
        3.566,
        1.922,
        3.515,
        2.2,
        3.515,
        1,
        2.333,
        3.515,
        2.467,
        3.544,
        2.6,
        3.546,
        1,
        2.844,
        3.548,
        3.089,
        3.548,
        3.333,
        3.551,
        1,
        3.466,
        3.553,
        3.6,
        3.701,
        3.733,
        3.872,
        1,
        3.855,
        4.029,
        3.978,
        4.557,
        4.1,
        4.557
      ]
    },
    {
      "Target": "Parameter",
      "Id": "PARAM_ARM_R_TOUSHI2",
      "Segments": [
        0,
        0.3,
        2,
        0.433,
        0.3,
        2,
        0.633,
        0.3,
        0,
        0.9,
        0.391,
        2,
        1.367,
        0.391,
        2,
        2.2,
        0.391,
        1,
        2.333,
        0.391,
        2.467,
        0.338,
        2.6,
        0.315,
        1,
        2.844,
        0.272,
        3.089,
        0.265,
        3.333,
        0.265,
        0,
        4.1,
        0.3
      ]
    },
    {
      "Target": "Parameter",
      "Id": "PARAM_TOUSHI_R",
      "Segments": [
        0,
        0.7,
        0,
        0.433,
        0.584,
        2,
        0.633,
        0.584,
        2,
        0.9,
        0.584,
        2,
        1.367,
        0.584,
        2,
        2.2,
        0.584,
        2,
        2.6,
        0.584,
        2,
        3.333,
        0.584,
        0,
        4.1,
        0.7
      ]
    },
    {
      "Target": "Parameter",
      "Id": "PARAM_ARM_R_02",
      "Segments": [
        0,
        0.847,
        1,
        0.033,
        0.847,
        0.067,
        -0.084,
        0.1,
        -0.167,
        1,
        0.211,
        -0.445,
        0.322,
        -0.498,
        0.433,
        -0.498,
        0,
        0.633,
        -0.227,
        2,
        0.9,
        -0.227,
        2,
        1.367,
        -0.227,
        1,
        1.645,
        -0.227,
        1.922,
        -0.28,
        2.2,
        -0.299,
        1,
        2.333,
        -0.308,
        2.467,
        -0.305,
        2.6,
        -0.305,
        2,
        3.333,
        -0.305,
        0,
        3.733,
        0.9,
        0,
        4.1,
        0.847
      ]
    },
    {
      "Target": "Parameter",
      "Id": "PARAM_HAND_R",
      "Segments": [
        0,
        0,
        2,
        0.233,
        0,
        0,
        0.267,
        0.5,
        2,
        0.433,
        0.5,
        2,
        0.633,
        0.5,
        2,
        0.9,
        0.5,
        2,
        1.367,
        0.5,
        2,
        2.2,
        0.5,
        2,
        3.333,
        0.5,
        2,
        3.7,
        0.5,
        0,
        3.733,
        0,
        2,
        4.1,
        0
      ]
    },
    {
      "Target": "Parameter",
      "Id": "PARAM_HAND_R2",
      "Segments": [
        0,
        0,
        2,
        0.233,
        0,
        2,
        0.267,
        1,
        2,
        0.433,
        1,
        2,
        0.633,
        1,
        2,
        0.9,
        1,
        2,
        1.367,
        1,
        2,
        2.2,
        1,
        2,
        3.333,
        1,
        2,
        3.7,
        1,
        2,
        3.733,
        0,
        2,
        4.1,
        0
      ]
    },
    {
      "Target": "Parameter",
      "Id": "PARAM_HAND_R_02",
      "Segments": [
        0,
        1,
        2,
        0.233,
        1,
        2,
        0.267,
        1,
        2,
        0.433,
        1,
        2,
        0.567,
        1,
        0,
        0.633,
        -0.5,
        2,
        0.9,
        -0.5,
        2,
        1.367,
        -0.5,
        2,
        2.2,
        -0.5,
        2,
        2.433,
        -0.5,
        2,
        3.333,
        -0.5,
        2,
        3.7,
        -0.5,
        0,
        3.733,
        1,
        2,
        4.1,
        1
      ]
    },
    {
      "Target": "Parameter",
      "Id": "PARAM_EYE_L_OPEN",
      "Segments": [
        0,
        1,
        0,
        0.333,
        0,
        0,
        0.433,
        1,
        2,
        0.5,
        1,
        0,
        0.667,
        0,
        0,
        0.8,
        1,
        2,
        0.967,
        1,
        2,
        1.367,
        1,
        1,
        1.645,
        1,
        1.922,
        0.66,
        2.2,
        0.074,
        1,
        2.233,
        0.004,
        2.267,
        0,
        2.3,
        0,
        2,
        2.6,
        0,
        2,
        3.333,
        0,
        2,
        3.667,
        0,
        0,
        4.1,
        1
      ]
    },
    {
      "Target": "Parameter",
      "Id": "PARAM_EYE_L_FORM",
      "Segments": [
        0,
        0.5,
        2,
        0.433,
        0.5,
        2,
        0.5,
        0.5,
        0,
        0.667,
        0.1,
        0,
        0.8,
        0.5,
        2,
        0.967,
        0.5,
        2,
        1.367,
        0.5,
        1,
        1.645,
        0.5,
        1.922,
        0.364,
        2.2,
        0.13,
        1,
        2.233,
        0.102,
        2.267,
        0.1,
        2.3,
        0.1,
        2,
        2.6,
        0.1,
        2,
        3.333,
        0.1,
        2,
        3.667,
        0.1,
        0,
        4.1,
        0.5
      ]
    },
    {
      "Target": "Parameter",
      "Id": "PARAM_EYE_R_OPEN",
      "Segments": [
        0,
        1,
        0,
        0.333,
        0,
        0,
        0.433,
        1,
        2,
        0.5,
        1,
        0,
        0.667,
        0,
        0,
        0.8,
        1,
        2,
        0.967,
        1,
        2,
        1.367,
        1,
        1,
        1.645,
        1,
        1.922,
        0.66,
        2.2,
        0.074,
        1,
        2.233,
        0.004,
        2.267,
        0,
        2.3,
        0,
        2,
        2.6,
        0,
        2,
        3.333,
        0,
        2,
        3.667,
        0,
        0,
        4.1,
        1
      ]
    },
    {
      "Target": "Parameter",
      "Id": "PARAM_EYE_R_FORM",
      "Segments": [
        0,
        0.5,
        2,
        0.433,
        0.5,
        2,
        0.5,
        0.5,
        0,
        0.667,
        0.1,
        0,
        0.8,
        0.5,
        2,
        0.967,
        0.5,
        2,
        1.367,
        0.5,
        1,
        1.645,
        0.5,
        1.922,
        0.364,
        2.2,
        0.13,
        1,
        2.233,
        0.102,
        2.267,
        0.1,
        2.3,
        0.1,
        2,
        2.6,
        0.1,
        2,
        3.333,
        0.1,
        2,
        3.667,
        0.1,
        0,
        4.1,
        0.5
      ]
    },
    {
      "Target": "Parameter",
      "Id": "PARAM_EYE_BALL_X",
      "Segments": [
        0,
        0,
        2,
        0.433,
        0,
        2,
        0.5,
        0,
        1,
        0.556,
        0,
        0.611,
        -0.021,
        0.667,
        -0.134,
        1,
        0.711,
        -0.224,
        0.756,
        -0.336,
        0.8,
        -0.336,
        2,
        0.967,
        -0.336,
        2,
        1.367,
        -0.336,
        1,
        1.645,
        -0.336,
        1.922,
        -0.315,
        2.2,
        -0.279,
        1,
        2.233,
        -0.274,
        2.267,
        -0.274,
        2.3,
        -0.274,
        2,
        2.433,
        -0.274,
        2,
        2.6,
        -0.274,
        2,
        3.333,
        -0.274,
        0,
        4.1,
        0
      ]
    },
    {
      "Target": "Parameter",
      "Id": "PARAM_EYE_BALL_Y",
      "Segments": [
        0,
        0,
        2,
        0.433,
        0,
        2,
        0.5,
        0,
        1,
        0.556,
        0,
        0.611,
        -0.195,
        0.667,
        -0.363,
        1,
        0.711,
        -0.497,
        0.756,
        -0.508,
        0.8,
        -0.508,
        2,
        0.967,
        -0.508,
        1,
        1.1,
        -0.508,
        1.234,
        -0.351,
        1.367,
        -0.298,
        1,
        1.645,
        -0.188,
        1.922,
        -0.13,
        2.2,
        -0.044,
        1,
        2.233,
        -0.033,
        2.267,
        -0.01,
        2.3,
        -0.006,
        1,
        2.344,
        0,
        2.389,
        0,
        2.433,
        0,
        2,
        2.6,
        0,
        2,
        3.333,
        0,
        2,
        4.1,
        0
      ]
    },
    {
      "Target": "Parameter",
      "Id": "PARAM_EYE_TI1",
      "Segments": [
        0,
        0,
        2,
        0.333,
        0,
        0,
        0.433,
        1,
        2,
        0.5,
        1,
        2,
        2.2,
        1,
        2,
        2.267,
        1,
        0,
        2.3,
        0,
        2,
        2.433,
        0,
        2,
        2.6,
        0,
        2,
        3.333,
        0,
        2,
        4.1,
        0
      ]
    },
    {
      "Target": "Parameter",
      "Id": "PARAM_EYE_TI2",
      "Segments": [
        0,
        0,
        0,
        0.333,
        -0.3,
        0,
        0.433,
        1,
        2,
        0.5,
        1,
        2,
        2.2,
        1,
        2,
        2.267,
        1,
        0,
        2.3,
        0,
        2,
        2.433,
        0,
        2,
        2.6,
        0,
        2,
        3.333,
        0,
        2,
        4.1,
        0
      ]
    },
    {
      "Target": "Parameter",
      "Id": "PARAM_EYE_SPECIAL",
      "Segments": [
        0,
        0,
        2,
        0.333,
        0,
        2,
        0.4,
        0,
        2,
        0.433,
        1,
        2,
        0.5,
        1,
        2,
        2.2,
        1,
        2,
        2.267,
        1,
        2,
        2.3,
        0,
        2,
        2.433,
        0,
        2,
        2.6,
        0,
        2,
        3.333,
        0,
        2,
        4.1,
        0
      ]
    },
    {
      "Target": "Parameter",
      "Id": "PARAM_BROW_L_X",
      "Segments": [
        0,
        0,
        2,
        0.433,
        0,
        2,
        0.5,
        0,
        2,
        0.8,
        0,
        2,
        1.367,
        0,
        2,
        2.2,
        0,
        2,
        2.267,
        0,
        0,
        2.3,
        0.3,
        2,
        2.433,
        0.3,
        2,
        2.6,
        0.3,
        2,
        3.333,
        0.3,
        0,
        4.1,
        0
      ]
    },
    {
      "Target": "Parameter",
      "Id": "PARAM_BROW_L_Y",
      "Segments": [
        0,
        0,
        0,
        0.333,
        -1,
        0,
        0.433,
        -0.2,
        2,
        0.5,
        -0.2,
        0,
        0.8,
        0,
        2,
        1.367,
        0,
        2,
        2.2,
        0,
        2,
        2.267,
        0,
        0,
        2.3,
        -1,
        2,
        2.433,
        -1,
        2,
        2.6,
        -1,
        2,
        3.333,
        -1,
        2,
        3.667,
        -1,
        0,
        4.1,
        0
      ]
    },
    {
      "Target": "Parameter",
      "Id": "PARAM_BROW_R_X",
      "Segments": [
        0,
        0,
        2,
        0.433,
        0,
        2,
        0.5,
        0,
        2,
        0.8,
        0,
        2,
        1.367,
        0,
        2,
        2.2,
        0,
        2,
        2.267,
        0,
        0,
        2.3,
        -0.2,
        2,
        2.433,
        -0.2,
        2,
        2.6,
        -0.2,
        2,
        3.333,
        -0.2,
        0,
        4.1,
        0
      ]
    },
    {
      "Target": "Parameter",
      "Id": "PARAM_BROW_R_Y",
      "Segments": [
        0,
        0,
        0,
        0.333,
        -1,
        0,
        0.433,
        -0.2,
        2,
        0.5,
        -0.2,
        0,
        0.8,
        0,
        2,
        1.367,
        0,
        2,
        2.2,
        0,
        2,
        2.267,
        0,
        0,
        2.3,
        -1,
        2,
        2.433,
        -1,
        2,
        2.6,
        -1,
        2,
        3.333,
        -1,
        2,
        3.667,
        -1,
        0,
        4.1,
        0
      ]
    },
    {
      "Target": "Parameter",
      "Id": "PARAM_BROW_L_ANGLE",
      "Segments": [
        0,
        0,
        0,
        0.433,
        0.2,
        2,
        0.5,
        0.2,
        0,
        0.8,
        0.3,
        2,
        1.367,
        0.3,
        2,
        2.2,
        0.3,
        2,
        2.267,
        0.3,
        0,
        2.3,
        0.5,
        2,
        2.433,
        0.5,
        2,
        3.333,
        0.5,
        0,
        4.1,
        0
      ]
    },
    {
      "Target": "Parameter",
      "Id": "PARAM_BROW_R_ANGLE",
      "Segments": [
        0,
        0,
        0,
        0.433,
        0.2,
        2,
        0.5,
        0.2,
        0,
        0.8,
        0.3,
        2,
        1.367,
        0.3,
        2,
        2.2,
        0.3,
        2,
        2.267,
        0.3,
        0,
        2.3,
        0.5,
        2,
        2.433,
        0.5,
        2,
        3.333,
        0.5,
        0,
        4.1,
        0
      ]
    },
    {
      "Target": "Parameter",
      "Id": "PARAM_BROW_L_FORM",
      "Segments": [
        0,
        0.5,
        0,
        0.433,
        0,
        2,
        0.5,
        0,
        2,
        0.8,
        0,
        2,
        1.367,
        0,
        2,
        2.2,
        0,
        2,
        2.267,
        0,
        2,
        2.3,
        0,
        2,
        2.433,
        0,
        2,
        2.6,
        0,
        2,
        3.333,
        0,
        2,
        3.667,
        0,
        0,
        4.1,
        0.5
      ]
    },
    {
      "Target": "Parameter",
      "Id": "PARAM_BROW_R_FORM",
      "Segments": [
        0,
        0.5,
        0,
        0.433,
        0,
        2,
        0.5,
        0,
        2,
        0.8,
        0,
        2,
        1.367,
        0,
        2,
        2.2,
        0,
        2,
        2.267,
        0,
        2,
        2.3,
        0,
        2,
        2.433,
        0,
        2,
        2.6,
        0,
        2,
        3.333,
        0,
        2,
        3.667,
        0,
        0,
        4.1,
        0.5
      ]
    },
    {
      "Target": "Parameter",
      "Id": "PARAM_MOUTH_OPEN",
      "Segments": [
        0,
        0,
        2,
        0.433,
        0,
        2,
        0.5,
        0,
        2,
        2.2,
        0,
        2,
        2.267,
        0,
        2,
        2.3,
        0,
        2,
        2.533,
        0,
        0,
        2.6,
        1.7,
        2,
        3.333,
        1.7,
        1,
        3.444,
        1.7,
        3.556,
        1.276,
        3.667,
        0.8,
        1,
        3.811,
        0.182,
        3.956,
        0,
        4.1,
        0
      ]
    },
    {
      "Target": "Parameter",
      "Id": "PARAM_MOUTH_FORM",
      "Segments": [
        0,
        -0.6,
        0,
        0.333,
        -0.748,
        1,
        0.355,
        -0.748,
        0.378,
        -0.617,
        0.4,
        0,
        1,
        0.411,
        0.309,
        0.422,
        1,
        0.433,
        1,
        2,
        0.5,
        1,
        2,
        2.2,
        1,
        2,
        2.267,
        1,
        2,
        2.3,
        -1,
        2,
        2.533,
        -1,
        2,
        2.6,
        -1,
        2,
        3.333,
        -1,
        2,
        3.667,
        -1,
        0,
        4.1,
        -0.6
      ]
    },
    {
      "Target": "Parameter",
      "Id": "PARAM_MOUTH_SPECIAL",
      "Segments": [
        0,
        0,
        2,
        0.333,
        0,
        2,
        0.4,
        1,
        2,
        0.433,
        1,
        2,
        0.5,
        1,
        2,
        2.2,
        1,
        2,
        2.267,
        1,
        2,
        2.3,
        0,
        2,
        2.533,
        0,
        2,
        2.6,
        0,
        2,
        3.333,
        0,
        2,
        4.1,
        0
      ]
    },
    {
      "Target": "Parameter",
      "Id": "PARAM_MOUTH_SIZE",
      "Segments": [
        0,
        -0.5,
        0,
        0.433,
        0,
        2,
        0.5,
        0,
        2,
        0.667,
        0,
        0,
        2.2,
        -1,
        2,
        2.267,
        -1,
        0,
        2.3,
        -0.035,
        1,
        2.344,
        -0.035,
        2.389,
        -0.038,
        2.433,
        -0.2,
        1,
        2.466,
        -0.321,
        2.5,
        -0.7,
        2.533,
        -0.7,
        0,
        2.6,
        -0.2,
        2,
        3.333,
        -0.2,
        0,
        4.1,
        -0.5
      ]
    },
    {
      "Target": "Parameter",
      "Id": "PARAM_MOUTH_X",
      "Segments": [
        0,
        0,
        0,
        0.333,
        -0.164,
        1,
        0.366,
        -0.164,
        0.4,
        -0.035,
        0.433,
        0.1,
        1,
        0.455,
        0.19,
        0.478,
        0.2,
        0.5,
        0.2,
        2,
        0.667,
        0.2,
        2,
        0.867,
        0.2,
        2,
        1.367,
        0.2,
        2,
        2.2,
        0.2,
        0,
        2.433,
        -0.071,
        0,
        2.6,
        -0.039,
        2,
        3.333,
        -0.039,
        0,
        4.1,
        0
      ]
    },
    {
      "Target": "Parameter",
      "Id": "PARAM_TERE",
      "Segments": [
        0,
        0.8,
        0,
        0.433,
        0.6,
        2,
        0.5,
        0.6,
        2,
        0.667,
        0.6,
        2,
        0.867,
        0.6,
        2,
        1.367,
        0.6,
        2,
        2.2,
        0.6,
        2,
        2.433,
        0.6,
        2,
        2.6,
        0.6,
        2,
        3.333,
        0.6,
        0,
        4.1,
        0.8
      ]
    },
    {
      "Target": "PartOpacity",
      "Id": "PARTS_GUDIAN",
      "Segments": [
        0,
        1,
        2,
        4.1,
        1
      ]
    },
    {
      "Target": "PartOpacity",
      "Id": "PARTS_01_ARM_L_01",
      "Segments": [
        0,
        1,
        2,
        4.1,
        1
      ]
    },
    {
      "Target": "PartOpacity",
      "Id": "PARTS_01_ARM_R_01",
      "Segments": [
        0,
        1,
        2,
        4.1,
        1
      ]
    },
    {
      "Target": "PartOpacity",
      "Id": "PARTS_01_BODY",
      "Segments": [
        0,
        1,
        2,
        4.1,
        1
      ]
    },
    {
      "Target": "PartOpacity",
      "Id": "PARTS_01_NECK",
      "Segments": [
        0,
        1,
        2,
        4.1,
        1
      ]
    },
    {
      "Target": "PartOpacity",
      "Id": "PARTS_01_HAIR_BACK_001",
      "Segments": [
        0,
        1,
        2,
        4.1,
        1
      ]
    },
    {
      "Target": "PartOpacity",
      "Id": "PARTS_01_HAIR_SIDE_001",
      "Segments": [
        0,
        1,
        2,
        4.1,
        1
      ]
    },
    {
      "Target": "PartOpacity",
      "Id": "PARTS_01_HAIR_FRONT_001",
      "Segments": [
        0,
        1,
        2,
        4.1,
        1
      ]
    },
    {
      "Target": "PartOpacity",
      "Id": "PARTS_01_EAR_001",
      "Segments": [
        0,
        1,
        2,
        4.1,
        1
      ]
    },
    {
      "Target": "PartOpacity",
      "Id": "PARTS_01_NOSE_001",
      "Segments": [
        0,
        1,
        2,
        4.1,
        1
      ]
    },
    {
      "Target": "PartOpacity",
      "Id": "PARTS_01_MOUTH_001",
      "Segments": [
        0,
        1,
        2,
        4.1,
        1
      ]
    },
    {
      "Target": "PartOpacity",
      "Id": "PARTS_01_BROW_001",
      "Segments": [
        0,
        1,
        2,
        4.1,
        1
      ]
    },
    {
      "Target": "PartOpacity",
      "Id": "PARTS_01_EYE_BALL_001",
      "Segments": [
        0,
        1,
        2,
        4.1,
        1
      ]
    },
    {
      "Target": "PartOpacity",
      "Id": "PARTS_01_EYE_001",
      "Segments": [
        0,
        1,
        2,
        4.1,
        1
      ]
    },
    {
      "Target": "PartOpacity",
      "Id": "PARTS_01_FACE_001",
      "Segments": [
        0,
        1,
        2,
        4.1,
        1
      ]
    },
    {
      "Target": "PartOpacity",
      "Id": "ROUGH",
      "Segments": [
        0,
        1,
        2,
        4.1,
        1
      ]
    },
    {
      "Target": "Model",
      "Id": "Opacity",
      "Segments": [
        0,
        1,
        0,
        4.1,
        1
      ]
    },
    {
      "Target": "Parameter",
      "Id": "PARAM_LEFT_ARM_TAI",
      "Segments": [
        0,
        0,
        0,
        4.1,
        0
      ]
    },
    {
      "Target": "Parameter",
      "Id": "PARAM_TANGDIE",
      "Segments": [
        0,
        0,
        0,
        4.1,
        0
      ]
    },
    {
      "Target": "Parameter",
      "Id": "PARAM_RIGHT_ARM_TAI",
      "Segments": [
        0,
        0.5,
        0,
        4.1,
        0.5
      ]
    },
    {
      "Target": "Parameter",
      "Id": "PARAM_HAND_R_LEVEL",
      "Segments": [
        0,
        1,
        0,
        4.1,
        1
      ]
    },
    {
      "Target": "Parameter",
      "Id": "PARAM_YIFU",
      "Segments": [
        0,
        0,
        0,
        4.1,
        0
      ]
    },
    {
      "Target": "Parameter",
      "Id": "PARAM_CHICKEN",
      "Segments": [
        0,
        0,
        0,
        4.1,
        0
      ]
    },
    {
      "Target": "Parameter",
      "Id": "PARAM_CHICKEN_MOVE",
      "Segments": [
        0,
        0,
        0,
        4.1,
        0
      ]
    },
    {
      "Target": "Parameter",
      "Id": "PARAM_BANSHOU",
      "Segments": [
        0,
        0,
        0,
        4.1,
        0
      ]
    },
    {
      "Target": "Parameter",
      "Id": "PARAM_BANSHOU_MOVE",
      "Segments": [
        0,
        0,
        0,
        4.1,
        0
      ]
    },
    {
      "Target": "Parameter",
      "Id": "PARAM_BANSHOU_MOVE_01",
      "Segments": [
        0,
        0,
        0,
        4.1,
        0
      ]
    },
    {
      "Target": "Parameter",
      "Id": "PARAM_SHAOZI",
      "Segments": [
        0,
        0,
        0,
        4.1,
        0
      ]
    },
    {
      "Target": "Parameter",
      "Id": "PARAM_SHAOZI_MOVE",
      "Segments": [
        0,
        0,
        0,
        4.1,
        0
      ]
    },
    {
      "Target": "Parameter",
      "Id": "PARAM_SHAOZI_MOVE_01",
      "Segments": [
        0,
        0,
        0,
        4.1,
        0
      ]
    },
    {
      "Target": "Parameter",
      "Id": "PARAM_SOUP",
      "Segments": [
        0,
        0,
        0,
        4.1,
        0
      ]
    },
    {
      "Target": "Parameter",
      "Id": "PARAM_JITA_CHUXIAN",
      "Segments": [
        0,
        0,
        0,
        4.1,
        0
      ]
    },
    {
      "Target": "Parameter",
      "Id": "PARAM_JITA_LEVEL",
      "Segments": [
        0,
        0,
        0,
        4.1,
        0
      ]
    },
    {
      "Target": "Parameter",
      "Id": "PARAM_JITA_MOVE_X",
      "Segments": [
        0,
        0,
        0,
        4.1,
        0
      ]
    },
    {
      "Target": "Parameter",
      "Id": "PARAM_JITA_MOVE_Y",
      "Segments": [
        0,
        0,
        0,
        4.1,
        0
      ]
    },
    {
      "Target": "Parameter",
      "Id": "PARAM_JITA_Z",
      "Segments": [
        0,
        0,
        0,
        4.1,
        0
      ]
    },
    {
      "Target": "Parameter",
      "Id": "PARAM_JITA_X",
      "Segments": [
        0,
        0,
        0,
        4.1,
        0
      ]
    },
    {
      "Target": "Parameter",
      "Id": "PARAM_JITA_Y",
      "Segments": [
        0,
        0,
        0,
        4.1,
        0
      ]
    },
    {
      "Target": "Parameter",
      "Id": "PARAM_JINADAI_X",
      "Segments": [
        0,
        0,
        0,
        4.1,
        0
      ]
    },
    {
      "Target": "Parameter",
      "Id": "PARAM_JIANDAI_Y",
      "Segments": [
        0,
        0,
        0,
        4.1,
        0
      ]
    },
    {
      "Target": "Parameter",
      "Id": "PARAM_JIANDAI_BACK_X",
      "Segments": [
        0,
        0,
        0,
        4.1,
        0
      ]
    },
    {
      "Target": "Parameter",
      "Id": "PARAM_JIANDAI_BACK_Y",
      "Segments": [
        0,
        0,
        0,
        4.1,
        0
      ]
    },
    {
      "Target": "Parameter",
      "Id": "PARAM_EYE_BALL_FORM",
      "Segments": [
        0,
        0,
        0,
        4.1,
        0
      ]
    },
    {
      "Target": "Parameter",
      "Id": "PARAM_EYE_BALL_SAD",
      "Segments": [
        0,
        0,
        0,
        4.1,
        0
      ]
    },
    {
      "Target": "Parameter",
      "Id": "PARAM_EYE_BALL_BAIYAN",
      "Segments": [
        0,
        0,
        0,
        4.1,
        0
      ]
    },
    {
      "Target": "Parameter",
      "Id": "PARAM_EYE_BALL_KIRAKIRA",
      "Segments": [
        0,
        0,
        0,
        4.1,
        0
      ]
    },
    {
      "Target": "Parameter",
      "Id": "PARAM_EYE_kira_R1",
      "Segments": [
        0,
        1,
        0,
        4.1,
        1
      ]
    },
    {
      "Target": "Parameter",
      "Id": "PARAM_EYE_kira_R2",
      "Segments": [
        0,
        0.5,
        0,
        4.1,
        0.5
      ]
    },
    {
      "Target": "Parameter",
      "Id": "PARAM_EYE_kira_L1",
      "Segments": [
        0,
        1,
        0,
        4.1,
        1
      ]
    },
    {
      "Target": "Parameter",
      "Id": "PARAM_EYE_kira_L2",
      "Segments": [
        0,
        0.5,
        0,
        4.1,
        0.5
      ]
    },
    {
      "Target": "Parameter",
      "Id": "PARAM_EYE_DEFROM",
      "Segments": [
        0,
        0,
        0,
        4.1,
        0
      ]
    },
    {
      "Target": "Parameter",
      "Id": "PARAM_MOUTH_WIDTH",
      "Segments": [
        0,
        1,
        0,
        4.1,
        1
      ]
    },
    {
      "Target": "Parameter",
      "Id": "PARAM_MOUTH_DEFORM_SPECIAL",
      "Segments": [
        0,
        0,
        0,
        4.1,
        0
      ]
    },
    {
      "Target": "Parameter",
      "Id": "PARAM_MOUTH_Y",
      "Segments": [
        0,
        0,
        0,
        4.1,
        0
      ]
    },
    {
      "Target": "Parameter",
      "Id": "PARAM_SHY",
      "Segments": [
        0,
        0,
        0,
        4.1,
        0
      ]
    },
    {
      "Target": "Parameter",
      "Id": "PARAM_TERE2",
      "Segments": [
        0,
        0,
        0,
        4.1,
        0
      ]
    },
    {
      "Target": "Parameter",
      "Id": "PARAM_WATER",
      "Segments": [
        0,
        0,
        0,
        4.1,
        0
      ]
    },
    {
      "Target": "Parameter",
      "Id": "PARAM_HAN",
      "Segments": [
        0,
        0,
        0,
        4.1,
        0
      ]
    },
    {
      "Target": "Parameter",
      "Id": "PARAM_ANGRY",
      "Segments": [
        0,
        0,
        0,
        4.1,
        0
      ]
    },
    {
      "Target": "Parameter",
      "Id": "PARAM_HEI",
      "Segments": [
        0,
        -1,
        0,
        4.1,
        -1
      ]
    },
    {
      "Target": "Parameter",
      "Id": "PARAM_LIANHEIXIAN",
      "Segments": [
        0,
        0,
        0,
        4.1,
        0
      ]
    },
    {
      "Target": "Parameter",
      "Id": "PARAM_FAT",
      "Segments": [
        0,
        0,
        0,
        4.1,
        0
      ]
    },
    {
      "Target": "Parameter",
      "Id": "PARAM_HEIXIAN",
      "Segments": [
        0,
        0,
        0,
        4.1,
        0
      ]
    },
    {
      "Target": "Parameter",
      "Id": "PARAM_YINYING",
      "Segments": [
        0,
        0,
        0,
        4.1,
        0
      ]
    },
    {
      "Target": "Parameter",
      "Id": "PARAM_TANQI",
      "Segments": [
        0,
        0,
        0,
        4.1,
        0
      ]
    },
    {
      "Target": "Parameter",
      "Id": "PARAM_ZHAMAO",
      "Segments": [
        0,
        0,
        0,
        4.1,
        0
      ]
    },
    {
      "Target": "Parameter",
      "Id": "PARAM_RU_X",
      "Segments": [
        0,
        0,
        0,
        4.1,
        0
      ]
    },
    {
      "Target": "Parameter",
      "Id": "PARAM_RU_Y",
      "Segments": [
        0,
        0,
        0,
        4.1,
        0
      ]
    },
    {
      "Target": "Parameter",
      "Id": "PARAM_BREATH",
      "Segments": [
        0,
        0,
        0,
        4.1,
        0
      ]
    },
    {
      "Target": "Parameter",
      "Id": "PARAM_HAIR_FRONT",
      "Segments": [
        0,
        0,
        0,
        4.1,
        0
      ]
    },
    {
      "Target": "Parameter",
      "Id": "PARAM_HAIR_FROUT_2",
      "Segments": [
        0,
        0,
        0,
        4.1,
        0
      ]
    },
    {
      "Target": "Parameter",
      "Id": "PARAM_HAIR_FROUT_WAVE",
      "Segments": [
        0,
        0,
        0,
        4.1,
        0
      ]
    },
    {
      "Target": "Parameter",
      "Id": "PARAM_HAIR_SIDE_R",
      "Segments": [
        0,
        0,
        0,
        4.1,
        0
      ]
    },
    {
      "Target": "Parameter",
      "Id": "PARAM_HAIR_SIDE_R2",
      "Segments": [
        0,
        0,
        0,
        4.1,
        0
      ]
    },
    {
      "Target": "Parameter",
      "Id": "PARAM_HAIR_SIDE_WAVE",
      "Segments": [
        0,
        0,
        0,
        4.1,
        0
      ]
    },
    {
      "Target": "Parameter",
      "Id": "PARAM_HAIR_SIDE_R3",
      "Segments": [
        0,
        0,
        0,
        4.1,
        0
      ]
    },
    {
      "Target": "Parameter",
      "Id": "PARAM_HAIR_SIDE_L",
      "Segments": [
        0,
        0,
        0,
        4.1,
        0
      ]
    },
    {
      "Target": "Parameter",
      "Id": "PARAM_HAIR_SIDE_L3",
      "Segments": [
        0,
        0,
        0,
        4.1,
        0
      ]
    },
    {
      "Target": "Parameter",
      "Id": "PARAM_HAIR_BACK_WAVE",
      "Segments": [
        0,
        0,
        0,
        4.1,
        0
      ]
    },
    {
      "Target": "Parameter",
      "Id": "PARAM_XIANQUNZI_1",
      "Segments": [
        0,
        0,
        0,
        4.1,
        0
      ]
    },
    {
      "Target": "Parameter",
      "Id": "PARAM_XIANQUNZI_2",
      "Segments": [
        0,
        0,
        0,
        4.1,
        0
      ]
    },
    {
      "Target": "Parameter",
      "Id": "PARAM_YICENGQUN_YIDUAN_SHAKE",
      "Segments": [
        0,
        0,
        0,
        4.1,
        0
      ]
    },
    {
      "Target": "Parameter",
      "Id": "PARAM_PARAM_YICENGQUN_ERDUAN_SHAKE",
      "Segments": [
        0,
        0,
        0,
        4.1,
        0
      ]
    },
    {
      "Target": "Parameter",
      "Id": "PARAM_YICENGSHA_1DUAN_SHAKE",
      "Segments": [
        0,
        0,
        0,
        4.1,
        0
      ]
    },
    {
      "Target": "Parameter",
      "Id": "PARAM_YICESHA_2DUAN_SHAKE",
      "Segments": [
        0,
        0,
        0,
        4.1,
        0
      ]
    },
    {
      "Target": "Parameter",
      "Id": "PARAM_ERCENGSHA_1DUAN_SHAKE",
      "Segments": [
        0,
        0,
        0,
        4.1,
        0
      ]
    },
    {
      "Target": "Parameter",
      "Id": "PARAM_ERCENGSAHA_2DUAN_SHAKE",
      "Segments": [
        0,
        0,
        0,
        4.1,
        0
      ]
    }
  ],
  "UserData": []
}