{
  "Version": 3,
  "Meta": {
    "Duration": 7.47,
    "Fps": 30.0,
    "Loop": true,
    "AreBeziersRestricted": true,
    "CurveCount": 134,
    "TotalSegmentCount": 1208,
    "TotalPointCount": 1400,
    "UserDataCount": 0,
    "TotalUserDataSize": 0
  },
  "Curves": [
    {
      "Target": "Parameter",
      "Id": "PARAM_ANGLE_X",
      "Segments": [
        0,
        -9,
        0,
        0.833,
        30,
        2,
        1.133,
        30,
        0,
        1.567,
        -15,
        2,
        1.767,
        -15,
        0,
        2.5,
        30,
        0,
        2.733,
        13.044,
        0,
        4.033,
        30,
        0,
        4.933,
        -11.113,
        0,
        5.267,
        30,
        1,
        5.411,
        30,
        5.556,
        3.786,
        5.7,
        -2.866,
        1,
        5.9,
        -12.077,
        6.1,
        -22.3,
        6.3,
        -22.446,
        1,
        6.356,
        -22.487,
        6.411,
        -22.46,
        6.467,
        -22.46,
        0,
        7.467,
        -9
      ]
    },
    {
      "Target": "Parameter",
      "Id": "PARAM_ANGLE_Y",
      "Segments": [
        0,
        -15,
        0,
        0.233,
        6,
        0,
        0.5,
        -30,
        0,
        0.833,
        -20.521,
        0,
        1.133,
        -30,
        2,
        1.233,
        -30,
        0,
        1.433,
        6,
        0,
        1.767,
        -30,
        0,
        2.1,
        -2.585,
        0,
        2.5,
        -30,
        0,
        2.733,
        5,
        0,
        2.933,
        -30,
        0,
        3.1,
        -2.585,
        0,
        3.267,
        -30,
        0,
        3.467,
        -2.585,
        0,
        3.667,
        -30,
        0,
        3.9,
        -6.462,
        0,
        4.133,
        -30,
        0,
        4.333,
        6,
        0,
        4.533,
        -30,
        0,
        4.767,
        -15,
        0,
        4.933,
        -30,
        1,
        5.044,
        -30,
        5.156,
        -29.825,
        5.267,
        -17.733,
        1,
        5.356,
        -8.059,
        5.444,
        30,
        5.533,
        30,
        0,
        5.7,
        -17.976,
        0,
        5.933,
        8.257,
        1,
        6,
        8.257,
        6.066,
        -12.853,
        6.133,
        -15.963,
        1,
        6.244,
        -21.147,
        6.356,
        -21.573,
        6.467,
        -21.573,
        0,
        6.7,
        3.644,
        0,
        7.067,
        -30,
        0,
        7.467,
        -15
      ]
    },
    {
      "Target": "Parameter",
      "Id": "PARAM_ANGLE_Z",
      "Segments": [
        0,
        3,
        0,
        0.833,
        -17,
        2,
        1.133,
        -17,
        0,
        1.767,
        35,
        0,
        2.5,
        5.994,
        0,
        2.733,
        17.094,
        0,
        3.367,
        5.55,
        0,
        4.033,
        34.737,
        0,
        4.933,
        -18.947,
        1,
        5.044,
        -18.947,
        5.156,
        2.179,
        5.267,
        13.992,
        1,
        5.334,
        21.079,
        5.4,
        20.363,
        5.467,
        20.363,
        1,
        5.545,
        20.363,
        5.622,
        15.584,
        5.7,
        15.033,
        1,
        5.9,
        13.616,
        6.1,
        12.459,
        6.3,
        11.782,
        1,
        6.356,
        11.594,
        6.411,
        11.662,
        6.467,
        11.662,
        0,
        6.7,
        26.208,
        0,
        7.467,
        3
      ]
    },
    {
      "Target": "Parameter",
      "Id": "PARAM_BODY_ANGLE_X",
      "Segments": [
        0,
        -4,
        0,
        0.267,
        3,
        0,
        0.833,
        -2,
        2,
        1.133,
        -2,
        0,
        1.5,
        -6,
        2,
        1.767,
        -6,
        0,
        2.333,
        -2,
        0,
        2.567,
        -2.431,
        1,
        2.645,
        -2.431,
        2.722,
        -0.64,
        2.8,
        -0.278,
        1,
        2.922,
        0.292,
        3.045,
        0.711,
        3.167,
        0.889,
        1,
        3.456,
        1.308,
        3.744,
        1.497,
        4.033,
        1.912,
        1,
        4.333,
        2.343,
        4.633,
        2.731,
        4.933,
        2.731,
        0,
        5.267,
        1.861,
        0,
        5.433,
        2.787,
        1,
        5.489,
        2.787,
        5.544,
        1.43,
        5.6,
        0.996,
        1,
        5.833,
        -0.824,
        6.067,
        -3.401,
        6.3,
        -3.767,
        1,
        6.356,
        -3.854,
        6.411,
        -3.798,
        6.467,
        -3.798,
        0,
        6.933,
        -3.707,
        0,
        7.467,
        -4
      ]
    },
    {
      "Target": "Parameter",
      "Id": "PARAM_BODY_ANGLE_Y",
      "Segments": [
        0,
        0,
        0,
        0.267,
        -10,
        0,
        0.833,
        -1,
        2,
        1.133,
        -1,
        0,
        1.5,
        3,
        2,
        1.767,
        3,
        0,
        2.333,
        -1,
        0,
        2.567,
        1.522,
        0,
        2.8,
        -1,
        0,
        3,
        1.399,
        0,
        3.167,
        -0.447,
        0,
        3.367,
        2.676,
        0,
        3.567,
        0,
        0,
        3.8,
        2.3,
        0,
        4.033,
        0,
        0,
        4.233,
        1.832,
        0,
        4.433,
        -0.405,
        0,
        4.667,
        1.832,
        0,
        4.933,
        0.307,
        0,
        5.267,
        5,
        1,
        5.345,
        5,
        5.422,
        0.376,
        5.5,
        0,
        1,
        5.767,
        -1.288,
        6.033,
        -2.19,
        6.3,
        -3.099,
        1,
        6.356,
        -3.288,
        6.411,
        -3.085,
        6.467,
        -3.46,
        1,
        6.634,
        -4.586,
        6.8,
        -10,
        6.967,
        -10,
        0,
        7.467,
        0
      ]
    },
    {
      "Target": "Parameter",
      "Id": "PARAM_BODY_ANGLE_Z",
      "Segments": [
        0,
        -0.879,
        0,
        0.267,
        5.288,
        1,
        0.456,
        5.288,
        0.644,
        2.085,
        0.833,
        1.691,
        1,
        0.933,
        1.482,
        1.033,
        1.569,
        1.133,
        1.569,
        1,
        1.255,
        1.569,
        1.378,
        6.454,
        1.5,
        7,
        1,
        1.589,
        7.397,
        1.678,
        7.28,
        1.767,
        7.28,
        0,
        2.333,
        1.872,
        0,
        2.567,
        2,
        0,
        2.933,
        1.275,
        1,
        3.078,
        1.275,
        3.222,
        5.719,
        3.367,
        6.791,
        1,
        3.6,
        8.524,
        3.834,
        8.622,
        4.067,
        8.622,
        0,
        4.933,
        3.021,
        0,
        5.367,
        6.183,
        1,
        5.5,
        6.183,
        5.634,
        2.307,
        5.767,
        2.047,
        1,
        5.945,
        1.7,
        6.122,
        1.61,
        6.3,
        1.423,
        1,
        6.356,
        1.365,
        6.411,
        1.438,
        6.467,
        1.291,
        1,
        6.8,
        0.41,
        7.134,
        -0.879,
        7.467,
        -0.879
      ]
    },
    {
      "Target": "Parameter",
      "Id": "PARAM_UPPER_BODY",
      "Segments": [
        0,
        -1.53,
        0,
        0.833,
        -2.989,
        2,
        1.133,
        -2.989,
        2,
        1.5,
        -2.989,
        2,
        1.767,
        -2.989,
        2,
        2.333,
        -2.989,
        0,
        2.567,
        -4,
        0,
        2.8,
        -2.989,
        2,
        3.367,
        -2.989,
        2,
        4.033,
        -2.989,
        2,
        4.933,
        -2.989,
        2,
        5.367,
        -2.989,
        2,
        5.6,
        -2.989,
        1,
        5.833,
        -2.989,
        6.067,
        -4.211,
        6.3,
        -4.574,
        1,
        6.356,
        -4.661,
        6.411,
        -4.609,
        6.467,
        -4.609,
        0,
        7.467,
        -1.53
      ]
    },
    {
      "Target": "Parameter",
      "Id": "PARAM_LEFT_ARM",
      "Segments": [
        0,
        0.2,
        2,
        0.267,
        0.2,
        1,
        0.556,
        0.2,
        0.844,
        0.224,
        1.133,
        0.355,
        1,
        1.255,
        0.411,
        1.378,
        0.589,
        1.5,
        0.589,
        2,
        1.767,
        0.589,
        1,
        1.956,
        0.589,
        2.144,
        0.505,
        2.333,
        0.351,
        1,
        2.411,
        0.288,
        2.489,
        0.263,
        2.567,
        0.263,
        1,
        2.645,
        0.263,
        2.722,
        0.324,
        2.8,
        0.351,
        1,
        2.989,
        0.418,
        3.178,
        0.433,
        3.367,
        0.433,
        0,
        4.033,
        0.315,
        0,
        4.533,
        0.405,
        0,
        4.933,
        0.321,
        0,
        5.367,
        0.586,
        2,
        5.6,
        0.586,
        2,
        6.3,
        0.586,
        2,
        6.467,
        0.586,
        0,
        6.7,
        0.7,
        0,
        7.467,
        0.2
      ]
    },
    {
      "Target": "Parameter",
      "Id": "PARAM_ARM_L",
      "Segments": [
        0,
        -1,
        2,
        0.267,
        -1,
        1,
        0.3,
        -1,
        0.334,
        -0.709,
        0.367,
        -0.691,
        1,
        0.445,
        -0.649,
        0.522,
        -0.693,
        0.6,
        -0.6,
        1,
        0.778,
        -0.386,
        0.955,
        3.2,
        1.133,
        3.2,
        2,
        1.5,
        3.2,
        2,
        1.767,
        3.2,
        0,
        2.333,
        5.227,
        2,
        2.567,
        5.227,
        2,
        2.8,
        5.227,
        2,
        3.367,
        5.227,
        1,
        3.511,
        5.227,
        3.656,
        5.226,
        3.8,
        5.2,
        1,
        3.878,
        5.186,
        3.955,
        5.11,
        4.033,
        5.11,
        2,
        4.933,
        5.11,
        0,
        5.367,
        5.285,
        2,
        5.6,
        5.285,
        2,
        6.3,
        5.285,
        2,
        6.467,
        5.285,
        1,
        6.545,
        5.285,
        6.622,
        5.428,
        6.7,
        4.389,
        1,
        6.8,
        3.053,
        6.9,
        -1,
        7,
        -1,
        2,
        7.467,
        -1
      ]
    },
    {
      "Target": "Parameter",
      "Id": "PARAM_TOUSHI_L",
      "Segments": [
        0,
        0,
        2,
        0.267,
        0,
        2,
        0.367,
        0,
        0,
        1.133,
        1,
        2,
        1.5,
        1,
        2,
        1.767,
        1,
        2,
        2.333,
        1,
        2,
        2.567,
        1,
        2,
        2.8,
        1,
        2,
        3.367,
        1,
        2,
        4.033,
        1,
        2,
        4.933,
        1,
        2,
        5.367,
        1,
        2,
        5.6,
        1,
        2,
        6.3,
        1,
        2,
        6.467,
        1,
        2,
        6.7,
        1,
        2,
        6.8,
        1,
        0,
        6.967,
        0,
        2,
        7.467,
        0
      ]
    },
    {
      "Target": "Parameter",
      "Id": "PARAM_ARM_L_02",
      "Segments": [
        0,
        0.951,
        0,
        0.5,
        1,
        1,
        0.611,
        1,
        0.722,
        0.814,
        0.833,
        0.8,
        1,
        0.933,
        0.787,
        1.033,
        0.795,
        1.133,
        0.781,
        1,
        1.255,
        0.764,
        1.378,
        0.225,
        1.5,
        0.225,
        2,
        1.767,
        0.225,
        0,
        2.333,
        0.471,
        2,
        2.567,
        0.471,
        2,
        2.8,
        0.471,
        2,
        3.367,
        0.471,
        2,
        4.033,
        0.471,
        2,
        4.933,
        0.471,
        2,
        5.367,
        0.471,
        2,
        5.6,
        0.471,
        2,
        6.3,
        0.471,
        2,
        6.467,
        0.471,
        2,
        6.7,
        0.471,
        0,
        6.867,
        0.225,
        0,
        7.233,
        1,
        0,
        7.467,
        0.951
      ]
    },
    {
      "Target": "Parameter",
      "Id": "PARAM_HAND_L",
      "Segments": [
        0,
        0,
        2,
        0.667,
        0,
        0,
        0.7,
        0.5,
        2,
        1.133,
        0.5,
        2,
        1.5,
        0.5,
        2,
        1.767,
        0.5,
        2,
        2.333,
        0.5,
        2,
        2.567,
        0.5,
        2,
        2.8,
        0.5,
        2,
        3.367,
        0.5,
        2,
        4.033,
        0.5,
        2,
        4.933,
        0.5,
        2,
        5.367,
        0.5,
        2,
        5.6,
        0.5,
        2,
        6.3,
        0.5,
        2,
        6.467,
        0.5,
        2,
        6.9,
        0.5,
        0,
        6.933,
        0,
        2,
        7.467,
        0
      ]
    },
    {
      "Target": "Parameter",
      "Id": "PARAM_HAND_L_02",
      "Segments": [
        0,
        0,
        2,
        0.667,
        0,
        0,
        0.7,
        -1,
        2,
        1.133,
        -1,
        2,
        1.5,
        -1,
        2,
        1.767,
        -1,
        2,
        2.333,
        -1,
        0,
        2.567,
        0.3,
        0,
        2.8,
        -1,
        0,
        3,
        0.3,
        0,
        3.167,
        -1,
        2,
        3.567,
        -1,
        0,
        3.8,
        0,
        0,
        4.033,
        -1,
        0,
        4.233,
        0,
        0,
        4.433,
        -1,
        0,
        4.667,
        0,
        0,
        4.933,
        -1,
        0,
        5.267,
        1,
        0,
        5.367,
        -1,
        2,
        5.6,
        -1,
        2,
        6.3,
        -1,
        2,
        6.467,
        -1,
        2,
        6.9,
        -1,
        0,
        6.933,
        0,
        2,
        7.467,
        0
      ]
    },
    {
      "Target": "Parameter",
      "Id": "PARAM_HAND_L_LEVEL",
      "Segments": [
        0,
        0,
        0,
        0.167,
        1,
        2,
        1.033,
        1,
        2,
        1.133,
        1,
        2,
        1.5,
        1,
        2,
        1.767,
        1,
        2,
        2.333,
        1,
        2,
        2.567,
        1,
        2,
        2.8,
        1,
        2,
        3.367,
        1,
        2,
        4.033,
        1,
        2,
        4.933,
        1,
        2,
        5.367,
        1,
        2,
        5.6,
        1,
        2,
        6.3,
        1,
        2,
        6.467,
        1,
        1,
        6.578,
        1,
        6.689,
        0.722,
        6.8,
        0.5,
        1,
        6.856,
        0.389,
        6.911,
        0.367,
        6.967,
        0.3,
        1,
        7.134,
        0.1,
        7.3,
        0,
        7.467,
        0
      ]
    },
    {
      "Target": "Parameter",
      "Id": "PARAM_RIGHT_ARM",
      "Segments": [
        0,
        0.643,
        1,
        0.111,
        0.643,
        0.222,
        0.509,
        0.333,
        0.373,
        1,
        0.422,
        0.264,
        0.511,
        0.241,
        0.6,
        0.122,
        1,
        0.678,
        0.018,
        0.755,
        -0.182,
        0.833,
        -0.182,
        2,
        1.133,
        -0.182,
        0,
        1.4,
        -0.104,
        2,
        1.5,
        -0.104,
        2,
        1.767,
        -0.104,
        0,
        2.1,
        -0.424,
        2,
        2.333,
        -0.424,
        0,
        2.567,
        -0.234,
        0,
        2.8,
        -0.291,
        0,
        3,
        -0.169,
        0,
        3.167,
        -0.267,
        0,
        3.367,
        -0.096,
        0,
        3.567,
        -0.267,
        0,
        3.8,
        -0.189,
        0,
        4.033,
        -0.267,
        0,
        4.233,
        -0.201,
        0,
        4.433,
        -0.291,
        0,
        4.667,
        -0.143,
        0,
        4.933,
        -0.291,
        0,
        5.267,
        0.086,
        0,
        5.6,
        -0.17,
        2,
        6.3,
        -0.17,
        2,
        6.467,
        -0.17,
        1,
        6.545,
        -0.17,
        6.622,
        0.054,
        6.7,
        0.191,
        1,
        6.9,
        0.543,
        7.1,
        0.643,
        7.3,
        0.643,
        2,
        7.467,
        0.643
      ]
    },
    {
      "Target": "Parameter",
      "Id": "PARAM_ARM_R",
      "Segments": [
        0,
        4.557,
        1,
        0.111,
        4.557,
        0.222,
        3.195,
        0.333,
        2.933,
        1,
        0.5,
        2.54,
        0.666,
        2.54,
        0.833,
        2.54,
        2,
        1.133,
        2.54,
        0,
        1.4,
        3.059,
        2,
        1.5,
        3.059,
        0,
        1.767,
        3.159,
        0,
        2.1,
        2.618,
        2,
        2.333,
        2.618,
        0,
        2.567,
        3.619,
        0,
        2.8,
        3,
        0,
        3,
        3.354,
        0,
        3.167,
        2.8,
        0,
        3.367,
        3.154,
        0,
        3.567,
        2.8,
        0,
        3.8,
        3.154,
        0,
        4.033,
        2.8,
        0,
        4.233,
        3.354,
        0,
        4.433,
        2.8,
        0,
        4.667,
        3.154,
        0,
        4.933,
        2.8,
        0,
        5.267,
        3.614,
        1,
        5.3,
        3.614,
        5.334,
        3.224,
        5.367,
        3.129,
        1,
        5.4,
        3.034,
        5.434,
        2.992,
        5.467,
        2.961,
        1,
        5.656,
        2.782,
        5.844,
        2.712,
        6.033,
        2.712,
        2,
        6.467,
        2.712,
        1,
        6.522,
        2.712,
        6.578,
        2.212,
        6.633,
        1.685,
        1,
        6.689,
        1.158,
        6.744,
        1.041,
        6.8,
        1.041,
        0,
        7.3,
        4.653,
        0,
        7.467,
        4.557
      ]
    },
    {
      "Target": "Parameter",
      "Id": "PARAM_ARM_R_TOUSHI2",
      "Segments": [
        0,
        0.3,
        0,
        0.333,
        0,
        0,
        0.6,
        0.4,
        2,
        0.833,
        0.4,
        2,
        1.133,
        0.4,
        2,
        1.4,
        0.4,
        2,
        1.5,
        0.4,
        2,
        1.767,
        0.4,
        2,
        2.1,
        0.4,
        2,
        2.333,
        0.4,
        2,
        2.567,
        0.4,
        2,
        2.8,
        0.4,
        2,
        3,
        0.4,
        2,
        3.367,
        0.4,
        2,
        4.033,
        0.4,
        2,
        4.933,
        0.4,
        2,
        5.367,
        0.4,
        2,
        5.467,
        0.4,
        2,
        5.6,
        0.4,
        2,
        6.3,
        0.4,
        2,
        6.467,
        0.4,
        0,
        6.8,
        0.2,
        0,
        7.3,
        0.3,
        2,
        7.467,
        0.3
      ]
    },
    {
      "Target": "Parameter",
      "Id": "PARAM_TOUSHI_R",
      "Segments": [
        0,
        0.7,
        0,
        0.333,
        0,
        0,
        0.6,
        1,
        2,
        0.833,
        1,
        2,
        1.133,
        1,
        2,
        1.4,
        1,
        2,
        1.5,
        1,
        2,
        1.767,
        1,
        2,
        2.1,
        1,
        2,
        2.333,
        1,
        2,
        2.567,
        1,
        2,
        2.8,
        1,
        2,
        3,
        1,
        2,
        3.367,
        1,
        2,
        4.033,
        1,
        2,
        4.933,
        1,
        2,
        5.367,
        1,
        2,
        5.467,
        1,
        2,
        5.6,
        1,
        2,
        6.3,
        1,
        2,
        6.467,
        1,
        0,
        6.8,
        0.1,
        0,
        7.467,
        0.7
      ]
    },
    {
      "Target": "Parameter",
      "Id": "PARAM_ARM_R_02",
      "Segments": [
        0,
        0.847,
        0,
        0.233,
        -0.237,
        0,
        0.6,
        0.659,
        1,
        0.678,
        0.659,
        0.755,
        -0.033,
        0.833,
        -0.056,
        1,
        0.933,
        -0.085,
        1.033,
        -0.081,
        1.133,
        -0.081,
        0,
        1.233,
        0.279,
        1,
        1.322,
        0.279,
        1.411,
        0.011,
        1.5,
        -0.014,
        1,
        1.589,
        -0.04,
        1.678,
        -0.033,
        1.767,
        -0.056,
        1,
        1.834,
        -0.073,
        1.9,
        -0.3,
        1.967,
        -0.3,
        1,
        2.089,
        -0.3,
        2.211,
        -0.253,
        2.333,
        0.082,
        1,
        2.389,
        0.234,
        2.444,
        0.845,
        2.5,
        0.845,
        0,
        2.7,
        -0.418,
        0,
        2.8,
        0.722,
        0,
        3,
        -0.1,
        0,
        3.267,
        0.722,
        0,
        3.467,
        -0.1,
        0,
        3.667,
        0.722,
        0,
        3.9,
        -0.1,
        0,
        4.133,
        0.722,
        0,
        4.333,
        -0.1,
        0,
        4.533,
        0.722,
        0,
        4.767,
        -0.1,
        0,
        4.933,
        0.722,
        0,
        5.267,
        -0.1,
        2,
        5.367,
        -0.1,
        0,
        5.467,
        0.135,
        2,
        5.6,
        0.135,
        2,
        6.3,
        0.135,
        2,
        6.467,
        0.135,
        0,
        6.7,
        -0.2,
        0,
        7.033,
        1,
        0,
        7.3,
        0.673,
        0,
        7.467,
        0.847
      ]
    },
    {
      "Target": "Parameter",
      "Id": "PARAM_HAND_R",
      "Segments": [
        0,
        0,
        2,
        0.333,
        0,
        2,
        0.367,
        1,
        2,
        0.6,
        1,
        2,
        0.833,
        1,
        2,
        1.133,
        1,
        2,
        1.4,
        1,
        2,
        1.5,
        1,
        2,
        1.767,
        1,
        2,
        2.1,
        1,
        2,
        2.467,
        1,
        0,
        2.5,
        0.5,
        2,
        2.567,
        0.5,
        2,
        2.8,
        0.5,
        2,
        3,
        0.5,
        2,
        3.367,
        0.5,
        2,
        4.033,
        0.5,
        2,
        4.933,
        0.5,
        2,
        5.267,
        0.5,
        0,
        5.3,
        1,
        2,
        5.367,
        1,
        2,
        5.467,
        1,
        2,
        5.6,
        1,
        2,
        6.3,
        1,
        2,
        6.467,
        1,
        2,
        6.933,
        1,
        2,
        6.967,
        0,
        2,
        7.3,
        0,
        2,
        7.467,
        0
      ]
    },
    {
      "Target": "Parameter",
      "Id": "PARAM_HAND_R2",
      "Segments": [
        0,
        0,
        2,
        0.333,
        0,
        2,
        0.367,
        1,
        2,
        0.6,
        1,
        2,
        0.833,
        1,
        2,
        1.133,
        1,
        2,
        1.4,
        1,
        2,
        1.5,
        1,
        2,
        1.767,
        1,
        2,
        2.1,
        1,
        2,
        2.467,
        1,
        2,
        2.5,
        1,
        2,
        2.567,
        1,
        2,
        2.8,
        1,
        2,
        3,
        1,
        2,
        3.367,
        1,
        2,
        4.033,
        1,
        2,
        4.933,
        1,
        2,
        5.267,
        1,
        2,
        5.3,
        1,
        2,
        5.367,
        1,
        2,
        5.467,
        1,
        2,
        5.6,
        1,
        2,
        6.3,
        1,
        2,
        6.467,
        1,
        2,
        6.933,
        1,
        2,
        6.967,
        0,
        2,
        7.3,
        0,
        2,
        7.467,
        0
      ]
    },
    {
      "Target": "Parameter",
      "Id": "PARAM_HAND_R_02",
      "Segments": [
        0,
        1,
        2,
        0.333,
        1,
        0,
        0.367,
        0,
        2,
        0.6,
        0,
        2,
        0.833,
        0,
        2,
        1.133,
        0,
        2,
        1.4,
        0,
        2,
        1.5,
        0,
        2,
        1.767,
        0,
        2,
        2.1,
        0,
        2,
        2.467,
        0,
        0,
        2.567,
        -0.788,
        0,
        2.8,
        0,
        0,
        3,
        -0.788,
        0,
        3.267,
        -0.226,
        0,
        3.467,
        -0.788,
        0,
        3.667,
        -0.226,
        0,
        3.9,
        -0.788,
        0,
        4.133,
        -0.226,
        0,
        4.333,
        -0.788,
        0,
        4.533,
        -0.226,
        0,
        4.767,
        -0.788,
        0,
        4.933,
        -0.226,
        2,
        5.267,
        -0.226,
        0,
        5.3,
        -0.081,
        2,
        5.367,
        -0.081,
        2,
        5.467,
        -0.081,
        2,
        5.6,
        -0.081,
        2,
        6.3,
        -0.081,
        2,
        6.467,
        -0.081,
        2,
        6.933,
        -0.081,
        0,
        6.967,
        1,
        2,
        7.3,
        1,
        2,
        7.467,
        1
      ]
    },
    {
      "Target": "Parameter",
      "Id": "PARAM_JITA_CHUXIAN",
      "Segments": [
        0,
        0,
        2,
        0.267,
        0,
        2,
        0.3,
        1,
        2,
        0.667,
        1,
        2,
        1.133,
        1,
        2,
        1.5,
        1,
        2,
        1.767,
        1,
        2,
        2.333,
        1,
        2,
        2.567,
        1,
        2,
        2.8,
        1,
        2,
        3.367,
        1,
        2,
        4.033,
        1,
        2,
        4.933,
        1,
        2,
        5.367,
        1,
        2,
        5.6,
        1,
        2,
        6.3,
        1,
        2,
        6.467,
        1,
        2,
        6.7,
        1,
        2,
        6.733,
        0,
        2,
        7.467,
        0
      ]
    },
    {
      "Target": "Parameter",
      "Id": "PARAM_JITA_LEVEL",
      "Segments": [
        0,
        0,
        2,
        0.267,
        0,
        0,
        0.367,
        0.1,
        2,
        0.433,
        0.1,
        0,
        0.667,
        -0.3,
        0,
        1.133,
        -0.077,
        2,
        1.5,
        -0.077,
        2,
        1.767,
        -0.077,
        0,
        2.333,
        -0.003,
        2,
        2.567,
        -0.003,
        2,
        2.8,
        -0.003,
        2,
        3.367,
        -0.003,
        2,
        4.033,
        -0.003,
        2,
        4.933,
        -0.003,
        0,
        5.367,
        0,
        2,
        5.6,
        0,
        2,
        6.3,
        0,
        2,
        6.467,
        0,
        2,
        7.467,
        0
      ]
    },
    {
      "Target": "Parameter",
      "Id": "PARAM_JITA_MOVE_X",
      "Segments": [
        0,
        0,
        2,
        0.267,
        0,
        0,
        0.3,
        1.807,
        1,
        0.367,
        1.807,
        0.433,
        1.619,
        0.5,
        1.455,
        1,
        0.556,
        1.318,
        0.611,
        1.304,
        0.667,
        1.304,
        2,
        1.133,
        1.304,
        0,
        1.5,
        1.655,
        2,
        1.767,
        1.655,
        1,
        1.956,
        1.655,
        2.144,
        1.384,
        2.333,
        1.245,
        1,
        2.411,
        1.187,
        2.489,
        1.205,
        2.567,
        1.205,
        1,
        2.722,
        1.205,
        2.878,
        1.224,
        3.033,
        1.301,
        1,
        3.089,
        1.328,
        3.144,
        1.415,
        3.2,
        1.485,
        1,
        3.256,
        1.555,
        3.311,
        1.71,
        3.367,
        1.728,
        1,
        3.589,
        1.801,
        3.811,
        1.82,
        4.033,
        1.82,
        0,
        4.933,
        1.424,
        0,
        5.4,
        1.65,
        1,
        5.5,
        1.65,
        5.6,
        1.472,
        5.7,
        1.4,
        1,
        5.9,
        1.257,
        6.1,
        1.233,
        6.3,
        1.233,
        2,
        6.467,
        1.233,
        0,
        6.6,
        1.16,
        0,
        6.7,
        1.267,
        0,
        7.467,
        0
      ]
    },
    {
      "Target": "Parameter",
      "Id": "PARAM_JITA_MOVE_Y",
      "Segments": [
        0,
        0,
        2,
        0.267,
        0,
        1,
        0.278,
        0,
        0.289,
        2.425,
        0.3,
        2.48,
        1,
        0.422,
        3.09,
        0.545,
        3.327,
        0.667,
        3.327,
        2,
        1.133,
        3.327,
        0,
        1.5,
        3.571,
        2,
        1.767,
        3.571,
        0,
        2.333,
        3.501,
        0,
        2.567,
        3.68,
        0,
        2.8,
        3.472,
        0,
        3.367,
        3.484,
        2,
        4.033,
        3.484,
        1,
        4.333,
        3.484,
        4.633,
        3.465,
        4.933,
        3.464,
        1,
        5.078,
        3.463,
        5.222,
        3.463,
        5.367,
        3.463,
        0,
        5.6,
        3.265,
        2,
        6.3,
        3.265,
        1,
        6.433,
        3.265,
        6.567,
        3.107,
        6.7,
        2.38,
        1,
        6.956,
        0.986,
        7.211,
        0,
        7.467,
        0
      ]
    },
    {
      "Target": "Parameter",
      "Id": "PARAM_JITA_Z",
      "Segments": [
        0,
        0,
        2,
        0.267,
        0,
        2,
        0.5,
        0,
        0,
        0.833,
        0.12,
        2,
        1.133,
        0.12,
        0,
        1.5,
        0.191,
        2,
        1.767,
        0.191,
        0,
        2.333,
        0.135,
        2,
        2.567,
        0.135,
        2,
        2.8,
        0.135,
        2,
        3.367,
        0.135,
        2,
        4.033,
        0.135,
        2,
        4.933,
        0.135,
        0,
        5.367,
        0.104,
        0,
        5.6,
        0.116,
        2,
        6.3,
        0.116,
        2,
        6.467,
        0.116,
        1,
        6.511,
        0.116,
        6.556,
        0.114,
        6.6,
        0.077,
        1,
        6.633,
        0.049,
        6.667,
        -0.02,
        6.7,
        -0.02,
        0,
        7.467,
        0
      ]
    },
    {
      "Target": "Parameter",
      "Id": "PARAM_JITA_X",
      "Segments": [
        0,
        0,
        2,
        0.267,
        0,
        0,
        0.667,
        0.029,
        2,
        1.133,
        0.029,
        2,
        1.5,
        0.029,
        2,
        1.767,
        0.029,
        2,
        2.333,
        0.029,
        2,
        2.567,
        0.029,
        2,
        2.8,
        0.029,
        2,
        3.367,
        0.029,
        2,
        4.033,
        0.029,
        2,
        4.933,
        0.029,
        2,
        5.367,
        0.029,
        2,
        5.6,
        0.029,
        2,
        6.3,
        0.029,
        2,
        6.467,
        0.029,
        0,
        7.467,
        0
      ]
    },
    {
      "Target": "Parameter",
      "Id": "PARAM_JITA_Y",
      "Segments": [
        0,
        0,
        2,
        0.267,
        0,
        0,
        0.667,
        1,
        2,
        5.6,
        1,
        2,
        6.3,
        1,
        2,
        6.467,
        1,
        0,
        6.833,
        0,
        2,
        7.467,
        0
      ]
    },
    {
      "Target": "Parameter",
      "Id": "PARAM_EYE_L_OPEN",
      "Segments": [
        0,
        1,
        2,
        0.267,
        1,
        0,
        0.5,
        0,
        0,
        0.667,
        1,
        2,
        0.833,
        1,
        2,
        1.133,
        1,
        0,
        1.233,
        0,
        0,
        1.333,
        1,
        2,
        1.5,
        1,
        2,
        1.767,
        1,
        2,
        2.333,
        1,
        2,
        2.567,
        1,
        0,
        2.7,
        0,
        0,
        2.8,
        1,
        2,
        3,
        1,
        0,
        3.167,
        0,
        2,
        4.133,
        0,
        0,
        4.233,
        1,
        2,
        4.933,
        1,
        2,
        5.367,
        1,
        2,
        5.533,
        1,
        2,
        5.6,
        1,
        2,
        6.3,
        1,
        2,
        6.467,
        1,
        0,
        6.7,
        0,
        0,
        6.967,
        1,
        2,
        7.467,
        1
      ]
    },
    {
      "Target": "Parameter",
      "Id": "PARAM_EYE_R_OPEN",
      "Segments": [
        0,
        1,
        2,
        0.267,
        1,
        0,
        0.5,
        0,
        0,
        0.667,
        1,
        2,
        0.833,
        1,
        2,
        1.133,
        1,
        0,
        1.233,
        0,
        0,
        1.333,
        1,
        2,
        1.5,
        1,
        2,
        1.767,
        1,
        2,
        2.333,
        1,
        2,
        2.567,
        1,
        0,
        2.7,
        0,
        0,
        2.8,
        1,
        2,
        3,
        1,
        0,
        3.167,
        0,
        2,
        4.133,
        0,
        0,
        4.233,
        1,
        2,
        4.933,
        1,
        2,
        5.367,
        1,
        2,
        5.533,
        1,
        0,
        5.6,
        0,
        2,
        6.3,
        0,
        2,
        6.467,
        0,
        2,
        6.7,
        0,
        0,
        6.967,
        1,
        2,
        7.467,
        1
      ]
    },
    {
      "Target": "Parameter",
      "Id": "PARAM_EYE_R_FORM",
      "Segments": [
        0,
        0.5,
        2,
        0.267,
        0.5,
        2,
        0.667,
        0.5,
        2,
        0.833,
        0.5,
        2,
        1.133,
        0.5,
        2,
        1.333,
        0.5,
        2,
        1.5,
        0.5,
        2,
        1.767,
        0.5,
        2,
        2.333,
        0.5,
        2,
        2.567,
        0.5,
        2,
        2.8,
        0.5,
        2,
        3,
        0.5,
        2,
        4.233,
        0.5,
        2,
        4.933,
        0.5,
        2,
        5.367,
        0.5,
        2,
        5.533,
        0.5,
        0,
        5.6,
        0,
        2,
        6.3,
        0,
        2,
        6.467,
        0,
        0,
        6.7,
        0.5,
        2,
        6.967,
        0.5,
        2,
        7.467,
        0.5
      ]
    },
    {
      "Target": "Parameter",
      "Id": "PARAM_EYE_BALL_X",
      "Segments": [
        0,
        0,
        0,
        0.833,
        0.3,
        2,
        1.133,
        0.3,
        2,
        1.5,
        0.3,
        0,
        1.767,
        -0.6,
        0,
        2.333,
        0.3,
        2,
        2.567,
        0.3,
        2,
        2.8,
        0.3,
        2,
        3.367,
        0.3,
        2,
        4.033,
        0.3,
        2,
        4.133,
        0.3,
        0,
        4.233,
        -0.2,
        1,
        4.3,
        -0.2,
        4.366,
        -0.092,
        4.433,
        -0.078,
        1,
        4.6,
        -0.043,
        4.766,
        -0.034,
        4.933,
        0,
        1,
        4.989,
        0.011,
        5.044,
        0.2,
        5.1,
        0.2,
        0,
        5.367,
        -0.337,
        0,
        5.6,
        0,
        2,
        6.3,
        0,
        2,
        6.467,
        0,
        2,
        7.467,
        0
      ]
    },
    {
      "Target": "Parameter",
      "Id": "PARAM_EYE_BALL_Y",
      "Segments": [
        0,
        0,
        0,
        0.833,
        -0.5,
        2,
        1.133,
        -0.5,
        0,
        1.433,
        0,
        0,
        1.767,
        -0.8,
        0,
        2.1,
        0,
        0,
        2.5,
        -0.8,
        0,
        2.8,
        -0.5,
        2,
        3.367,
        -0.5,
        2,
        4.033,
        -0.5,
        2,
        4.133,
        -0.5,
        1,
        4.233,
        -0.5,
        4.333,
        -0.394,
        4.433,
        -0.194,
        1,
        4.6,
        0.139,
        4.766,
        0.3,
        4.933,
        0.3,
        2,
        5.1,
        0.3,
        0,
        5.367,
        -0.3,
        0,
        5.6,
        -0.1,
        2,
        6.3,
        -0.1,
        2,
        6.467,
        -0.1,
        0,
        7.467,
        0
      ]
    },
    {
      "Target": "Parameter",
      "Id": "PARAM_BROW_L_Y",
      "Segments": [
        0,
        0,
        2,
        0.267,
        0,
        0,
        0.5,
        -1,
        0,
        0.667,
        0,
        2,
        0.833,
        0,
        2,
        1.133,
        0,
        0,
        1.233,
        -1,
        0,
        1.333,
        0,
        2,
        1.5,
        0,
        2,
        1.767,
        0,
        2,
        2.333,
        0,
        2,
        2.567,
        0,
        0,
        2.7,
        -1,
        0,
        2.8,
        0,
        2,
        3,
        0,
        0,
        3.167,
        -1,
        2,
        4.133,
        -1,
        0,
        4.233,
        0,
        2,
        4.933,
        0,
        2,
        5.367,
        0,
        2,
        5.533,
        0,
        2,
        5.6,
        0,
        2,
        6.3,
        0,
        2,
        6.467,
        0,
        0,
        6.7,
        -1,
        0,
        6.967,
        0,
        2,
        7.467,
        0
      ]
    },
    {
      "Target": "Parameter",
      "Id": "PARAM_BROW_R_Y",
      "Segments": [
        0,
        0,
        2,
        0.267,
        0,
        0,
        0.5,
        -1,
        0,
        0.667,
        0,
        2,
        0.833,
        0,
        2,
        1.133,
        0,
        0,
        1.233,
        -1,
        0,
        1.333,
        0,
        2,
        1.5,
        0,
        2,
        1.767,
        0,
        2,
        2.333,
        0,
        2,
        2.567,
        0,
        0,
        2.7,
        -1,
        0,
        2.8,
        0,
        2,
        3,
        0,
        0,
        3.167,
        -1,
        2,
        4.133,
        -1,
        0,
        4.233,
        0,
        2,
        4.933,
        0,
        2,
        5.367,
        0,
        2,
        5.533,
        0,
        0,
        5.6,
        -1,
        2,
        6.3,
        -1,
        2,
        6.467,
        -1,
        2,
        6.7,
        -1,
        0,
        6.967,
        0,
        2,
        7.467,
        0
      ]
    },
    {
      "Target": "Parameter",
      "Id": "PARAM_BROW_L_ANGLE",
      "Segments": [
        0,
        0,
        2,
        0.833,
        0,
        2,
        1.133,
        0,
        2,
        1.5,
        0,
        2,
        1.767,
        0,
        2,
        2.333,
        0,
        2,
        2.567,
        0,
        2,
        2.8,
        0,
        2,
        3.367,
        0,
        0,
        4.033,
        -0.4,
        2,
        4.933,
        -0.4,
        2,
        5.367,
        -0.4,
        2,
        5.533,
        -0.4,
        2,
        5.6,
        -0.4,
        2,
        6.3,
        -0.4,
        2,
        6.467,
        -0.4,
        0,
        7.467,
        0
      ]
    },
    {
      "Target": "Parameter",
      "Id": "PARAM_BROW_R_ANGLE",
      "Segments": [
        0,
        0,
        2,
        0.833,
        0,
        2,
        1.133,
        0,
        2,
        1.5,
        0,
        2,
        1.767,
        0,
        2,
        2.333,
        0,
        2,
        2.567,
        0,
        2,
        2.8,
        0,
        2,
        3.367,
        0,
        0,
        4.033,
        -0.4,
        2,
        4.933,
        -0.4,
        2,
        5.367,
        -0.4,
        2,
        5.533,
        -0.4,
        2,
        5.6,
        -0.4,
        2,
        6.3,
        -0.4,
        2,
        6.467,
        -0.4,
        0,
        7.467,
        0
      ]
    },
    {
      "Target": "Parameter",
      "Id": "PARAM_BROW_L_FORM",
      "Segments": [
        0,
        0.5,
        2,
        0.833,
        0.5,
        2,
        1.133,
        0.5,
        2,
        1.5,
        0.5,
        2,
        1.767,
        0.5,
        2,
        2.333,
        0.5,
        2,
        2.567,
        0.5,
        2,
        2.8,
        0.5,
        2,
        3.367,
        0.5,
        0,
        4.033,
        0.2,
        2,
        4.933,
        0.2,
        2,
        5.367,
        0.2,
        2,
        5.533,
        0.2,
        2,
        5.6,
        0.2,
        2,
        6.3,
        0.2,
        2,
        6.467,
        0.2,
        0,
        7.467,
        0.5
      ]
    },
    {
      "Target": "Parameter",
      "Id": "PARAM_BROW_R_FORM",
      "Segments": [
        0,
        0.5,
        2,
        0.833,
        0.5,
        2,
        1.133,
        0.5,
        2,
        1.5,
        0.5,
        2,
        1.767,
        0.5,
        2,
        2.333,
        0.5,
        2,
        2.567,
        0.5,
        2,
        2.8,
        0.5,
        2,
        3.367,
        0.5,
        0,
        4.033,
        0.2,
        2,
        4.933,
        0.2,
        2,
        5.367,
        0.2,
        2,
        5.533,
        0.2,
        2,
        5.6,
        0.2,
        2,
        6.3,
        0.2,
        2,
        6.467,
        0.2,
        0,
        7.467,
        0.5
      ]
    },
    {
      "Target": "Parameter",
      "Id": "PARAM_MOUTH_OPEN",
      "Segments": [
        0,
        0,
        0,
        0.833,
        1.2,
        2,
        1.133,
        1.2,
        2,
        1.5,
        1.2,
        2,
        1.767,
        1.2,
        2,
        2.333,
        1.2,
        2,
        2.567,
        1.2,
        0,
        2.8,
        0,
        2,
        4.033,
        0,
        0,
        4.233,
        1.3,
        2,
        5.367,
        1.3,
        2,
        5.533,
        1.3,
        0,
        5.6,
        0,
        2,
        6.3,
        0,
        2,
        6.467,
        0,
        2,
        7.467,
        0
      ]
    },
    {
      "Target": "Parameter",
      "Id": "PARAM_MOUTH_FORM",
      "Segments": [
        0,
        -0.6,
        0,
        0.833,
        -1,
        2,
        1.133,
        -1,
        2,
        1.5,
        -1,
        2,
        1.767,
        -1,
        2,
        2.333,
        -1,
        2,
        2.567,
        -1,
        2,
        2.8,
        -1,
        2,
        4.033,
        -1,
        2,
        4.233,
        -1,
        2,
        5.367,
        -1,
        2,
        5.533,
        -1,
        2,
        5.6,
        -1,
        2,
        6.3,
        -1,
        2,
        6.467,
        -1,
        0,
        7.467,
        -0.6
      ]
    },
    {
      "Target": "Parameter",
      "Id": "PARAM_MOUTH_WIDTH",
      "Segments": [
        0,
        1,
        2,
        0.833,
        1,
        2,
        1.133,
        1,
        2,
        1.5,
        1,
        2,
        1.767,
        1,
        2,
        2.333,
        1,
        2,
        2.567,
        1,
        2,
        2.8,
        1,
        2,
        4.033,
        1,
        0,
        4.233,
        0.2,
        2,
        5.367,
        0.2,
        2,
        5.533,
        0.2,
        0,
        5.6,
        1,
        2,
        6.3,
        1,
        2,
        6.467,
        1,
        2,
        7.467,
        1
      ]
    },
    {
      "Target": "Parameter",
      "Id": "PARAM_MOUTH_SIZE",
      "Segments": [
        0,
        -0.5,
        2,
        0.833,
        -0.5,
        2,
        1.133,
        -0.5,
        2,
        1.5,
        -0.5,
        2,
        1.767,
        -0.5,
        2,
        2.333,
        -0.5,
        2,
        2.567,
        -0.5,
        2,
        2.8,
        -0.5,
        2,
        4.033,
        -0.5,
        0,
        4.233,
        0.4,
        2,
        5.367,
        0.4,
        2,
        5.533,
        0.4,
        0,
        5.6,
        -0.5,
        2,
        6.3,
        -0.5,
        2,
        6.467,
        -0.5,
        2,
        7.467,
        -0.5
      ]
    },
    {
      "Target": "PartOpacity",
      "Id": "PARTS_GUDIAN",
      "Segments": [
        0,
        1,
        2,
        0.83,
        1,
        2,
        1.13,
        1,
        2,
        1.5,
        1,
        2,
        1.77,
        1,
        2,
        2.33,
        1,
        2,
        2.57,
        1,
        2,
        2.8,
        1,
        2,
        3.37,
        1,
        2,
        4.03,
        1,
        2,
        4.93,
        1,
        2,
        5.37,
        1,
        2,
        5.6,
        1,
        2,
        6.3,
        1,
        2,
        6.47,
        1,
        2,
        7.47,
        1
      ]
    },
    {
      "Target": "PartOpacity",
      "Id": "PARTS_01_ARM_L_01",
      "Segments": [
        0,
        1,
        2,
        0.83,
        1,
        2,
        1.13,
        1,
        2,
        1.5,
        1,
        2,
        1.77,
        1,
        2,
        2.33,
        1,
        2,
        2.57,
        1,
        2,
        2.8,
        1,
        2,
        3.37,
        1,
        2,
        4.03,
        1,
        2,
        4.93,
        1,
        2,
        5.37,
        1,
        2,
        5.6,
        1,
        2,
        6.3,
        1,
        2,
        6.47,
        1,
        2,
        7.47,
        1
      ]
    },
    {
      "Target": "PartOpacity",
      "Id": "PARTS_01_ARM_R_01",
      "Segments": [
        0,
        1,
        2,
        0.83,
        1,
        2,
        1.13,
        1,
        2,
        1.5,
        1,
        2,
        1.77,
        1,
        2,
        2.33,
        1,
        2,
        2.57,
        1,
        2,
        2.8,
        1,
        2,
        3.37,
        1,
        2,
        4.03,
        1,
        2,
        4.93,
        1,
        2,
        5.37,
        1,
        2,
        5.6,
        1,
        2,
        6.3,
        1,
        2,
        6.47,
        1,
        2,
        7.47,
        1
      ]
    },
    {
      "Target": "PartOpacity",
      "Id": "PARTS_01_BODY",
      "Segments": [
        0,
        1,
        2,
        0.83,
        1,
        2,
        1.13,
        1,
        2,
        1.5,
        1,
        2,
        1.77,
        1,
        2,
        2.33,
        1,
        2,
        2.57,
        1,
        2,
        2.8,
        1,
        2,
        3.37,
        1,
        2,
        4.03,
        1,
        2,
        4.93,
        1,
        2,
        5.37,
        1,
        2,
        5.6,
        1,
        2,
        6.3,
        1,
        2,
        6.47,
        1,
        2,
        7.47,
        1
      ]
    },
    {
      "Target": "PartOpacity",
      "Id": "PARTS_01_NECK",
      "Segments": [
        0,
        1,
        2,
        0.83,
        1,
        2,
        1.13,
        1,
        2,
        1.5,
        1,
        2,
        1.77,
        1,
        2,
        2.33,
        1,
        2,
        2.57,
        1,
        2,
        2.8,
        1,
        2,
        3.37,
        1,
        2,
        4.03,
        1,
        2,
        4.93,
        1,
        2,
        5.37,
        1,
        2,
        5.6,
        1,
        2,
        6.3,
        1,
        2,
        6.47,
        1,
        2,
        7.47,
        1
      ]
    },
    {
      "Target": "PartOpacity",
      "Id": "PARTS_01_HAIR_BACK_001",
      "Segments": [
        0,
        1,
        2,
        0.83,
        1,
        2,
        1.13,
        1,
        2,
        1.5,
        1,
        2,
        1.77,
        1,
        2,
        2.33,
        1,
        2,
        2.57,
        1,
        2,
        2.8,
        1,
        2,
        3.37,
        1,
        2,
        4.03,
        1,
        2,
        4.93,
        1,
        2,
        5.37,
        1,
        2,
        5.6,
        1,
        2,
        6.3,
        1,
        2,
        6.47,
        1,
        2,
        7.47,
        1
      ]
    },
    {
      "Target": "PartOpacity",
      "Id": "PARTS_01_HAIR_SIDE_001",
      "Segments": [
        0,
        1,
        2,
        0.83,
        1,
        2,
        1.13,
        1,
        2,
        1.5,
        1,
        2,
        1.77,
        1,
        2,
        2.33,
        1,
        2,
        2.57,
        1,
        2,
        2.8,
        1,
        2,
        3.37,
        1,
        2,
        4.03,
        1,
        2,
        4.93,
        1,
        2,
        5.37,
        1,
        2,
        5.6,
        1,
        2,
        6.3,
        1,
        2,
        6.47,
        1,
        2,
        7.47,
        1
      ]
    },
    {
      "Target": "PartOpacity",
      "Id": "PARTS_01_HAIR_FRONT_001",
      "Segments": [
        0,
        1,
        2,
        0.83,
        1,
        2,
        1.13,
        1,
        2,
        1.5,
        1,
        2,
        1.77,
        1,
        2,
        2.33,
        1,
        2,
        2.57,
        1,
        2,
        2.8,
        1,
        2,
        3.37,
        1,
        2,
        4.03,
        1,
        2,
        4.93,
        1,
        2,
        5.37,
        1,
        2,
        5.6,
        1,
        2,
        6.3,
        1,
        2,
        6.47,
        1,
        2,
        7.47,
        1
      ]
    },
    {
      "Target": "PartOpacity",
      "Id": "PARTS_01_EAR_001",
      "Segments": [
        0,
        1,
        2,
        0.83,
        1,
        2,
        1.13,
        1,
        2,
        1.5,
        1,
        2,
        1.77,
        1,
        2,
        2.33,
        1,
        2,
        2.57,
        1,
        2,
        2.8,
        1,
        2,
        3.37,
        1,
        2,
        4.03,
        1,
        2,
        4.93,
        1,
        2,
        5.37,
        1,
        2,
        5.6,
        1,
        2,
        6.3,
        1,
        2,
        6.47,
        1,
        2,
        7.47,
        1
      ]
    },
    {
      "Target": "PartOpacity",
      "Id": "PARTS_01_NOSE_001",
      "Segments": [
        0,
        1,
        2,
        0.83,
        1,
        2,
        1.13,
        1,
        2,
        1.5,
        1,
        2,
        1.77,
        1,
        2,
        2.33,
        1,
        2,
        2.57,
        1,
        2,
        2.8,
        1,
        2,
        3.37,
        1,
        2,
        4.03,
        1,
        2,
        4.93,
        1,
        2,
        5.37,
        1,
        2,
        5.6,
        1,
        2,
        6.3,
        1,
        2,
        6.47,
        1,
        2,
        7.47,
        1
      ]
    },
    {
      "Target": "PartOpacity",
      "Id": "PARTS_01_MOUTH_001",
      "Segments": [
        0,
        1,
        2,
        0.83,
        1,
        2,
        1.13,
        1,
        2,
        1.5,
        1,
        2,
        1.77,
        1,
        2,
        2.33,
        1,
        2,
        2.57,
        1,
        2,
        2.8,
        1,
        2,
        3.37,
        1,
        2,
        4.03,
        1,
        2,
        4.93,
        1,
        2,
        5.37,
        1,
        2,
        5.6,
        1,
        2,
        6.3,
        1,
        2,
        6.47,
        1,
        2,
        7.47,
        1
      ]
    },
    {
      "Target": "PartOpacity",
      "Id": "PARTS_01_BROW_001",
      "Segments": [
        0,
        1,
        2,
        0.83,
        1,
        2,
        1.13,
        1,
        2,
        1.5,
        1,
        2,
        1.77,
        1,
        2,
        2.33,
        1,
        2,
        2.57,
        1,
        2,
        2.8,
        1,
        2,
        3.37,
        1,
        2,
        4.03,
        1,
        2,
        4.93,
        1,
        2,
        5.37,
        1,
        2,
        5.6,
        1,
        2,
        6.3,
        1,
        2,
        6.47,
        1,
        2,
        7.47,
        1
      ]
    },
    {
      "Target": "PartOpacity",
      "Id": "PARTS_01_EYE_BALL_001",
      "Segments": [
        0,
        1,
        2,
        0.83,
        1,
        2,
        1.13,
        1,
        2,
        1.5,
        1,
        2,
        1.77,
        1,
        2,
        2.33,
        1,
        2,
        2.57,
        1,
        2,
        2.8,
        1,
        2,
        3.37,
        1,
        2,
        4.03,
        1,
        2,
        4.93,
        1,
        2,
        5.37,
        1,
        2,
        5.6,
        1,
        2,
        6.3,
        1,
        2,
        6.47,
        1,
        2,
        7.47,
        1
      ]
    },
    {
      "Target": "PartOpacity",
      "Id": "PARTS_01_EYE_001",
      "Segments": [
        0,
        1,
        2,
        0.83,
        1,
        2,
        1.13,
        1,
        2,
        1.5,
        1,
        2,
        1.77,
        1,
        2,
        2.33,
        1,
        2,
        2.57,
        1,
        2,
        2.8,
        1,
        2,
        3.37,
        1,
        2,
        4.03,
        1,
        2,
        4.93,
        1,
        2,
        5.37,
        1,
        2,
        5.6,
        1,
        2,
        6.3,
        1,
        2,
        6.47,
        1,
        2,
        7.47,
        1
      ]
    },
    {
      "Target": "PartOpacity",
      "Id": "PARTS_01_FACE_001",
      "Segments": [
        0,
        1,
        2,
        0.83,
        1,
        2,
        1.13,
        1,
        2,
        1.5,
        1,
        2,
        1.77,
        1,
        2,
        2.33,
        1,
        2,
        2.57,
        1,
        2,
        2.8,
        1,
        2,
        3.37,
        1,
        2,
        4.03,
        1,
        2,
        4.93,
        1,
        2,
        5.37,
        1,
        2,
        5.6,
        1,
        2,
        6.3,
        1,
        2,
        6.47,
        1,
        2,
        7.47,
        1
      ]
    },
    {
      "Target": "PartOpacity",
      "Id": "ROUGH",
      "Segments": [
        0,
        1,
        2,
        0.83,
        1,
        2,
        1.13,
        1,
        2,
        1.5,
        1,
        2,
        1.77,
        1,
        2,
        2.33,
        1,
        2,
        2.57,
        1,
        2,
        2.8,
        1,
        2,
        3.37,
        1,
        2,
        4.03,
        1,
        2,
        4.93,
        1,
        2,
        5.37,
        1,
        2,
        5.6,
        1,
        2,
        6.3,
        1,
        2,
        6.47,
        1,
        2,
        7.47,
        1
      ]
    },
    {
      "Target": "Model",
      "Id": "Opacity",
      "Segments": [
        0,
        1,
        0,
        7.47,
        1
      ]
    },
    {
      "Target": "Parameter",
      "Id": "PARAM_LEFT_ARM_TAI",
      "Segments": [
        0,
        0,
        0,
        7.47,
        0
      ]
    },
    {
      "Target": "Parameter",
      "Id": "PARAM_ARM_L_TOUSHI2",
      "Segments": [
        0,
        0,
        0,
        7.47,
        0
      ]
    },
    {
      "Target": "Parameter",
      "Id": "PARAM_HAND_L2",
      "Segments": [
        0,
        0,
        0,
        7.47,
        0
      ]
    },
    {
      "Target": "Parameter",
      "Id": "PARAM_TANGDIE",
      "Segments": [
        0,
        0,
        0,
        7.47,
        0
      ]
    },
    {
      "Target": "Parameter",
      "Id": "PARAM_RIGHT_ARM_TAI",
      "Segments": [
        0,
        0.5,
        0,
        7.47,
        0.5
      ]
    },
    {
      "Target": "Parameter",
      "Id": "PARAM_HAND_R_LEVEL",
      "Segments": [
        0,
        1,
        0,
        7.47,
        1
      ]
    },
    {
      "Target": "Parameter",
      "Id": "PARAM_YIFU",
      "Segments": [
        0,
        0,
        0,
        7.47,
        0
      ]
    },
    {
      "Target": "Parameter",
      "Id": "PARAM_CHICKEN",
      "Segments": [
        0,
        0,
        0,
        7.47,
        0
      ]
    },
    {
      "Target": "Parameter",
      "Id": "PARAM_CHICKEN_MOVE",
      "Segments": [
        0,
        0,
        0,
        7.47,
        0
      ]
    },
    {
      "Target": "Parameter",
      "Id": "PARAM_BANSHOU",
      "Segments": [
        0,
        0,
        0,
        7.47,
        0
      ]
    },
    {
      "Target": "Parameter",
      "Id": "PARAM_BANSHOU_MOVE",
      "Segments": [
        0,
        0,
        0,
        7.47,
        0
      ]
    },
    {
      "Target": "Parameter",
      "Id": "PARAM_BANSHOU_MOVE_01",
      "Segments": [
        0,
        0,
        0,
        7.47,
        0
      ]
    },
    {
      "Target": "Parameter",
      "Id": "PARAM_SHAOZI",
      "Segments": [
        0,
        0,
        0,
        7.47,
        0
      ]
    },
    {
      "Target": "Parameter",
      "Id": "PARAM_SHAOZI_MOVE",
      "Segments": [
        0,
        0,
        0,
        7.47,
        0
      ]
    },
    {
      "Target": "Parameter",
      "Id": "PARAM_SHAOZI_MOVE_01",
      "Segments": [
        0,
        0,
        0,
        7.47,
        0
      ]
    },
    {
      "Target": "Parameter",
      "Id": "PARAM_SOUP",
      "Segments": [
        0,
        0,
        0,
        7.47,
        0
      ]
    },
    {
      "Target": "Parameter",
      "Id": "PARAM_JINADAI_X",
      "Segments": [
        0,
        0,
        0,
        7.47,
        0
      ]
    },
    {
      "Target": "Parameter",
      "Id": "PARAM_JIANDAI_Y",
      "Segments": [
        0,
        0,
        0,
        7.47,
        0
      ]
    },
    {
      "Target": "Parameter",
      "Id": "PARAM_JIANDAI_BACK_X",
      "Segments": [
        0,
        0,
        0,
        7.47,
        0
      ]
    },
    {
      "Target": "Parameter",
      "Id": "PARAM_JIANDAI_BACK_Y",
      "Segments": [
        0,
        0,
        0,
        7.47,
        0
      ]
    },
    {
      "Target": "Parameter",
      "Id": "PARAM_EYE_L_FORM",
      "Segments": [
        0,
        0.5,
        0,
        7.47,
        0.5
      ]
    },
    {
      "Target": "Parameter",
      "Id": "PARAM_EYE_BALL_FORM",
      "Segments": [
        0,
        0,
        0,
        7.47,
        0
      ]
    },
    {
      "Target": "Parameter",
      "Id": "PARAM_EYE_BALL_SAD",
      "Segments": [
        0,
        0,
        0,
        7.47,
        0
      ]
    },
    {
      "Target": "Parameter",
      "Id": "PARAM_EYE_BALL_BAIYAN",
      "Segments": [
        0,
        0,
        0,
        7.47,
        0
      ]
    },
    {
      "Target": "Parameter",
      "Id": "PARAM_EYE_BALL_KIRAKIRA",
      "Segments": [
        0,
        0,
        0,
        7.47,
        0
      ]
    },
    {
      "Target": "Parameter",
      "Id": "PARAM_EYE_kira_R1",
      "Segments": [
        0,
        1,
        0,
        7.47,
        1
      ]
    },
    {
      "Target": "Parameter",
      "Id": "PARAM_EYE_kira_R2",
      "Segments": [
        0,
        0.5,
        0,
        7.47,
        0.5
      ]
    },
    {
      "Target": "Parameter",
      "Id": "PARAM_EYE_kira_L1",
      "Segments": [
        0,
        1,
        0,
        7.47,
        1
      ]
    },
    {
      "Target": "Parameter",
      "Id": "PARAM_EYE_kira_L2",
      "Segments": [
        0,
        0.5,
        0,
        7.47,
        0.5
      ]
    },
    {
      "Target": "Parameter",
      "Id": "PARAM_EYE_TI1",
      "Segments": [
        0,
        0,
        0,
        7.47,
        0
      ]
    },
    {
      "Target": "Parameter",
      "Id": "PARAM_EYE_TI2",
      "Segments": [
        0,
        0,
        0,
        7.47,
        0
      ]
    },
    {
      "Target": "Parameter",
      "Id": "PARAM_EYE_SPECIAL",
      "Segments": [
        0,
        0,
        0,
        7.47,
        0
      ]
    },
    {
      "Target": "Parameter",
      "Id": "PARAM_EYE_DEFROM",
      "Segments": [
        0,
        0,
        0,
        7.47,
        0
      ]
    },
    {
      "Target": "Parameter",
      "Id": "PARAM_BROW_L_X",
      "Segments": [
        0,
        0,
        0,
        7.47,
        0
      ]
    },
    {
      "Target": "Parameter",
      "Id": "PARAM_BROW_R_X",
      "Segments": [
        0,
        0,
        0,
        7.47,
        0
      ]
    },
    {
      "Target": "Parameter",
      "Id": "PARAM_MOUTH_SPECIAL",
      "Segments": [
        0,
        0,
        0,
        7.47,
        0
      ]
    },
    {
      "Target": "Parameter",
      "Id": "PARAM_MOUTH_DEFORM_SPECIAL",
      "Segments": [
        0,
        0,
        0,
        7.47,
        0
      ]
    },
    {
      "Target": "Parameter",
      "Id": "PARAM_MOUTH_X",
      "Segments": [
        0,
        0,
        0,
        7.47,
        0
      ]
    },
    {
      "Target": "Parameter",
      "Id": "PARAM_MOUTH_Y",
      "Segments": [
        0,
        0,
        0,
        7.47,
        0
      ]
    },
    {
      "Target": "Parameter",
      "Id": "PARAM_SHY",
      "Segments": [
        0,
        0,
        0,
        7.47,
        0
      ]
    },
    {
      "Target": "Parameter",
      "Id": "PARAM_TERE",
      "Segments": [
        0,
        0.8,
        0,
        7.47,
        0.8
      ]
    },
    {
      "Target": "Parameter",
      "Id": "PARAM_TERE2",
      "Segments": [
        0,
        0,
        0,
        7.47,
        0
      ]
    },
    {
      "Target": "Parameter",
      "Id": "PARAM_WATER",
      "Segments": [
        0,
        0,
        0,
        7.47,
        0
      ]
    },
    {
      "Target": "Parameter",
      "Id": "PARAM_HAN",
      "Segments": [
        0,
        0,
        0,
        7.47,
        0
      ]
    },
    {
      "Target": "Parameter",
      "Id": "PARAM_ANGRY",
      "Segments": [
        0,
        0,
        0,
        7.47,
        0
      ]
    },
    {
      "Target": "Parameter",
      "Id": "PARAM_HEI",
      "Segments": [
        0,
        -1,
        0,
        7.47,
        -1
      ]
    },
    {
      "Target": "Parameter",
      "Id": "PARAM_LIANHEIXIAN",
      "Segments": [
        0,
        0,
        0,
        7.47,
        0
      ]
    },
    {
      "Target": "Parameter",
      "Id": "PARAM_FAT",
      "Segments": [
        0,
        0,
        0,
        7.47,
        0
      ]
    },
    {
      "Target": "Parameter",
      "Id": "PARAM_HEIXIAN",
      "Segments": [
        0,
        0,
        0,
        7.47,
        0
      ]
    },
    {
      "Target": "Parameter",
      "Id": "PARAM_YINYING",
      "Segments": [
        0,
        0,
        0,
        7.47,
        0
      ]
    },
    {
      "Target": "Parameter",
      "Id": "PARAM_TANQI",
      "Segments": [
        0,
        0,
        0,
        7.47,
        0
      ]
    },
    {
      "Target": "Parameter",
      "Id": "PARAM_ZHAMAO",
      "Segments": [
        0,
        0,
        0,
        7.47,
        0
      ]
    },
    {
      "Target": "Parameter",
      "Id": "PARAM_RU_X",
      "Segments": [
        0,
        0,
        0,
        7.47,
        0
      ]
    },
    {
      "Target": "Parameter",
      "Id": "PARAM_RU_Y",
      "Segments": [
        0,
        0,
        0,
        7.47,
        0
      ]
    },
    {
      "Target": "Parameter",
      "Id": "PARAM_BREATH",
      "Segments": [
        0,
        0,
        0,
        7.47,
        0
      ]
    },
    {
      "Target": "Parameter",
      "Id": "PARAM_HAIR_FRONT",
      "Segments": [
        0,
        0,
        0,
        7.47,
        0
      ]
    },
    {
      "Target": "Parameter",
      "Id": "PARAM_HAIR_FROUT_2",
      "Segments": [
        0,
        0,
        0,
        7.47,
        0
      ]
    },
    {
      "Target": "Parameter",
      "Id": "PARAM_HAIR_FROUT_WAVE",
      "Segments": [
        0,
        0,
        0,
        7.47,
        0
      ]
    },
    {
      "Target": "Parameter",
      "Id": "PARAM_HAIR_SIDE_R",
      "Segments": [
        0,
        0,
        0,
        7.47,
        0
      ]
    },
    {
      "Target": "Parameter",
      "Id": "PARAM_HAIR_SIDE_R2",
      "Segments": [
        0,
        0,
        0,
        7.47,
        0
      ]
    },
    {
      "Target": "Parameter",
      "Id": "PARAM_HAIR_SIDE_WAVE",
      "Segments": [
        0,
        0,
        0,
        7.47,
        0
      ]
    },
    {
      "Target": "Parameter",
      "Id": "PARAM_HAIR_SIDE_R3",
      "Segments": [
        0,
        0,
        0,
        7.47,
        0
      ]
    },
    {
      "Target": "Parameter",
      "Id": "PARAM_HAIR_SIDE_L",
      "Segments": [
        0,
        0,
        0,
        7.47,
        0
      ]
    },
    {
      "Target": "Parameter",
      "Id": "PARAM_HAIR_SIDE_L3",
      "Segments": [
        0,
        0,
        0,
        7.47,
        0
      ]
    },
    {
      "Target": "Parameter",
      "Id": "PARAM_HAIR_BACK_WAVE",
      "Segments": [
        0,
        0,
        0,
        7.47,
        0
      ]
    },
    {
      "Target": "Parameter",
      "Id": "PARAM_XIANQUNZI_1",
      "Segments": [
        0,
        0,
        0,
        7.47,
        0
      ]
    },
    {
      "Target": "Parameter",
      "Id": "PARAM_XIANQUNZI_2",
      "Segments": [
        0,
        0,
        0,
        7.47,
        0
      ]
    },
    {
      "Target": "Parameter",
      "Id": "PARAM_YICENGQUN_YIDUAN_SHAKE",
      "Segments": [
        0,
        0,
        0,
        7.47,
        0
      ]
    },
    {
      "Target": "Parameter",
      "Id": "PARAM_PARAM_YICENGQUN_ERDUAN_SHAKE",
      "Segments": [
        0,
        0,
        0,
        7.47,
        0
      ]
    },
    {
      "Target": "Parameter",
      "Id": "PARAM_YICENGSHA_1DUAN_SHAKE",
      "Segments": [
        0,
        0,
        0,
        7.47,
        0
      ]
    },
    {
      "Target": "Parameter",
      "Id": "PARAM_YICESHA_2DUAN_SHAKE",
      "Segments": [
        0,
        0,
        0,
        7.47,
        0
      ]
    },
    {
      "Target": "Parameter",
      "Id": "PARAM_ERCENGSHA_1DUAN_SHAKE",
      "Segments": [
        0,
        0,
        0,
        7.47,
        0
      ]
    },
    {
      "Target": "Parameter",
      "Id": "PARAM_ERCENGSAHA_2DUAN_SHAKE",
      "Segments": [
        0,
        0,
        0,
        7.47,
        0
      ]
    }
  ],
  "UserData": []
}