{
  "Version": 3,
  "Meta": {
    "Duration": 5.1,
    "Fps": 30.0,
    "Loop": true,
    "AreBeziersRestricted": true,
    "CurveCount": 134,
    "TotalSegmentCount": 499,
    "TotalPointCount": 729,
    "UserDataCount": 0,
    "TotalUserDataSize": 0
  },
  "Curves": [
    {
      "Target": "Parameter",
      "Id": "PARAM_ANGLE_X",
      "Segments": [
        0,
        -4,
        0,
        0.167,
        -19,
        0,
        0.533,
        -8,
        2,
        0.8,
        -8,
        2,
        0.9,
        -8,
        0,
        1.7,
        -9,
        1,
        1.744,
        -9,
        1.789,
        -9.31,
        1.833,
        -8,
        1,
        1.944,
        -4.724,
        2.056,
        1.011,
        2.167,
        1.011,
        1,
        2.222,
        1.011,
        2.278,
        -1.42,
        2.333,
        -2.788,
        1,
        2.422,
        -4.978,
        2.511,
        -7.669,
        2.6,
        -8,
        1,
        2.833,
        -8.868,
        3.067,
        -9,
        3.3,
        -9,
        1,
        3.4,
        -9,
        3.5,
        -8.552,
        3.6,
        -8,
        1,
        4.1,
        -5.242,
        4.6,
        -4,
        5.1,
        -4
      ]
    },
    {
      "Target": "Parameter",
      "Id": "PARAM_ANGLE_Y",
      "Segments": [
        0,
        -8,
        0,
        0.167,
        -18,
        0,
        0.533,
        30,
        1,
        0.622,
        30,
        0.711,
        -22.047,
        0.8,
        -28.587,
        1,
        0.833,
        -31.039,
        0.867,
        -30,
        0.9,
        -30,
        0,
        1.7,
        5,
        0,
        1.967,
        -5.828,
        0,
        2.167,
        18,
        1,
        2.234,
        18,
        2.3,
        13.238,
        2.367,
        2.444,
        1,
        2.445,
        -10.149,
        2.522,
        -17.134,
        2.6,
        -17.134,
        0,
        3.3,
        5,
        0,
        3.9,
        -3.237,
        0,
        4.433,
        4.162,
        0,
        5.1,
        -8
      ]
    },
    {
      "Target": "Parameter",
      "Id": "PARAM_ANGLE_Z",
      "Segments": [
        0,
        -8,
        0,
        0.167,
        -23,
        0,
        0.533,
        0,
        0,
        0.8,
        -2.371,
        0,
        1.233,
        30,
        2,
        1.833,
        30,
        1,
        1.933,
        30,
        2.033,
        10.785,
        2.133,
        -6.301,
        1,
        2.211,
        -19.59,
        2.289,
        -21,
        2.367,
        -21,
        0,
        2.967,
        0,
        0,
        3.6,
        -10.487,
        0,
        4.433,
        0.567,
        0,
        5.1,
        -8
      ]
    },
    {
      "Target": "Parameter",
      "Id": "PARAM_BODY_ANGLE_X",
      "Segments": [
        0,
        -0.047,
        0,
        0.167,
        -5,
        1,
        0.378,
        -5,
        0.589,
        -3.765,
        0.8,
        -0.443,
        1,
        0.922,
        1.48,
        1.045,
        3.009,
        1.167,
        3.009,
        1,
        1.389,
        3.009,
        1.611,
        0.649,
        1.833,
        -3,
        1,
        1.922,
        -4.46,
        2.011,
        -4.797,
        2.1,
        -4.797,
        1,
        2.189,
        -4.797,
        2.278,
        -4.285,
        2.367,
        -3,
        1,
        2.556,
        -0.269,
        2.744,
        1.242,
        2.933,
        1.242,
        0,
        3.6,
        -3,
        0,
        4.633,
        1.542,
        0,
        5.1,
        -0.047
      ]
    },
    {
      "Target": "Parameter",
      "Id": "PARAM_BODY_ANGLE_Y",
      "Segments": [
        0,
        0,
        0,
        0.533,
        7.509,
        1,
        0.711,
        7.509,
        0.889,
        4.891,
        1.067,
        4.657,
        1,
        1.367,
        4.261,
        1.667,
        4.246,
        1.967,
        3.875,
        1,
        2.1,
        3.71,
        2.234,
        -3,
        2.367,
        -3,
        0,
        2.967,
        7,
        0,
        3.6,
        -0.999,
        0,
        4.4,
        4.641,
        0,
        5.1,
        0
      ]
    },
    {
      "Target": "Parameter",
      "Id": "PARAM_BODY_ANGLE_Z",
      "Segments": [
        0,
        0,
        0,
        0.533,
        5,
        1,
        0.622,
        5,
        0.711,
        4.196,
        0.8,
        2.598,
        1,
        0.956,
        -0.198,
        1.111,
        -1.592,
        1.267,
        -1.592,
        0,
        2.133,
        4.575,
        1,
        2.211,
        4.575,
        2.289,
        3.584,
        2.367,
        2.716,
        1,
        2.489,
        1.353,
        2.611,
        0.994,
        2.733,
        0.994,
        1,
        2.922,
        0.994,
        3.111,
        2.102,
        3.3,
        3.015,
        1,
        3.467,
        3.82,
        3.633,
        3.901,
        3.8,
        3.901,
        0,
        4.733,
        -1.571,
        0,
        5.1,
        0
      ]
    },
    {
      "Target": "Parameter",
      "Id": "PARAM_UPPER_BODY",
      "Segments": [
        0,
        0,
        1,
        0.178,
        0,
        0.355,
        -0.045,
        0.533,
        -0.226,
        1,
        0.622,
        -0.317,
        0.711,
        -0.457,
        0.8,
        -0.457,
        0,
        1.233,
        0,
        0,
        1.833,
        -1.791,
        1,
        1.933,
        -1.791,
        2.033,
        -1.037,
        2.133,
        -0.473,
        1,
        2.222,
        0.028,
        2.311,
        0.064,
        2.4,
        0.064,
        1,
        2.589,
        0.064,
        2.778,
        0.082,
        2.967,
        0,
        1,
        3.178,
        -0.091,
        3.389,
        -0.72,
        3.6,
        -0.72,
        0,
        4.567,
        0.634,
        0,
        5.1,
        0
      ]
    },
    {
      "Target": "Parameter",
      "Id": "PARAM_LEFT_ARM",
      "Segments": [
        0,
        0.349,
        1,
        0.056,
        0.349,
        0.111,
        0.418,
        0.167,
        0.449,
        1,
        0.334,
        0.543,
        0.5,
        0.569,
        0.667,
        0.569,
        1,
        0.711,
        0.569,
        0.756,
        0.475,
        0.8,
        0.456,
        1,
        0.944,
        0.394,
        1.089,
        0.38,
        1.233,
        0.38,
        1,
        1.433,
        0.38,
        1.633,
        0.417,
        1.833,
        0.5,
        1,
        1.933,
        0.541,
        2.033,
        0.567,
        2.133,
        0.567,
        1,
        2.255,
        0.567,
        2.378,
        0.562,
        2.5,
        0.5,
        1,
        2.656,
        0.421,
        2.811,
        0.329,
        2.967,
        0.329,
        0,
        3.6,
        0.5,
        0,
        4.067,
        0.34,
        0,
        4.567,
        0.845,
        0,
        5.1,
        0.349
      ]
    },
    {
      "Target": "Parameter",
      "Id": "PARAM_ARM_L",
      "Segments": [
        0,
        -1,
        2,
        0.167,
        -1,
        1,
        0.378,
        -1,
        0.589,
        3.632,
        0.8,
        3.659,
        1,
        0.944,
        3.678,
        1.089,
        3.676,
        1.233,
        3.682,
        1,
        1.433,
        3.691,
        1.633,
        3.694,
        1.833,
        3.694,
        0,
        2.167,
        3.663,
        0,
        2.5,
        3.742,
        1,
        2.656,
        3.742,
        2.811,
        3.673,
        2.967,
        3.667,
        1,
        3.178,
        3.659,
        3.389,
        3.659,
        3.6,
        3.652,
        1,
        3.756,
        3.647,
        3.911,
        3.646,
        4.067,
        3.604,
        1,
        4.322,
        3.536,
        4.578,
        -1,
        4.833,
        -1,
        2,
        5.1,
        -1
      ]
    },
    {
      "Target": "Parameter",
      "Id": "PARAM_TOUSHI_L",
      "Segments": [
        0,
        0,
        0,
        0.8,
        0.4,
        1,
        1.144,
        0.4,
        1.489,
        0.389,
        1.833,
        0.346,
        1,
        1.955,
        0.331,
        2.078,
        0.285,
        2.2,
        0.25,
        1,
        2.3,
        0.221,
        2.4,
        0.2,
        2.5,
        0.2,
        0,
        3.6,
        0.4,
        0,
        5.1,
        0
      ]
    },
    {
      "Target": "Parameter",
      "Id": "PARAM_ARM_L_02",
      "Segments": [
        0,
        0.9,
        0,
        0.533,
        1,
        0,
        0.8,
        0.002,
        1,
        0.944,
        0.002,
        1.089,
        0.278,
        1.233,
        0.3,
        1,
        1.433,
        0.331,
        1.633,
        0.328,
        1.833,
        0.328,
        0,
        2.167,
        0.292,
        0,
        2.5,
        0.5,
        1,
        2.656,
        0.5,
        2.811,
        0.306,
        2.967,
        0.276,
        1,
        3.178,
        0.236,
        3.389,
        0.207,
        3.6,
        0.2,
        1,
        3.756,
        0.195,
        3.911,
        0.197,
        4.067,
        0.192,
        1,
        4.222,
        0.187,
        4.378,
        -0.147,
        4.533,
        -0.147,
        0,
        5.1,
        0.9
      ]
    },
    {
      "Target": "Parameter",
      "Id": "PARAM_HAND_L",
      "Segments": [
        0,
        0,
        2,
        0.167,
        0,
        0,
        0.333,
        0.5,
        2,
        0.533,
        0.5,
        2,
        0.8,
        0.5,
        2,
        4.333,
        0.5,
        0,
        4.5,
        0,
        2,
        5.1,
        0
      ]
    },
    {
      "Target": "Parameter",
      "Id": "PARAM_HAND_L_02",
      "Segments": [
        0,
        0,
        1,
        0.178,
        0,
        0.355,
        -0.149,
        0.533,
        -0.39,
        1,
        0.622,
        -0.51,
        0.711,
        -0.547,
        0.8,
        -0.547,
        2,
        4.333,
        -0.547,
        0,
        4.5,
        0,
        2,
        5.1,
        0
      ]
    },
    {
      "Target": "Parameter",
      "Id": "PARAM_HAND_L_LEVEL",
      "Segments": [
        0,
        0,
        2,
        0.167,
        0,
        2,
        0.2,
        1,
        0,
        0.333,
        0.8,
        0,
        0.6,
        1,
        2,
        2.133,
        1,
        2,
        4.833,
        1,
        0,
        5.1,
        0
      ]
    },
    {
      "Target": "Parameter",
      "Id": "PARAM_RIGHT_ARM",
      "Segments": [
        0,
        0,
        1,
        0.111,
        0,
        0.222,
        -0.012,
        0.333,
        0.034,
        1,
        0.489,
        0.098,
        0.644,
        0.392,
        0.8,
        0.392,
        0,
        1.067,
        0,
        2,
        1.233,
        0,
        1,
        1.433,
        0,
        1.633,
        0.064,
        1.833,
        0.1,
        1,
        1.933,
        0.118,
        2.033,
        0.118,
        2.133,
        0.128,
        1,
        2.144,
        0.13,
        2.156,
        0.134,
        2.167,
        0.16,
        1,
        2.334,
        0.546,
        2.5,
        0.8,
        2.667,
        0.8,
        0,
        3.1,
        0.729,
        0,
        3.6,
        0.86,
        0,
        5.1,
        0
      ]
    },
    {
      "Target": "Parameter",
      "Id": "PARAM_ARM_R",
      "Segments": [
        0,
        2.28,
        0,
        0.333,
        2.217,
        1,
        0.489,
        2.217,
        0.644,
        3.396,
        0.8,
        4.684,
        1,
        0.844,
        5.052,
        0.889,
        5,
        0.933,
        5,
        1,
        1.033,
        5,
        1.133,
        4.741,
        1.233,
        4.731,
        1,
        1.433,
        4.711,
        1.633,
        4.709,
        1.833,
        4.691,
        1,
        1.944,
        4.681,
        2.056,
        4.678,
        2.167,
        4.618,
        1,
        2.378,
        4.504,
        2.589,
        3.889,
        2.8,
        3.889,
        1,
        3.067,
        3.889,
        3.333,
        4.006,
        3.6,
        4.126,
        1,
        3.833,
        4.231,
        4.067,
        4.25,
        4.3,
        4.25,
        0,
        5.1,
        2.28
      ]
    },
    {
      "Target": "Parameter",
      "Id": "PARAM_ARM_R_02",
      "Segments": [
        0,
        -1,
        2,
        0.167,
        -1,
        1,
        0.367,
        -1,
        0.567,
        -0.557,
        0.767,
        -0.268,
        1,
        0.811,
        -0.204,
        0.856,
        -0.229,
        0.9,
        -0.2,
        1,
        0.933,
        -0.178,
        0.967,
        -0.16,
        1,
        -0.1,
        1,
        1.044,
        -0.02,
        1.089,
        0.491,
        1.133,
        0.506,
        1,
        1.178,
        0.521,
        1.222,
        0.518,
        1.267,
        0.518,
        1,
        1.456,
        0.518,
        1.644,
        0.49,
        1.833,
        0.425,
        1,
        1.944,
        0.387,
        2.056,
        0.395,
        2.167,
        0.302,
        1,
        2.378,
        0.123,
        2.589,
        -0.52,
        2.8,
        -0.52,
        0,
        4.133,
        -0.158,
        0,
        5.1,
        -1
      ]
    },
    {
      "Target": "Parameter",
      "Id": "PARAM_HAND_R",
      "Segments": [
        0,
        0,
        0,
        0.167,
        0.5,
        2,
        0.967,
        0.5,
        2,
        1,
        0.5,
        2,
        1.267,
        0.5,
        2,
        2.167,
        0.5,
        2,
        2.333,
        0.5,
        2,
        4.667,
        0.5,
        0,
        4.833,
        0,
        2,
        5.1,
        0
      ]
    },
    {
      "Target": "Parameter",
      "Id": "PARAM_HAND_R2",
      "Segments": [
        0,
        0,
        0,
        0.167,
        1,
        2,
        0.967,
        1,
        2,
        1,
        0,
        2,
        1.267,
        0,
        2,
        2.167,
        0,
        0,
        2.333,
        1,
        2,
        4.667,
        1,
        0,
        4.833,
        0,
        2,
        5.1,
        0
      ]
    },
    {
      "Target": "Parameter",
      "Id": "PARAM_HAND_R_02",
      "Segments": [
        0,
        0,
        0,
        0.167,
        -1,
        2,
        0.967,
        -1,
        1,
        0.978,
        -1,
        0.989,
        -0.2,
        1,
        -0.1,
        1,
        1.089,
        0.704,
        1.178,
        1,
        1.267,
        1,
        0,
        1.833,
        0.4,
        0,
        2.167,
        1,
        0,
        2.333,
        -1,
        2,
        4.667,
        -1,
        0,
        4.833,
        0,
        2,
        5.1,
        0
      ]
    },
    {
      "Target": "Parameter",
      "Id": "PARAM_EYE_L_OPEN",
      "Segments": [
        0,
        1,
        0,
        0.167,
        0,
        0,
        0.533,
        1,
        2,
        0.8,
        1,
        2,
        1.067,
        1,
        2,
        1.233,
        1,
        2,
        2.133,
        1,
        2,
        2.267,
        1,
        2,
        2.367,
        1,
        0,
        2.5,
        0,
        0,
        2.633,
        1,
        2,
        3.733,
        1,
        0,
        4.1,
        0,
        0,
        4.467,
        1,
        2,
        5.1,
        1
      ]
    },
    {
      "Target": "Parameter",
      "Id": "PARAM_EYE_R_OPEN",
      "Segments": [
        0,
        1,
        0,
        0.167,
        0,
        0,
        0.533,
        1,
        2,
        0.8,
        1,
        2,
        1.067,
        1,
        2,
        1.233,
        1,
        2,
        2.133,
        1,
        2,
        2.267,
        1,
        2,
        2.367,
        1,
        0,
        2.5,
        0,
        0,
        2.633,
        1,
        2,
        3.733,
        1,
        0,
        4.1,
        0,
        0,
        4.467,
        1,
        2,
        5.1,
        1
      ]
    },
    {
      "Target": "Parameter",
      "Id": "PARAM_EYE_BALL_X",
      "Segments": [
        0,
        0,
        0,
        0.533,
        0.31,
        2,
        0.8,
        0.31,
        2,
        1.833,
        0.31,
        2,
        2.133,
        0.31,
        2,
        2.367,
        0.31,
        2,
        3.6,
        0.31,
        0,
        5.1,
        0
      ]
    },
    {
      "Target": "Parameter",
      "Id": "PARAM_EYE_BALL_Y",
      "Segments": [
        0,
        0,
        0,
        0.533,
        -0.08,
        2,
        0.8,
        -0.08,
        2,
        1.833,
        -0.08,
        2,
        2.133,
        -0.08,
        2,
        2.367,
        -0.08,
        2,
        3.6,
        -0.08,
        0,
        5.1,
        0
      ]
    },
    {
      "Target": "Parameter",
      "Id": "PARAM_BROW_L_X",
      "Segments": [
        0,
        0,
        2,
        0.533,
        0,
        0,
        0.8,
        -0.469,
        1,
        0.889,
        -0.469,
        0.978,
        -0.426,
        1.067,
        -0.39,
        1,
        1.422,
        -0.246,
        1.778,
        -0.133,
        2.133,
        0.01,
        1,
        2.3,
        0.077,
        2.466,
        0.15,
        2.633,
        0.25,
        1,
        2.744,
        0.317,
        2.856,
        0.41,
        2.967,
        0.41,
        1,
        3.078,
        0.41,
        3.189,
        0.417,
        3.3,
        0.38,
        1,
        3.4,
        0.347,
        3.5,
        -0.49,
        3.6,
        -0.49,
        0,
        5.1,
        0
      ]
    },
    {
      "Target": "Parameter",
      "Id": "PARAM_BROW_L_Y",
      "Segments": [
        0,
        0,
        0,
        0.167,
        -0.93,
        0,
        0.533,
        0,
        1,
        0.622,
        0,
        0.711,
        0.005,
        0.8,
        -0.024,
        1,
        0.889,
        -0.054,
        0.978,
        -0.288,
        1.067,
        -0.288,
        0,
        2.133,
        -0.175,
        0,
        2.5,
        -1,
        0,
        2.6,
        0.043,
        1,
        2.978,
        0.043,
        3.355,
        0.038,
        3.733,
        0.008,
        1,
        3.844,
        -0.001,
        3.956,
        -1,
        4.067,
        -1,
        1,
        4.145,
        -1,
        4.222,
        -0.012,
        4.3,
        -0.01,
        1,
        4.567,
        -0.001,
        4.833,
        0,
        5.1,
        0
      ]
    },
    {
      "Target": "Parameter",
      "Id": "PARAM_BROW_R_X",
      "Segments": [
        0,
        0,
        2,
        0.533,
        0,
        0,
        0.8,
        -0.032,
        1,
        1.244,
        -0.032,
        1.689,
        -0.033,
        2.133,
        0.024,
        1,
        2.411,
        0.06,
        2.689,
        0.46,
        2.967,
        0.46,
        1,
        3.078,
        0.46,
        3.189,
        0.475,
        3.3,
        0.36,
        1,
        3.4,
        0.256,
        3.5,
        -0.47,
        3.6,
        -0.47,
        0,
        5.1,
        0
      ]
    },
    {
      "Target": "Parameter",
      "Id": "PARAM_BROW_R_Y",
      "Segments": [
        0,
        0,
        0,
        0.167,
        -0.92,
        0,
        0.533,
        0,
        1,
        0.622,
        0,
        0.711,
        0.001,
        0.8,
        -0.005,
        1,
        0.889,
        -0.011,
        0.978,
        -0.286,
        1.067,
        -0.286,
        0,
        2.133,
        -0.175,
        0,
        2.5,
        -1,
        0,
        2.633,
        0.01,
        1,
        3,
        0.01,
        3.366,
        0.01,
        3.733,
        0.008,
        1,
        3.844,
        0.007,
        3.956,
        -1,
        4.067,
        -1,
        1,
        4.145,
        -1,
        4.222,
        -0.012,
        4.3,
        -0.01,
        1,
        4.567,
        -0.001,
        4.833,
        0,
        5.1,
        0
      ]
    },
    {
      "Target": "Parameter",
      "Id": "PARAM_BROW_L_ANGLE",
      "Segments": [
        0,
        0,
        2,
        0.533,
        0,
        1,
        0.622,
        0,
        0.711,
        0.084,
        0.8,
        0.177,
        1,
        0.9,
        0.281,
        1,
        0.39,
        1.1,
        0.441,
        1,
        1.344,
        0.565,
        1.589,
        0.6,
        1.833,
        0.6,
        0,
        2.133,
        0,
        2,
        3.6,
        0,
        2,
        5.1,
        0
      ]
    },
    {
      "Target": "Parameter",
      "Id": "PARAM_BROW_R_ANGLE",
      "Segments": [
        0,
        0,
        2,
        0.533,
        0,
        1,
        0.622,
        0,
        0.711,
        -0.004,
        0.8,
        0.038,
        1,
        1.144,
        0.199,
        1.489,
        0.331,
        1.833,
        0.331,
        0,
        2.133,
        0,
        2,
        3.6,
        0,
        2,
        5.1,
        0
      ]
    },
    {
      "Target": "Parameter",
      "Id": "PARAM_BROW_L_FORM",
      "Segments": [
        0,
        0.5,
        0,
        0.533,
        0,
        1,
        0.622,
        0,
        0.711,
        0.115,
        0.8,
        0.294,
        1,
        0.889,
        0.472,
        0.978,
        0.54,
        1.067,
        0.54,
        0,
        1.833,
        0,
        2,
        2.133,
        0,
        2,
        2.367,
        0,
        2,
        3.6,
        0,
        0,
        5.1,
        0.5
      ]
    },
    {
      "Target": "Parameter",
      "Id": "PARAM_BROW_R_FORM",
      "Segments": [
        0,
        0.5,
        0,
        0.533,
        0,
        2,
        0.8,
        0,
        2,
        1.833,
        0,
        2,
        2.133,
        0,
        2,
        2.367,
        0,
        2,
        3.6,
        0,
        0,
        5.1,
        0.5
      ]
    },
    {
      "Target": "Parameter",
      "Id": "PARAM_MOUTH_OPEN",
      "Segments": [
        0,
        0,
        2,
        0.533,
        0,
        0,
        0.8,
        2,
        0,
        1.233,
        0,
        2,
        2.133,
        0,
        1,
        2.511,
        0,
        2.889,
        0.805,
        3.267,
        1.348,
        1,
        3.678,
        1.94,
        4.089,
        2,
        4.5,
        2,
        0,
        5.1,
        0
      ]
    },
    {
      "Target": "Parameter",
      "Id": "PARAM_MOUTH_FORM",
      "Segments": [
        0,
        -0.6,
        0,
        0.533,
        -1,
        2,
        0.8,
        -1,
        2,
        1.233,
        -1,
        2,
        2.133,
        -1,
        2,
        3.6,
        -1,
        0,
        5.1,
        -0.6
      ]
    },
    {
      "Target": "Parameter",
      "Id": "PARAM_MOUTH_SIZE",
      "Segments": [
        0,
        -0.5,
        0,
        0.533,
        0,
        0,
        0.8,
        -0.042,
        0,
        1.233,
        0,
        2,
        2.133,
        0,
        0,
        2.933,
        -0.637,
        0,
        3.733,
        -0.368,
        0,
        5.1,
        -0.5
      ]
    },
    {
      "Target": "PartOpacity",
      "Id": "PARTS_GUDIAN",
      "Segments": [
        0,
        1,
        2,
        5.1,
        1
      ]
    },
    {
      "Target": "PartOpacity",
      "Id": "PARTS_01_ARM_L_01",
      "Segments": [
        0,
        1,
        2,
        5.1,
        1
      ]
    },
    {
      "Target": "PartOpacity",
      "Id": "PARTS_01_ARM_R_01",
      "Segments": [
        0,
        1,
        2,
        5.1,
        1
      ]
    },
    {
      "Target": "PartOpacity",
      "Id": "PARTS_01_BODY",
      "Segments": [
        0,
        1,
        2,
        0.53,
        1,
        2,
        0.8,
        1,
        2,
        1.83,
        1,
        2,
        2.13,
        1,
        2,
        2.37,
        1,
        2,
        3.6,
        1,
        2,
        5.1,
        1
      ]
    },
    {
      "Target": "PartOpacity",
      "Id": "PARTS_01_NECK",
      "Segments": [
        0,
        1,
        2,
        0.53,
        1,
        2,
        0.8,
        1,
        2,
        1.83,
        1,
        2,
        2.13,
        1,
        2,
        2.37,
        1,
        2,
        3.6,
        1,
        2,
        5.1,
        1
      ]
    },
    {
      "Target": "PartOpacity",
      "Id": "PARTS_01_HAIR_BACK_001",
      "Segments": [
        0,
        1,
        2,
        0.53,
        1,
        2,
        0.8,
        1,
        2,
        1.83,
        1,
        2,
        2.13,
        1,
        2,
        2.37,
        1,
        2,
        3.6,
        1,
        2,
        5.1,
        1
      ]
    },
    {
      "Target": "PartOpacity",
      "Id": "PARTS_01_HAIR_SIDE_001",
      "Segments": [
        0,
        1,
        2,
        0.53,
        1,
        2,
        0.8,
        1,
        2,
        1.83,
        1,
        2,
        2.13,
        1,
        2,
        2.37,
        1,
        2,
        3.6,
        1,
        2,
        5.1,
        1
      ]
    },
    {
      "Target": "PartOpacity",
      "Id": "PARTS_01_HAIR_FRONT_001",
      "Segments": [
        0,
        1,
        2,
        0.53,
        1,
        2,
        0.8,
        1,
        2,
        1.83,
        1,
        2,
        2.13,
        1,
        2,
        2.37,
        1,
        2,
        3.6,
        1,
        2,
        5.1,
        1
      ]
    },
    {
      "Target": "PartOpacity",
      "Id": "PARTS_01_EAR_001",
      "Segments": [
        0,
        1,
        2,
        0.53,
        1,
        2,
        0.8,
        1,
        2,
        1.83,
        1,
        2,
        2.13,
        1,
        2,
        2.37,
        1,
        2,
        3.6,
        1,
        2,
        5.1,
        1
      ]
    },
    {
      "Target": "PartOpacity",
      "Id": "PARTS_01_NOSE_001",
      "Segments": [
        0,
        1,
        2,
        0.53,
        1,
        2,
        0.8,
        1,
        2,
        1.83,
        1,
        2,
        2.13,
        1,
        2,
        2.37,
        1,
        2,
        3.6,
        1,
        2,
        5.1,
        1
      ]
    },
    {
      "Target": "PartOpacity",
      "Id": "PARTS_01_MOUTH_001",
      "Segments": [
        0,
        1,
        2,
        0.53,
        1,
        2,
        0.8,
        1,
        2,
        1.83,
        1,
        2,
        2.13,
        1,
        2,
        2.37,
        1,
        2,
        3.6,
        1,
        2,
        5.1,
        1
      ]
    },
    {
      "Target": "PartOpacity",
      "Id": "PARTS_01_BROW_001",
      "Segments": [
        0,
        1,
        2,
        0.53,
        1,
        2,
        0.8,
        1,
        2,
        1.83,
        1,
        2,
        2.13,
        1,
        2,
        2.37,
        1,
        2,
        3.6,
        1,
        2,
        5.1,
        1
      ]
    },
    {
      "Target": "PartOpacity",
      "Id": "PARTS_01_EYE_BALL_001",
      "Segments": [
        0,
        1,
        2,
        0.53,
        1,
        2,
        0.8,
        1,
        2,
        1.83,
        1,
        2,
        2.13,
        1,
        2,
        2.37,
        1,
        2,
        3.6,
        1,
        2,
        5.1,
        1
      ]
    },
    {
      "Target": "PartOpacity",
      "Id": "PARTS_01_EYE_001",
      "Segments": [
        0,
        1,
        2,
        0.53,
        1,
        2,
        0.8,
        1,
        2,
        1.83,
        1,
        2,
        2.13,
        1,
        2,
        2.37,
        1,
        2,
        3.6,
        1,
        2,
        5.1,
        1
      ]
    },
    {
      "Target": "PartOpacity",
      "Id": "PARTS_01_FACE_001",
      "Segments": [
        0,
        1,
        2,
        0.53,
        1,
        2,
        0.8,
        1,
        2,
        1.83,
        1,
        2,
        2.13,
        1,
        2,
        2.37,
        1,
        2,
        3.6,
        1,
        2,
        5.1,
        1
      ]
    },
    {
      "Target": "PartOpacity",
      "Id": "ROUGH",
      "Segments": [
        0,
        1,
        2,
        0.53,
        1,
        2,
        0.8,
        1,
        2,
        1.83,
        1,
        2,
        2.13,
        1,
        2,
        2.37,
        1,
        2,
        3.6,
        1,
        2,
        5.1,
        1
      ]
    },
    {
      "Target": "Model",
      "Id": "Opacity",
      "Segments": [
        0,
        1,
        0,
        5.1,
        1
      ]
    },
    {
      "Target": "Parameter",
      "Id": "PARAM_LEFT_ARM_TAI",
      "Segments": [
        0,
        0,
        0,
        5.1,
        0
      ]
    },
    {
      "Target": "Parameter",
      "Id": "PARAM_ARM_L_TOUSHI2",
      "Segments": [
        0,
        0,
        0,
        5.1,
        0
      ]
    },
    {
      "Target": "Parameter",
      "Id": "PARAM_HAND_L2",
      "Segments": [
        0,
        0,
        0,
        5.1,
        0
      ]
    },
    {
      "Target": "Parameter",
      "Id": "PARAM_TANGDIE",
      "Segments": [
        0,
        0,
        0,
        5.1,
        0
      ]
    },
    {
      "Target": "Parameter",
      "Id": "PARAM_RIGHT_ARM_TAI",
      "Segments": [
        0,
        0.5,
        0,
        5.1,
        0.5
      ]
    },
    {
      "Target": "Parameter",
      "Id": "PARAM_ARM_R_TOUSHI2",
      "Segments": [
        0,
        0,
        0,
        5.1,
        0
      ]
    },
    {
      "Target": "Parameter",
      "Id": "PARAM_TOUSHI_R",
      "Segments": [
        0,
        0.285,
        0,
        5.1,
        0.285
      ]
    },
    {
      "Target": "Parameter",
      "Id": "PARAM_HAND_R_LEVEL",
      "Segments": [
        0,
        1,
        0,
        5.1,
        1
      ]
    },
    {
      "Target": "Parameter",
      "Id": "PARAM_YIFU",
      "Segments": [
        0,
        0,
        0,
        5.1,
        0
      ]
    },
    {
      "Target": "Parameter",
      "Id": "PARAM_CHICKEN",
      "Segments": [
        0,
        0,
        0,
        5.1,
        0
      ]
    },
    {
      "Target": "Parameter",
      "Id": "PARAM_CHICKEN_MOVE",
      "Segments": [
        0,
        0,
        0,
        5.1,
        0
      ]
    },
    {
      "Target": "Parameter",
      "Id": "PARAM_BANSHOU",
      "Segments": [
        0,
        0,
        0,
        5.1,
        0
      ]
    },
    {
      "Target": "Parameter",
      "Id": "PARAM_BANSHOU_MOVE",
      "Segments": [
        0,
        0,
        0,
        5.1,
        0
      ]
    },
    {
      "Target": "Parameter",
      "Id": "PARAM_BANSHOU_MOVE_01",
      "Segments": [
        0,
        0,
        0,
        5.1,
        0
      ]
    },
    {
      "Target": "Parameter",
      "Id": "PARAM_SHAOZI",
      "Segments": [
        0,
        0,
        0,
        5.1,
        0
      ]
    },
    {
      "Target": "Parameter",
      "Id": "PARAM_SHAOZI_MOVE",
      "Segments": [
        0,
        0,
        0,
        5.1,
        0
      ]
    },
    {
      "Target": "Parameter",
      "Id": "PARAM_SHAOZI_MOVE_01",
      "Segments": [
        0,
        0,
        0,
        5.1,
        0
      ]
    },
    {
      "Target": "Parameter",
      "Id": "PARAM_SOUP",
      "Segments": [
        0,
        0,
        0,
        5.1,
        0
      ]
    },
    {
      "Target": "Parameter",
      "Id": "PARAM_JITA_CHUXIAN",
      "Segments": [
        0,
        0,
        0,
        5.1,
        0
      ]
    },
    {
      "Target": "Parameter",
      "Id": "PARAM_JITA_LEVEL",
      "Segments": [
        0,
        0,
        0,
        5.1,
        0
      ]
    },
    {
      "Target": "Parameter",
      "Id": "PARAM_JITA_MOVE_X",
      "Segments": [
        0,
        0,
        0,
        5.1,
        0
      ]
    },
    {
      "Target": "Parameter",
      "Id": "PARAM_JITA_MOVE_Y",
      "Segments": [
        0,
        0,
        0,
        5.1,
        0
      ]
    },
    {
      "Target": "Parameter",
      "Id": "PARAM_JITA_Z",
      "Segments": [
        0,
        0,
        0,
        5.1,
        0
      ]
    },
    {
      "Target": "Parameter",
      "Id": "PARAM_JITA_X",
      "Segments": [
        0,
        0,
        0,
        5.1,
        0
      ]
    },
    {
      "Target": "Parameter",
      "Id": "PARAM_JITA_Y",
      "Segments": [
        0,
        0,
        0,
        5.1,
        0
      ]
    },
    {
      "Target": "Parameter",
      "Id": "PARAM_JINADAI_X",
      "Segments": [
        0,
        0,
        0,
        5.1,
        0
      ]
    },
    {
      "Target": "Parameter",
      "Id": "PARAM_JIANDAI_Y",
      "Segments": [
        0,
        0,
        0,
        5.1,
        0
      ]
    },
    {
      "Target": "Parameter",
      "Id": "PARAM_JIANDAI_BACK_X",
      "Segments": [
        0,
        0,
        0,
        5.1,
        0
      ]
    },
    {
      "Target": "Parameter",
      "Id": "PARAM_JIANDAI_BACK_Y",
      "Segments": [
        0,
        0,
        0,
        5.1,
        0
      ]
    },
    {
      "Target": "Parameter",
      "Id": "PARAM_EYE_L_FORM",
      "Segments": [
        0,
        0.5,
        0,
        5.1,
        0.5
      ]
    },
    {
      "Target": "Parameter",
      "Id": "PARAM_EYE_R_FORM",
      "Segments": [
        0,
        0.5,
        0,
        5.1,
        0.5
      ]
    },
    {
      "Target": "Parameter",
      "Id": "PARAM_EYE_BALL_FORM",
      "Segments": [
        0,
        0,
        0,
        5.1,
        0
      ]
    },
    {
      "Target": "Parameter",
      "Id": "PARAM_EYE_BALL_SAD",
      "Segments": [
        0,
        0,
        0,
        5.1,
        0
      ]
    },
    {
      "Target": "Parameter",
      "Id": "PARAM_EYE_BALL_BAIYAN",
      "Segments": [
        0,
        0,
        0,
        5.1,
        0
      ]
    },
    {
      "Target": "Parameter",
      "Id": "PARAM_EYE_BALL_KIRAKIRA",
      "Segments": [
        0,
        0,
        0,
        5.1,
        0
      ]
    },
    {
      "Target": "Parameter",
      "Id": "PARAM_EYE_kira_R1",
      "Segments": [
        0,
        1,
        0,
        5.1,
        1
      ]
    },
    {
      "Target": "Parameter",
      "Id": "PARAM_EYE_kira_R2",
      "Segments": [
        0,
        0.5,
        0,
        5.1,
        0.5
      ]
    },
    {
      "Target": "Parameter",
      "Id": "PARAM_EYE_kira_L1",
      "Segments": [
        0,
        1,
        0,
        5.1,
        1
      ]
    },
    {
      "Target": "Parameter",
      "Id": "PARAM_EYE_kira_L2",
      "Segments": [
        0,
        0.5,
        0,
        5.1,
        0.5
      ]
    },
    {
      "Target": "Parameter",
      "Id": "PARAM_EYE_TI1",
      "Segments": [
        0,
        0,
        0,
        5.1,
        0
      ]
    },
    {
      "Target": "Parameter",
      "Id": "PARAM_EYE_TI2",
      "Segments": [
        0,
        0,
        0,
        5.1,
        0
      ]
    },
    {
      "Target": "Parameter",
      "Id": "PARAM_EYE_SPECIAL",
      "Segments": [
        0,
        0,
        0,
        5.1,
        0
      ]
    },
    {
      "Target": "Parameter",
      "Id": "PARAM_EYE_DEFROM",
      "Segments": [
        0,
        0,
        0,
        5.1,
        0
      ]
    },
    {
      "Target": "Parameter",
      "Id": "PARAM_MOUTH_SPECIAL",
      "Segments": [
        0,
        0,
        0,
        5.1,
        0
      ]
    },
    {
      "Target": "Parameter",
      "Id": "PARAM_MOUTH_WIDTH",
      "Segments": [
        0,
        1,
        0,
        5.1,
        1
      ]
    },
    {
      "Target": "Parameter",
      "Id": "PARAM_MOUTH_DEFORM_SPECIAL",
      "Segments": [
        0,
        0,
        0,
        5.1,
        0
      ]
    },
    {
      "Target": "Parameter",
      "Id": "PARAM_MOUTH_X",
      "Segments": [
        0,
        0,
        0,
        5.1,
        0
      ]
    },
    {
      "Target": "Parameter",
      "Id": "PARAM_MOUTH_Y",
      "Segments": [
        0,
        0,
        0,
        5.1,
        0
      ]
    },
    {
      "Target": "Parameter",
      "Id": "PARAM_SHY",
      "Segments": [
        0,
        0,
        0,
        5.1,
        0
      ]
    },
    {
      "Target": "Parameter",
      "Id": "PARAM_TERE",
      "Segments": [
        0,
        0.6,
        0,
        5.1,
        0.6
      ]
    },
    {
      "Target": "Parameter",
      "Id": "PARAM_TERE2",
      "Segments": [
        0,
        0,
        0,
        5.1,
        0
      ]
    },
    {
      "Target": "Parameter",
      "Id": "PARAM_WATER",
      "Segments": [
        0,
        0,
        0,
        5.1,
        0
      ]
    },
    {
      "Target": "Parameter",
      "Id": "PARAM_HAN",
      "Segments": [
        0,
        0,
        0,
        5.1,
        0
      ]
    },
    {
      "Target": "Parameter",
      "Id": "PARAM_ANGRY",
      "Segments": [
        0,
        0,
        0,
        5.1,
        0
      ]
    },
    {
      "Target": "Parameter",
      "Id": "PARAM_HEI",
      "Segments": [
        0,
        -1,
        0,
        5.1,
        -1
      ]
    },
    {
      "Target": "Parameter",
      "Id": "PARAM_LIANHEIXIAN",
      "Segments": [
        0,
        0,
        0,
        5.1,
        0
      ]
    },
    {
      "Target": "Parameter",
      "Id": "PARAM_FAT",
      "Segments": [
        0,
        0,
        0,
        5.1,
        0
      ]
    },
    {
      "Target": "Parameter",
      "Id": "PARAM_HEIXIAN",
      "Segments": [
        0,
        0,
        0,
        5.1,
        0
      ]
    },
    {
      "Target": "Parameter",
      "Id": "PARAM_YINYING",
      "Segments": [
        0,
        0,
        0,
        5.1,
        0
      ]
    },
    {
      "Target": "Parameter",
      "Id": "PARAM_TANQI",
      "Segments": [
        0,
        0,
        0,
        5.1,
        0
      ]
    },
    {
      "Target": "Parameter",
      "Id": "PARAM_ZHAMAO",
      "Segments": [
        0,
        0,
        0,
        5.1,
        0
      ]
    },
    {
      "Target": "Parameter",
      "Id": "PARAM_RU_X",
      "Segments": [
        0,
        0,
        0,
        5.1,
        0
      ]
    },
    {
      "Target": "Parameter",
      "Id": "PARAM_RU_Y",
      "Segments": [
        0,
        0,
        0,
        5.1,
        0
      ]
    },
    {
      "Target": "Parameter",
      "Id": "PARAM_BREATH",
      "Segments": [
        0,
        0,
        0,
        5.1,
        0
      ]
    },
    {
      "Target": "Parameter",
      "Id": "PARAM_HAIR_FRONT",
      "Segments": [
        0,
        0,
        0,
        5.1,
        0
      ]
    },
    {
      "Target": "Parameter",
      "Id": "PARAM_HAIR_FROUT_2",
      "Segments": [
        0,
        0,
        0,
        5.1,
        0
      ]
    },
    {
      "Target": "Parameter",
      "Id": "PARAM_HAIR_FROUT_WAVE",
      "Segments": [
        0,
        0,
        0,
        5.1,
        0
      ]
    },
    {
      "Target": "Parameter",
      "Id": "PARAM_HAIR_SIDE_R",
      "Segments": [
        0,
        0,
        0,
        5.1,
        0
      ]
    },
    {
      "Target": "Parameter",
      "Id": "PARAM_HAIR_SIDE_R2",
      "Segments": [
        0,
        0,
        0,
        5.1,
        0
      ]
    },
    {
      "Target": "Parameter",
      "Id": "PARAM_HAIR_SIDE_WAVE",
      "Segments": [
        0,
        0,
        0,
        5.1,
        0
      ]
    },
    {
      "Target": "Parameter",
      "Id": "PARAM_HAIR_SIDE_R3",
      "Segments": [
        0,
        0,
        0,
        5.1,
        0
      ]
    },
    {
      "Target": "Parameter",
      "Id": "PARAM_HAIR_SIDE_L",
      "Segments": [
        0,
        0,
        0,
        5.1,
        0
      ]
    },
    {
      "Target": "Parameter",
      "Id": "PARAM_HAIR_SIDE_L3",
      "Segments": [
        0,
        0,
        0,
        5.1,
        0
      ]
    },
    {
      "Target": "Parameter",
      "Id": "PARAM_HAIR_BACK_WAVE",
      "Segments": [
        0,
        0,
        0,
        5.1,
        0
      ]
    },
    {
      "Target": "Parameter",
      "Id": "PARAM_XIANQUNZI_1",
      "Segments": [
        0,
        0,
        0,
        5.1,
        0
      ]
    },
    {
      "Target": "Parameter",
      "Id": "PARAM_XIANQUNZI_2",
      "Segments": [
        0,
        0,
        0,
        5.1,
        0
      ]
    },
    {
      "Target": "Parameter",
      "Id": "PARAM_YICENGQUN_YIDUAN_SHAKE",
      "Segments": [
        0,
        0,
        0,
        5.1,
        0
      ]
    },
    {
      "Target": "Parameter",
      "Id": "PARAM_PARAM_YICENGQUN_ERDUAN_SHAKE",
      "Segments": [
        0,
        0,
        0,
        5.1,
        0
      ]
    },
    {
      "Target": "Parameter",
      "Id": "PARAM_YICENGSHA_1DUAN_SHAKE",
      "Segments": [
        0,
        0,
        0,
        5.1,
        0
      ]
    },
    {
      "Target": "Parameter",
      "Id": "PARAM_YICESHA_2DUAN_SHAKE",
      "Segments": [
        0,
        0,
        0,
        5.1,
        0
      ]
    },
    {
      "Target": "Parameter",
      "Id": "PARAM_ERCENGSHA_1DUAN_SHAKE",
      "Segments": [
        0,
        0,
        0,
        5.1,
        0
      ]
    },
    {
      "Target": "Parameter",
      "Id": "PARAM_ERCENGSAHA_2DUAN_SHAKE",
      "Segments": [
        0,
        0,
        0,
        5.1,
        0
      ]
    }
  ],
  "UserData": []
}