{
  "Version": 3,
  "FileReferences": {
    "Moc": "724upd__l2d_371.u.moc3",
    "Textures": [
      "textures/texture_00.png"
    ],
    "Physics": "724upd__l2d_371.u.physics3.json",
    "Motions": {
      "Idle": [
        {
          "Name": "stand",
          "File": "motions/Mgirl10_stand.motion3.json",
          "MotionDuration": 3000,
          "Priority": 3,
          "Enabled": false
        },
        {
          "Name": "stand_a",
          "File": "motions/Mgirl10_stand_a.motion3.json",
          "Enabled": false
        },
        {
          "Name": "reshen",
          "File": "motions/Mgirl10_reshen.motion3.json",
          "Sound": "voice/631417465.ogg",
          "Enabled": false
        },
        {
          "Name": "jita",
          "File": "motions/Mgirl10_jita.motion3.json",
          "Sound": "voice/202100287.ogg",
          "Enabled": false
        }
      ],
      "Tapleft_hand": [
        {
          "File": "motions/Mgirl10_hengge.motion3.json",
          "Sound": "voice/108272852.ogg"
        },
        {
          "File": "motions/Mgirl10_hengge2.motion3.json",
          "Sound": "voice/108272852.ogg"
        }
      ],
      "Taphead": [
        {
          "File": "motions/Mgirl10_zeguai_a.motion3.json",
          "Priority": 4
        },
        {
          "Name": "motouweixiao_a.motion3.json",
          "File": "motions/Mgirl10_motouweixiao_a.motion3.json",
          "Priority": 3
        },
        {
          "Name": "motouxiao",
          "File": "motions/Mgirl10_motouxiao.motion3.json",
          "Priority": 3
        },
        {
          "File": "motions/Mgirl10_motouweixiao.motion3.json",
          "Priority": 3
        },
        {
          "File": "motions/Mgirl10_motouwushi_c.motion3.json"
        },
        {
          "File": "motions/Mgirl10_motouyihuo.motion3.json"
        },
        {
          "File": "motions/Mgirl10_motouyihuo_a.motion3.json"
        },
        {
          "Name": "jingya",
          "File": "motions/Mgirl10_jingya.motion3.json"
        }
      ],
      "Tapright_hand": [
        {
          "File": "motions/Mgirl10_hengge.motion3.json",
          "Sound": "voice/108272852.ogg"
        },
        {
          "File": "motions/Mgirl10_hengge2.motion3.json",
          "Sound": "voice/108272852.ogg"
        }
      ],
      "Tapleft_oppai": [
        {
          "Name": "haixiu",
          "File": "motions/Mgirl10_haixiu.motion3.json"
        },
        {
          "Name": "haixiu_a.motion3.json",
          "File": "motions/Mgirl10_haixiu_a.motion3.json"
        },
        {
          "File": "motions/Mgirl10_dianbanshou.motion3.json"
        }
      ],
      "Tapright_oppai": [
        {
          "Name": "stand_c",
          "File": "motions/Mgirl10_stand_c.motion3.json"
        },
        {
          "File": "motions/Mgirl10_jingya.motion3.json"
        },
        {
          "File": "motions/Mgirl10_jingxi_a.motion3.json"
        },
        {
          "File": "motions/Mgirl10_banshoucihou2.motion3.json"
        }
      ],
      "Tapskirt": [
        {
          "Name": "xianqunzi",
          "File": "motions/Mgirl10_xianqunzi.motion3.json",
          "Sound": "voice/988200358.ogg",
          "Priority": 4
        },
        {
          "Name": "zhamao_c",
          "File": "motions/Mgirl10_zhamao_c.motion3.json"
        },
        {
          "Name": "shengqi_c",
          "File": "motions/Mgirl10_shengqi_c.motion3.json"
        },
        {
          "Name": "banshoucihou",
          "File": "motions/Mgirl10_dianbanshou.motion3.json"
        },
        {
          "Name": "banshoucihou2",
          "File": "motions/Mgirl10_banshoucihou2.motion3.json"
        }
      ],
      "Taplip": [
        {
          "Name": "qiuqinqin_a",
          "File": "motions/Mgirl10_qiuqinqin_a.motion3.json"
        },
        {
          "Name": "qiuqinqin",
          "File": "motions/Mgirl10_qiuqinqin.motion3.json"
        },
        {
          "Name": "keai",
          "File": "motions/Mgirl10_keai.motion3.json"
        },
        {
          "Name": "haixiu",
          "File": "motions/Mgirl10_haixiu.motion3.json"
        }
      ],
      "Start": [
        {
          "Name": "ganxie",
          "File": "motions/Mgirl10_ganxie.motion3.json",
          "Sound": "voice/401411406.ogg"
        }
      ],
      "Shake": [
        {
          "File": "motions/Mgirl10_jingya.motion3.json"
        }
      ],
      "Tap": [
        {
          "File": "motions/Mgirl10_buchile.motion3.json"
        },
        {
          "File": "motions/Mgirl10_chijitui.motion3.json"
        },
        {
          "File": "motions/Mgirl10_chijitui_a.motion3.json"
        },
        {
          "File": "motions/Mgirl10_banshoucihou2.motion3.json"
        },
        {
          "File": "motions/Mgirl10_dianbanshou.motion3.json"
        },
        {
          "File": "motions/Mgirl10_dianbanshou_a.motion3.json"
        }
      ]
    }
  },
  "Controllers": {
    "ParamHit": {
      "Items": [
        {
          "Name": "skirt_1",
          "Id": "PARAM_XIANQUNZI_1",
          "HitArea": "skirt3",
          "Axis": 1,
          "Factor": -0.07,
          "Release": 300,
          "ReleaseType": 0,
          "EndMtn": "Tapskirt:xianqunzi"
        },
        {
          "Name": "skirt_2",
          "Id": "PARAM_XIANQUNZI_2",
          "HitArea": "skirt",
          "Axis": 1,
          "Factor": -0.07,
          "Release": 300,
          "ReleaseType": 1,
          "BeginMtn": "Tapleft_oppai:haixiu",
          "EndMtn": "Tapskirt:banshoucihou"
        },
        {
          "Name": "skirt_3",
          "Id": "PARAM_XIANQUNZI_1",
          "HitArea": "skirt",
          "Axis": 1,
          "Factor": -0.07,
          "ReleaseType": 0,
          "EndMtn": "Tapskirt:banshoucihou2"
        },
        {
          "Name": "head",
          "Id": "PARAM_ANGLE_Y",
          "HitArea": "head",
          "Axis": 1,
          "Factor": 0.1,
          "ReleaseType": 0,
          "Type": 1,
          "MinMtn": "Taphead:motouweixiao_a.motion3.json",
          "BeginMtn": "Taphead:motouxiao",
          "EndMtn": "Taphead:jingya"
        }
      ],
      "Enabled": true
    },
    "ParamLoop": {},
    "KeyTrigger": {
      "Items": [
        {
          "Input": 81,
          "DownMtn": "Taplip:qiuqinqin",
          "UpMtn": "Tapleft_oppai:haixiu"
        }
      ],
      "Enabled": true
    },
    "EyeBlink": {
      "MinInterval": 500,
      "MaxInterval": 6000,
      "Enabled": true
    },
    "LipSync": {
      "Gain": 5.0,
      "Enabled": true
    },
    "MouseTracking": {
      "SmoothTime": 0.15,
      "Enabled": true
    },
    "AutoBreath": {
      "Enabled": true
    },
    "ExtraMotion": {
      "Enabled": true
    },
    "Accelerometer": {
      "Enabled": true
    },
    "Microphone": {},
    "Transform": {},
    "FaceTracking": {
      "Enabled": true
    },
    "ParamValue": {},
    "PartOpacity": {},
    "ArtmeshOpacity": {},
    "ArtmeshColor": {},
    "ArtmeshCulling": {
      "DefaultMode": 0
    },
    "IntimacySystem": {}
  },
  "HitAreas": [
    {
      "Name": "head",
      "Id": "D_PSD2_139"
    },
    {
      "Name": "left_hand",
      "Id": "D_PSD2_15"
    },
    {
      "Name": "right_hand",
      "Id": "D_PSD_129"
    },
    {
      "Name": "left_oppai",
      "Id": "D_PSD2_21"
    },
    {
      "Name": "right_oppai",
      "Id": "D_PSD2_20"
    },
    {
      "Name": "skirt",
      "Id": "D_PSD_53"
    },
    {
      "Name": "lip",
      "Id": "D_PSD3_121"
    },
    {
      "Name": "skirt2",
      "Id": "D_PSD_54"
    },
    {
      "Name": "skirt3",
      "Id": "D_PSD_72"
    }
  ],
  "Options": {
    "ScaleFactor": 1.5,
    "AnisoLevel": 3
  }
}